https://www.youtube.com,Clean,
https://www.facebook.com,Clean,
https://www.baidu.com,Clean,
https://www.wikipedia.org,Clean,
https://www.reddit.com,Clean,
https://www.yahoo.com,Clean,
https://www.google.co.in,Clean,
https://www.qq.com,Clean,
https://www.amazon.com,Clean,
https://www.taobao.com,Clean,
https://www.twitter.com,Clean,
https://www.tmall.com,Clean,
https://www.google.co.jp,Clean,
https://www.vk.com,Clean,
https://www.live.com,Clean,
https://www.instagram.com,Clean,
https://www.sohu.com,Clean,
https://www.sina.com.cn,Clean,
https://www.jd.com,Clean,
https://www.weibo.com,Clean,
https://www.360.cn,Clean,
https://www.google.de,Clean,
https://www.google.co.uk,Clean,
https://www.google.com.br,Clean,
https://www.google.fr,Clean,
https://www.google.ru,Clean,
https://www.netflix.com,Clean,
https://www.yandex.ru,Clean,
https://www.list.tmall.com,Clean,
https://www.linkedin.com,Clean,
https://www.twitch.tv,Clean,
https://www.google.it,Clean,
https://www.t.co,Clean,
https://www.google.com.hk,Clean,
https://www.pornhub.com,Clean,
https://www.google.es,Clean,
https://www.alipay.com,Clean,
https://www.xvideos.com,Clean,
https://www.yahoo.co.jp,Clean,
https://www.google.ca,Clean,
https://www.ebay.com,Clean,
https://www.google.com.mx,Clean,
https://www.microsoft.com,Clean,
https://www.bing.com,Clean,
https://www.imgur.com,Clean,
https://www.ok.ru,Clean,
https://www.bongacams.com,Clean,
https://www.imdb.com,Clean,
https://www.aliexpress.com,Clean,
https://www.wikia.com,Clean,
https://www.hao123.com,Clean,
https://www.mail.ru,Clean,
https://www.office.com,Clean,
https://www.csdn.net,Clean,
https://www.tumblr.com,Clean,
https://www.msn.com,Clean,
https://www.wordpress.com,Clean,
https://www.google.com.au,Clean,
https://www.google.com.tr,Clean,
https://www.microsoftonline.com,Clean,
https://www.whatsapp.com,Clean,
https://www.github.com,Clean,
https://www.google.com.tw,Clean,
https://www.apple.com,Clean,
https://www.livejasmin.com,Clean,
https://www.amazon.co.jp,Clean,
https://www.blogspot.com,Clean,
https://www.google.pl,Clean,
https://www.popads.net,Clean,
https://www.paypal.com,Clean,
https://www.xhamster.com,Clean,
https://www.stackoverflow.com,Clean,
https://www.google.co.id,Clean,
https://www.detail.tmall.com,Clean,
https://www.pinterest.com,Clean,
https://www.diply.com,Clean,
https://www.coinmarketcap.com,Clean,
https://www.gmw.cn,Clean,
https://www.amazon.de,Clean,
https://www.soso.com,Clean,
https://www.google.com.ar,Clean,
https://www.so.com,Clean,
https://www.coccoc.com,Clean,
https://www.adobe.com,Clean,
https://www.amazon.in,Clean,
https://www.amazon.co.uk,Clean,
https://www.savefrom.net,Clean,
https://www.xnxx.com,Clean,
https://www.dropbox.com,Clean,
https://www.googleusercontent.com,Clean,
https://www.google.com.ua,Clean,
https://www.nicovideo.jp,Clean,
https://www.tianya.cn,Clean,
https://www.google.nl,Clean,
https://www.pixnet.net,Clean,
https://www.google.co.th,Clean,
https://www.google.com.pk,Clean,
https://www.tribunnews.com,Clean,
https://www.google.com.sa,Clean,
https://www.espn.com,Clean,
https://www.bbc.co.uk,Clean,
https://www.craigslist.org,Clean,
https://www.bbc.com,Clean,
https://www.google.com.eg,Clean,
https://www.booking.com,Clean,
https://www.soundcloud.com,Clean,
https://www.cnn.com,Clean,
https://www.nytimes.com,Clean,
https://www.chaturbate.com,Clean,
https://www.detik.com,Clean,
https://www.thestartmagazine.com,Clean,
https://www.txxx.com,Clean,
https://www.google.co.za,Clean,
https://www.google.co.ve,Clean,
https://www.naver.com,Clean,
https://www.hitcpm.com,Clean,
https://www.amazonaws.com,Clean,
https://www.onlinesbi.com,Clean,
https://www.exdynsrv.com,Clean,
https://www.ebay.de,Clean,
https://www.rakuten.co.jp,Clean,
https://www.binance.com,Clean,
https://www.roblox.com,Clean,
https://www.ask.com,Clean,
https://www.xinhuanet.com,Clean,
https://www.aparat.com,Clean,
https://www.openload.co,Clean,
https://www.iwanttodeliver.com,Clean,
https://www.spotify.com,Clean,
https://www.vimeo.com,Clean,
https://www.quora.com,Clean,
https://www.steamcommunity.com,Clean,
https://www.chase.com,Clean,
https://www.zhihu.com,Clean,
https://www.stackexchange.com,Clean,
https://www.discordapp.com,Clean,
https://www.softonic.com,Clean,
https://www.google.gr,Clean,
https://www.fbcdn.net,Clean,
https://www.google.com.ph,Clean,
https://www.mediafire.com,Clean,
https://www.dailymotion.com,Clean,
https://www.mozilla.org,Clean,
https://www.youth.cn,Clean,
https://www.theguardian.com,Clean,
https://www.google.se,Clean,
https://www.google.be,Clean,
https://www.ettoday.net,Clean,
https://www.google.co.ao,Clean,
https://www.salesforce.com,Clean,
https://www.google.com.sg,Clean,
https://www.flipkart.com,Clean,
https://www.ebay.co.uk,Clean,
https://www.vice.com,Clean,
https://www.nih.gov,Clean,
https://www.fc2.com,Clean,
https://www.google.az,Clean,
https://www.avito.ru,Clean,
https://www.douyu.com,Clean,
https://www.cnet.com,Clean,
https://www.blogger.com,Clean,
https://www.google.co.kr,Clean,
https://www.exosrv.com,Clean,
https://www.deviantart.com,Clean,
https://www.dailymail.co.uk,Clean,
https://www.4chan.org,Clean,
https://www.doubleclick.net,Clean,
https://www.alibaba.com,Clean,
https://www.providr.com,Clean,
https://www.globo.com,Clean,
https://www.steampowered.com,Clean,
https://www.mercadolivre.com.br,Clean,
https://www.indeed.com,Clean,
https://www.google.at,Clean,
https://www.twimg.com,Clean,
https://www.redd.it,Clean,
https://www.1688.com,Clean,
https://www.google.com.ng,Clean,
https://www.buzzfeed.com,Clean,
https://www.google.com.vn,Clean,
https://www.google.cn,Clean,
https://www.google.com.co,Clean,
https://www.etsy.com,Clean,
https://www.cloudfront.net,Clean,
https://www.blastingnews.com,Clean,
https://www.login.tmall.com,Clean,
https://www.force.com,Clean,
https://www.onlinevideoconverter.com,Clean,
https://www.amazon.fr,Clean,
https://www.washingtonpost.com,Clean,
https://www.pinimg.com,Clean,
https://www.china.com.cn,Clean,
https://www.messenger.com,Clean,
https://www.tokopedia.com,Clean,
https://www.mama.cn,Clean,
https://www.google.cz,Clean,
https://www.coinbase.com,Clean,
https://www.china.com,Clean,
https://www.sogou.com,Clean,
https://www.google.ro,Clean,
https://www.exoclick.com,Clean,
https://www.walmart.com,Clean,
https://www.yelp.com,Clean,
https://www.babytree.com,Clean,
https://www.amazon.it,Clean,
https://www.google.ch,Clean,
https://www.wikihow.com,Clean,
https://www.google.no,Clean,
https://www.w3schools.com,Clean,
https://www.uol.com.br,Clean,
https://www.spankbang.com,Clean,
https://www.google.pt,Clean,
https://www.pages.tmall.com,Clean,
https://www.godaddy.com,Clean,
https://www.slideshare.net,Clean,
https://www.redtube.com,Clean,
https://www.metropcs.mobi,Clean,
https://www.speakol.com,Clean,
https://www.kompas.com,Clean,
https://www.google.ae,Clean,
https://www.gearbest.com,Clean,
https://www.google.com.pe,Clean,
https://www.google.cl,Clean,
https://www.mega.nz,Clean,
https://www.bankofamerica.com,Clean,
https://www.ladbible.com,Clean,
https://www.bet9ja.com,Clean,
https://www.wellsfargo.com,Clean,
https://www.spotscenered.info,Clean,
https://www.eastday.com,Clean,
https://www.nextoptim.com,Clean,
https://www.youporn.com,Clean,
https://www.gfycat.com,Clean,
https://www.weather.com,Clean,
https://www.hulu.com,Clean,
https://www.onoticioso.com,Clean,
https://www.bilibili.com,Clean,
https://www.speedtest.net,Clean,
https://www.ikea.com,Clean,
https://www.bp.blogspot.com,Clean,
https://www.slack.com,Clean,
https://www.bukalapak.com,Clean,
https://www.caijing.com.cn,Clean,
https://www.yts.am,Clean,
https://www.google.ie,Clean,
https://www.newstrend.news,Clean,
https://www.abs-cbn.com,Clean,
https://www.forbes.com,Clean,
https://www.people.com.cn,Clean,
https://www.indiatimes.com,Clean,
https://www.amazon.es,Clean,
https://www.9gag.com,Clean,
https://www.google.dk,Clean,
https://www.upornia.com,Clean,
https://www.kinopoisk.ru,Clean,
https://www.huanqiu.com,Clean,
https://www.youm7.com,Clean,
https://www.medium.com,Clean,
https://www.zillow.com,Clean,
https://www.tripadvisor.com,Clean,
https://www.gamepedia.com,Clean,
https://www.scribd.com,Clean,
https://www.breitbart.com,Clean,
https://www.wikimedia.org,Clean,
https://www.dkn.tv,Clean,
https://www.rambler.ru,Clean,
https://www.bittrex.com,Clean,
https://www.sabah.com.tr,Clean,
https://www.ebay-kleinanzeigen.de,Clean,
https://www.foxnews.com,Clean,
https://www.codeonclick.com,Clean,
https://www.trello.com,Clean,
https://www.hclips.com,Clean,
https://www.wetransfer.com,Clean,
https://www.intuit.com,Clean,
https://www.google.dz,Clean,
https://www.livejournal.com,Clean,
https://www.liputan6.com,Clean,
https://www.google.fi,Clean,
https://www.google.hu,Clean,
https://www.leboncoin.fr,Clean,
https://www.genius.com,Clean,
https://www.bestbuy.com,Clean,
https://www.telegram.org,Clean,
https://www.files.wordpress.com,Clean,
https://www.archive.org,Clean,
https://www.aliyun.com,Clean,
https://www.mmoframes.com,Clean,
https://www.amazon.cn,Clean,
https://www.amazon.ca,Clean,
https://www.huffingtonpost.com,Clean,
https://www.google.co.il,Clean,
https://www.researchgate.net,Clean,
https://www.gmx.net,Clean,
https://www.ltn.com.tw,Clean,
https://www.popcash.net,Clean,
https://www.aol.com,Clean,
https://www.irctc.co.in,Clean,
https://www.allegro.pl,Clean,
https://www.h8vzwpv.com,Clean,
https://www.goodreads.com,Clean,
https://www.shutterstock.com,Clean,
https://www.thesaurus.com,Clean,
https://www.zippyshare.com,Clean,
https://www.nownews.com,Clean,
https://www.ameblo.jp,Clean,
https://www.web.de,Clean,
https://www.udemy.com,Clean,
https://www.cnblogs.com,Clean,
https://www.google.sk,Clean,
https://www.bitauto.com,Clean,
https://www.sberbank.ru,Clean,
https://www.digikala.com,Clean,
https://www.battle.net,Clean,
https://www.duckduckgo.com,Clean,
https://www.rutracker.org,Clean,
https://www.rumble.com,Clean,
https://www.airbnb.com,Clean,
https://www.gamefaqs.com,Clean,
https://www.businessinsider.com,Clean,
https://www.ign.com,Clean,
https://www.xfinity.com,Clean,
https://www.daum.net,Clean,
https://www.velocecdn.com,Clean,
https://www.freepik.com,Clean,
https://www.higheurest.com,Clean,
https://www.outbrain.com,Clean,
https://www.rednet.cn,Clean,
https://www.setn.com,Clean,
https://www.cricbuzz.com,Clean,
https://www.livedoor.jp,Clean,
https://www.myway.com,Clean,
https://www.ci123.com,Clean,
https://www.hola.com,Clean,
https://www.ouo.io,Clean,
https://www.google.kz,Clean,
https://www.sourceforge.net,Clean,
https://www.canva.com,Clean,
https://www.youdao.com,Clean,
https://www.reverso.net,Clean,
https://www.hp.com,Clean,
https://www.accuweather.com,Clean,
https://www.wordreference.com,Clean,
https://www.usps.com,Clean,
https://www.varzesh3.com,Clean,
https://www.orange.fr,Clean,
https://www.haber7.com,Clean,
https://www.sciencedirect.com,Clean,
https://www.subject.tmall.com,Clean,
https://www.flickr.com,Clean,
https://www.skype.com,Clean,
https://www.zendesk.com,Clean,
https://www.iqiyi.com,Clean,
https://www.livedoor.com,Clean,
https://www.userapi.com,Clean,
https://www.weebly.com,Clean,
https://www.icloud.com,Clean,
https://www.target.com,Clean,
https://www.ntd.tv,Clean,
https://www.ndtv.com,Clean,
https://www.momoshop.com.tw,Clean,
https://www.feedly.com,Clean,
https://www.asos.com,Clean,
https://www.instructure.com,Clean,
https://www.doublepimp.com,Clean,
https://www.siteadvisor.com,Clean,
https://www.rt.com,Clean,
https://www.adf.ly,Clean,
https://www.olx.ua,Clean,
https://www.ouedkniss.com,Clean,
https://www.espncricinfo.com,Clean,
https://www.banvenez.com,Clean,
https://www.mailchimp.com,Clean,
https://www.rottentomatoes.com,Clean,
https://www.utorrent.com,Clean,
https://www.uptodown.com,Clean,
https://www.kaskus.co.id,Clean,
https://www.office365.com,Clean,
https://www.ups.com,Clean,
https://www.line.me,Clean,
https://www.americanexpress.com,Clean,
https://www.capitalone.com,Clean,
https://www.mercadolibre.com.ar,Clean,
https://www.iqoption.com,Clean,
https://www.blogspot.com.br,Clean,
https://www.subscene.com,Clean,
https://www.onet.pl,Clean,
https://www.163.com,Clean,
https://www.banggood.com,Clean,
https://www.uzone.id,Clean,
https://www.samsung.com,Clean,
https://www.ensonhaber.com,Clean,
https://www.go.com,Clean,
https://www.wish.com,Clean,
https://www.google.com.kw,Clean,
https://www.perfecttoolmedia.com,Clean,
https://www.wp.pl,Clean,
https://www.wittyfeed.com,Clean,
https://www.playstation.com,Clean,
https://www.hdfcbank.com,Clean,
https://www.patreon.com,Clean,
https://www.gismeteo.ru,Clean,
https://www.eskimi.com,Clean,
https://www.oracle.com,Clean,
https://www.dell.com,Clean,
https://www.glassdoor.com,Clean,
https://www.t-online.de,Clean,
https://www.theverge.com,Clean,
https://www.giphy.com,Clean,
https://www.slickdeals.net,Clean,
https://www.friv.com,Clean,
https://www.sabq.org,Clean,
https://www.myanimelist.net,Clean,
https://www.buzzadnetwork.com,Clean,
https://www.seasonvar.ru,Clean,
https://www.vtv.vn,Clean,
https://www.doublepimpssl.com,Clean,
https://www.tradingview.com,Clean,
https://www.blpmovies.com,Clean,
https://www.ultimate-guitar.com,Clean,
https://www.beeg.com,Clean,
https://www.pipeschannels.com,Clean,
https://www.taleo.net,Clean,
https://www.homedepot.com,Clean,
https://www.mercadolibre.com.mx,Clean,
https://www.free.fr,Clean,
https://www.telegraph.co.uk,Clean,
https://www.elpais.com,Clean,
https://www.google.co.nz,Clean,
https://www.behance.net,Clean,
https://www.wix.com,Clean,
https://www.blackboard.com,Clean,
https://www.fedex.com,Clean,
https://www.okdiario.com,Clean,
https://www.pixabay.com,Clean,
https://www.dmm.co.jp,Clean,
https://www.yadi.sk,Clean,
https://www.usatoday.com,Clean,
https://www.ebay.com.au,Clean,
https://www.bloomberg.com,Clean,
https://www.uidai.gov.in,Clean,
https://www.google.lk,Clean,
https://www.taboola.com,Clean,
https://www.seznam.cz,Clean,
https://www.marca.com,Clean,
https://www.taringa.net,Clean,
https://www.informationvine.com,Clean,
https://www.crunchyroll.com,Clean,
https://www.kapanlagi.com,Clean,
https://www.wordpress.org,Clean,
https://www.mi.com,Clean,
https://www.media.tumblr.com,Clean,
https://www.google.bg,Clean,
https://www.merdeka.com,Clean,
https://www.independent.co.uk,Clean,
https://www.flvto.biz,Clean,
https://www.fiverr.com,Clean,
https://www.rediff.com,Clean,
https://www.alicdn.com,Clean,
https://www.patch.com,Clean,
https://www.repubblica.it,Clean,
https://www.17ok.com,Clean,
https://www.ajkzd9h.com,Clean,
https://www.bldaily.com,Clean,
https://www.atlassian.net,Clean,
https://www.ebay.it,Clean,
https://www.onedio.com,Clean,
https://www.kooora.com,Clean,
https://www.evernote.com,Clean,
https://www.gizmodo.com,Clean,
https://www.billdesk.com,Clean,
https://www.spiegel.de,Clean,
https://www.hotstar.com,Clean,
https://www.asus.com,Clean,
https://www.digitaldsp.com,Clean,
https://www.dictionary.com,Clean,
https://www.pikabu.ru,Clean,
https://www.k618.cn,Clean,
https://www.jrj.com.cn,Clean,
https://www.discogs.com,Clean,
https://www.citi.com,Clean,
https://www.adp.com,Clean,
https://www.thepennyhoarder.com,Clean,
https://www.nextlnk1.com,Clean,
https://www.wowhead.com,Clean,
https://www.wiktionary.org,Clean,
https://www.ytimg.com,Clean,
https://www.thebalance.com,Clean,
https://www.box.com,Clean,
https://www.primevideo.com,Clean,
https://www.oload.stream,Clean,
https://www.nike.com,Clean,
https://www.newegg.com,Clean,
https://www.naver.jp,Clean,
https://www.albawabhnews.com,Clean,
https://www.webmd.com,Clean,
https://www.appledaily.com,Clean,
https://www.google.by,Clean,
https://www.olx.pl,Clean,
https://www.convert2mp3.net,Clean,
https://www.goo.ne.jp,Clean,
https://www.cambridge.org,Clean,
https://www.manoramaonline.com,Clean,
https://www.zoho.com,Clean,
https://www.biobiochile.cl,Clean,
https://www.ptt.cc,Clean,
https://www.xda-developers.com,Clean,
https://www.lifedaily.com,Clean,
https://www.leagueoflegends.com,Clean,
https://www.bles.com,Clean,
https://www.chip.de,Clean,
https://www.libero.it,Clean,
https://www.ibm.com,Clean,
https://www.brilio.net,Clean,
https://www.fidelity.com,Clean,
https://www.51sole.com,Clean,
https://www.suning.com,Clean,
https://www.okta.com,Clean,
https://www.nfl.com,Clean,
https://www.t.me,Clean,
https://www.pandora.com,Clean,
https://www.cnbc.com,Clean,
https://www.hdzog.com,Clean,
https://www.mit.edu,Clean,
https://www.icicibank.com,Clean,
https://www.list-manage.com,Clean,
https://www.jawabkom.com,Clean,
https://www.nba.com,Clean,
https://www.patria.org.ve,Clean,
https://www.rolloid.net,Clean,
https://www.ria.ru,Clean,
https://www.urbandictionary.com,Clean,
https://www.wsj.com,Clean,
https://www.sex.com,Clean,
https://www.sahibinden.com,Clean,
https://www.wixsite.com,Clean,
https://www.lazada.co.id,Clean,
https://www.themeforest.net,Clean,
https://www.blog.jp,Clean,
https://www.springer.com,Clean,
https://www.vporn.com,Clean,
https://www.cryptopia.co.nz,Clean,
https://www.shaparak.ir,Clean,
https://www.bandcamp.com,Clean,
https://www.upwork.com,Clean,
https://www.kinogo.cc,Clean,
https://www.google.com.do,Clean,
https://www.sindonews.com,Clean,
https://www.naukri.com,Clean,
https://www.poloniex.com,Clean,
https://www.jianshu.com,Clean,
https://www.namnak.com,Clean,
https://www.gdax.com,Clean,
https://www.google.com.ly,Clean,
https://www.shopify.com,Clean,
https://www.addthis.com,Clean,
https://www.idntimes.com,Clean,
https://www.primosearch.com,Clean,
https://www.shiltirs.com,Clean,
https://www.drom.ru,Clean,
https://www.wattpad.com,Clean,
https://www.linkshrink.net,Clean,
https://www.filehippo.com,Clean,
https://www.tube8.com,Clean,
https://www.google.com.mm,Clean,
https://www.theepochtimes.com,Clean,
https://www.wiley.com,Clean,
https://www.ck101.com,Clean,
https://www.hubspot.com,Clean,
https://www.hm.com,Clean,
https://www.investing.com,Clean,
https://www.lifehacker.com,Clean,
https://www.weblio.jp,Clean,
https://www.piet2eix3l.com,Clean,
https://www.investopedia.com,Clean,
https://www.bild.de,Clean,
https://www.humblebundle.com,Clean,
https://www.lapatilla.com,Clean,
https://www.hurriyet.com.tr,Clean,
https://www.baike.com,Clean,
https://www.elfagr.com,Clean,
https://www.ieee.org,Clean,
https://www.engadget.com,Clean,
https://www.souq.com,Clean,
https://www.fromdoctopdf.com,Clean,
https://www.umblr.com,Clean,
https://www.gyazo.com,Clean,
https://www.livescore.com,Clean,
https://www.bet365.com,Clean,
https://www.emol.com,Clean,
https://www.wunderground.com,Clean,
https://www.pantip.com,Clean,
https://www.xe.com,Clean,
https://www.4shared.com,Clean,
https://www.goal.com,Clean,
https://www.google.rs,Clean,
https://www.vidio.com,Clean,
https://www.moneycontrol.com,Clean,
https://www.inquirer.net,Clean,
https://www.addroplet.com,Clean,
https://www.paytm.com,Clean,
https://www.groupon.com,Clean,
https://www.stockstar.com,Clean,
https://www.express.co.uk,Clean,
https://www.fwbntw.com,Clean,
https://www.telewebion.com,Clean,
https://www.java.com,Clean,
https://www.grid.id,Clean,
https://www.debate.com.mx,Clean,
https://www.wp.com,Clean,
https://www.animeflv.net,Clean,
https://www.att.com,Clean,
https://www.torrentz2.eu,Clean,
https://www.nmisr.com,Clean,
https://www.cnzz.com,Clean,
https://www.olx.com.br,Clean,
https://www.reuters.com,Clean,
https://www.voc.com.cn,Clean,
https://www.adhoc2.net,Clean,
https://www.kumparan.com,Clean,
https://www.squarespace.com,Clean,
https://www.blogspot.com.es,Clean,
https://www.xx1.me,Clean,
https://www.chinadaily.com.cn,Clean,
https://www.coursera.org,Clean,
https://www.nur.kz,Clean,
https://www.reallifecam.com,Clean,
https://www.nocookie.net,Clean,
https://www.drive2.ru,Clean,
https://www.as.com,Clean,
https://www.sarkariresult.com,Clean,
https://www.dmm.com,Clean,
https://www.cdiscount.com,Clean,
https://www.zoom.us,Clean,
https://www.nextlnk2.com,Clean,
https://www.epochtimes.com,Clean,
https://www.caliente.mx,Clean,
https://www.comcast.net,Clean,
https://www.hatena.ne.jp,Clean,
https://www.rutube.ru,Clean,
https://www.bleacherreport.com,Clean,
https://www.digitalprivacyalert.org,Clean,
https://www.tutorialspoint.com,Clean,
https://www.ebc.net.tw,Clean,
https://www.uploaded.net,Clean,
https://www.elmundo.es,Clean,
https://www.getpocket.com,Clean,
https://www.kissasian.ch,Clean,
https://www.npr.org,Clean,
https://www.intel.com,Clean,
https://www.japanpost.jp,Clean,
https://www.expedia.com,Clean,
https://www.gsmarena.com,Clean,
https://www.givemesport.com,Clean,
https://www.jsmentry.com,Clean,
https://www.gogoanime.io,Clean,
https://www.gamer.com.tw,Clean,
https://www.epicgames.com,Clean,
https://www.zhanqi.tv,Clean,
https://www.y8.com,Clean,
https://www.mercadolibre.com.ve,Clean,
https://www.intactoffers.club,Clean,
https://www.bitmedianetwork.com,Clean,
https://www.beytoote.com,Clean,
https://www.lifewire.com,Clean,
https://www.thefreedictionary.com,Clean,
https://www.hotels.com,Clean,
https://www.discover.com,Clean,
https://www.quizlet.com,Clean,
https://www.thehill.com,Clean,
https://www.op.gg,Clean,
https://www.uptobox.com,Clean,
https://www.asana.com,Clean,
https://www.macys.com,Clean,
https://www.lenta.ru,Clean,
https://www.kizlarsoruyor.com,Clean,
https://www.mysearch.com,Clean,
https://www.videodownloadconverter.com,Clean,
https://www.yandex.ua,Clean,
https://www.academia.edu,Clean,
https://www.hashflare.io,Clean,
https://www.kickstarter.com,Clean,
https://www.knowyourmeme.com,Clean,
https://www.surveymonkey.com,Clean,
https://www.nordstrom.com,Clean,
https://www.qingdaonews.com,Clean,
https://www.prothomalo.com,Clean,
https://www.zone-telechargement1.com,Clean,
https://www.blogspot.mx,Clean,
https://www.thesun.co.uk,Clean,
https://www.eyny.com,Clean,
https://www.gmarket.co.kr,Clean,
https://www.ivi.ru,Clean,
https://www.gamespot.com,Clean,
https://www.southwest.com,Clean,
https://www.eanswers.com,Clean,
https://www.torrent9.bz,Clean,
https://www.etherscan.io,Clean,
https://www.verizonwireless.com,Clean,
https://www.lenovo.com,Clean,
https://www.khanacademy.org,Clean,
https://www.rapidgator.net,Clean,
https://www.bancodevenezuela.com,Clean,
https://www.mellowads.com,Clean,
https://www.doorblog.jp,Clean,
https://www.ca.gov,Clean,
https://www.timeanddate.com,Clean,
https://www.www.gov.uk,Clean,
https://www.zapmeta.ws,Clean,
https://www.tistory.com,Clean,
https://www.interia.pl,Clean,
https://www.google.com.ec,Clean,
https://www.nypost.com,Clean,
https://www.drudgereport.com,Clean,
https://www.myfreecams.com,Clean,
https://www.pchome.com.tw,Clean,
https://www.infusionsoft.com,Clean,
https://www.hespress.com,Clean,
https://www.bitcointalk.org,Clean,
https://www.disqus.com,Clean,
https://www.corriere.it,Clean,
https://www.conservativetribune.com,Clean,
https://www.offergold.online,Clean,
https://www.kijiji.ca,Clean,
https://www.cqnews.net,Clean,
https://www.premierleague.com,Clean,
https://www.kucoin.com,Clean,
https://www.yenisafak.com,Clean,
https://www.jw.org,Clean,
https://www.norton.com,Clean,
https://www.blueseek.com,Clean,
https://www.adexchangecloud.com,Clean,
https://www.google.tn,Clean,
https://www.techcrunch.com,Clean,
https://www.lemonde.fr,Clean,
https://www.divar.ir,Clean,
https://www.dailycaller.com,Clean,
https://www.artstation.com,Clean,
https://www.autodesk.com,Clean,
https://www.fbsbx.com,Clean,
https://www.104.com.tw,Clean,
https://www.mobafire.com,Clean,
https://www.cdstm.cn,Clean,
https://www.hatenablog.com,Clean,
https://www.zara.com,Clean,
https://www.vnexpress.net,Clean,
https://www.coingecko.com,Clean,
https://www.milliyet.com.tr,Clean,
https://www.39.net,Clean,
https://www.yaplakal.com,Clean,
https://www.eventbrite.com,Clean,
https://www.rbc.ru,Clean,
https://www.elmogaz.com,Clean,
https://www.flirt4free.com,Clean,
https://www.1and1.com,Clean,
https://www.ecosia.org,Clean,
https://www.google.com.my,Clean,
https://www.eksisozluk.com,Clean,
https://www.tomshardware.com,Clean,
https://www.sportbible.com,Clean,
https://www.techradar.com,Clean,
https://www.cinecalidad.to,Clean,
https://www.stanford.edu,Clean,
https://www.ccm.net,Clean,
https://www.allrecipes.com,Clean,
https://www.wtoip.com,Clean,
https://www.google.lt,Clean,
https://www.douban.com,Clean,
https://www.namasha.com,Clean,
https://www.time.com,Clean,
https://www.ebay.fr,Clean,
https://www.deviantart.net,Clean,
https://www.duolingo.com,Clean,
https://www.motherless.com,Clean,
https://www.chinaz.com,Clean,
https://www.subito.it,Clean,
https://www.python.org,Clean,
https://www.google.tm,Clean,
https://www.lolsided.com,Clean,
https://www.mirror.co.uk,Clean,
https://www.tomsguide.com,Clean,
https://www.okcupid.com,Clean,
https://www.webex.com,Clean,
https://www.lefigaro.fr,Clean,
https://www.merriam-webster.com,Clean,
https://www.ask.fm,Clean,
https://www.ssl-images-amazon.com,Clean,
https://www.steemit.com,Clean,
https://www.youjizz.com,Clean,
https://www.grammarly.com,Clean,
https://www.mobile01.com,Clean,
https://www.badoo.com,Clean,
https://www.goo.gl,Clean,
https://www.realtor.com,Clean,
https://www.nhk.or.jp,Clean,
https://www.videoyoum7.com,Clean,
https://www.cryptocompare.com,Clean,
https://www.tvbs.com.tw,Clean,
https://www.ruten.com.tw,Clean,
https://www.google.com.gt,Clean,
https://www.4pda.ru,Clean,
https://www.bhphotovideo.com,Clean,
https://www.58.com,Clean,
https://www.jeuxvideo.com,Clean,
https://www.okezone.com,Clean,
https://www.allocine.fr,Clean,
https://www.putlockers.fm,Clean,
https://www.kayak.com,Clean,
https://www.usnews.com,Clean,
https://www.sonyliv.com,Clean,
https://www.banesconline.com,Clean,
https://www.cam4.com,Clean,
https://www.elbalad.news,Clean,
https://www.urdupoint.com,Clean,
https://www.pinterest.co.uk,Clean,
https://www.metropoles.com,Clean,
https://www.healthline.com,Clean,
https://www.fanfiction.net,Clean,
https://www.smallpdf.com,Clean,
https://www.udn.com,Clean,
https://www.prezi.com,Clean,
https://www.zaful.com,Clean,
https://www.gstatic.com,Clean,
https://www.mobile.de,Clean,
https://www.theatlantic.com,Clean,
https://www.irs.gov,Clean,
https://www.tabelog.com,Clean,
https://www.caixa.gov.br,Clean,
https://www.mathrubhumi.com,Clean,
https://www.cbssports.com,Clean,
https://www.yy08037.com,Clean,
https://www.costco.com,Clean,
https://www.discuss.com.hk,Clean,
https://www.gotporn.com,Clean,
https://www.chron.com,Clean,
https://www.lazada.com.my,Clean,
https://www.europa.eu,Clean,
https://www.5ch.net,Clean,
https://www.calcch.com,Clean,
https://www.blogfa.com,Clean,
https://www.socialblade.com,Clean,
https://www.gazetaexpress.com,Clean,
https://www.segmentfault.com,Clean,
https://www.cbsnews.com,Clean,
https://www.cisco.com,Clean,
https://www.xtube.com,Clean,
https://www.myanmarload.com,Clean,
https://www.namu.wiki,Clean,
https://www.kotaku.com,Clean,
https://www.nametests.com,Clean,
https://www.bodybuilding.com,Clean,
https://www.myfitnesspal.com,Clean,
https://www.ea.com,Clean,
https://www.google.si,Clean,
https://www.alodokter.com,Clean,
https://www.zing.vn,Clean,
https://www.freejobalert.com,Clean,
https://www.worldoftanks.ru,Clean,
https://www.skysports.com,Clean,
https://www.boredpanda.com,Clean,
https://www.latimes.com,Clean,
https://www.liveinternet.ru,Clean,
https://www.labanquepostale.fr,Clean,
https://www.gosuslugi.ru,Clean,
https://www.yandex.kz,Clean,
https://www.google.iq,Clean,
https://www.chess.com,Clean,
https://www.jiameng.com,Clean,
https://www.hawaaworld.com,Clean,
https://www.meetup.com,Clean,
https://www.protect-your-privacy.net,Clean,
https://www.americanas.com.br,Clean,
https://www.instructables.com,Clean,
https://www.xbox.com,Clean,
https://www.jimdo.com,Clean,
https://www.commentcamarche.net,Clean,
https://www.dream.co.id,Clean,
https://www.yy08047.com,Clean,
https://www.azlyrics.com,Clean,
https://www.google.com.af,Clean,
https://www.superuser.com,Clean,
https://www.harvard.edu,Clean,
https://www.agoda.com,Clean,
https://www.chatwork.com,Clean,
https://www.epwk.com,Clean,
https://www.trustpilot.com,Clean,
https://www.17track.net,Clean,
https://www.coindesk.com,Clean,
https://www.ninisite.com,Clean,
https://www.news.com.au,Clean,
https://www.delta.com,Clean,
https://www.lazada.co.th,Clean,
https://www.nature.com,Clean,
https://www.td.com,Clean,
https://www.chaoshi.tmall.com,Clean,
https://www.selectedvideos.club,Clean,
https://www.cimaclub.com,Clean,
https://www.indiamart.com,Clean,
https://www.kraken.com,Clean,
https://www.blibli.com,Clean,
https://www.lowes.com,Clean,
https://www.secureserver.net,Clean,
https://www.ticketmaster.com,Clean,
https://www.hicpm5.com,Clean,
https://www.avast.com,Clean,
https://www.voot.com,Clean,
https://www.android.com,Clean,
https://www.mileroticos.com,Clean,
https://www.nbcnews.com,Clean,
https://www.sputniknews.com,Clean,
https://www.myntra.com,Clean,
https://www.lazada.com.ph,Clean,
https://www.buyma.com,Clean,
https://www.worldstarhiphop.com,Clean,
https://www.avg.com,Clean,
https://www.issuu.com,Clean,
https://www.sinoptik.ua,Clean,
https://www.donga.com,Clean,
https://www.bookmyshow.com,Clean,
https://www.turbobit.net,Clean,
https://www.mercari.com,Clean,
https://www.impress.co.jp,Clean,
https://www.blockchain.info,Clean,
https://www.mp3teca.com,Clean,
https://www.dianping.com,Clean,
https://www.egy.best,Clean,
https://www.hitbtc.com,Clean,
https://www.usaa.com,Clean,
https://www.vseigru.net,Clean,
https://www.elsevier.com,Clean,
https://www.kakao.com,Clean,
https://www.wayfair.com,Clean,
https://www.imagetwist.com,Clean,
https://www.familydoctor.com.cn,Clean,
https://www.westernjournal.com,Clean,
https://www.dafont.com,Clean,
https://www.meb.gov.tr,Clean,
https://www.livestrong.com,Clean,
https://www.tempo.co,Clean,
https://www.bitly.com,Clean,
https://www.sapo.pt,Clean,
https://www.nikkei.com,Clean,
https://www.cbc.ca,Clean,
https://www.searchtuner.com,Clean,
https://www.pcgamer.com,Clean,
https://www.howtogeek.com,Clean,
https://www.prnt.sc,Clean,
https://www.food.tmall.com,Clean,
https://www.shink.me,Clean,
https://www.polygon.com,Clean,
https://www.mathworks.com,Clean,
https://www.pornpics.com,Clean,
https://www.psu.edu,Clean,
https://www.hamariweb.com,Clean,
https://www.ebay.in,Clean,
https://www.streamable.com,Clean,
https://www.plex.tv,Clean,
https://www.1tv.ru,Clean,
https://www.bitbucket.org,Clean,
https://www.internetdownloadmanager.com,Clean,
https://www.idnes.cz,Clean,
https://www.focus.de,Clean,
https://www.makemytrip.com,Clean,
https://www.arxiv.org,Clean,
https://www.v2ex.com,Clean,
https://www.es.goldenmap.com/Margo,Clean,
https://www.es.goldenmap.com/Meili,Clean,
https://www.es.goldenmap.com/Panama_Music,Clean,
https://www.es.goldenmap.com/Piche,Clean,
https://www.es.goldenmap.com/Playoffs_NBA_1976,Clean,
https://www.es.goldenmap.com/Teletoon,Clean,
https://www.es.goldenmap.com/Tennessee_Ernie_Ford,Clean,
https://www.es.houstonisd.org/burbankes/,Clean,
https://www.es.linkedin.com/in/marccaron,Clean,
https://www.es.photography-now.com/suche.php?q=all,Clean,
https://www.es.scoresway.com/?sport=tennis&page=tour&id=7,Clean,
https://www.es.scribd.com/doc/15490909/Programming-Excel-with-VBA-and-NET,Clean,
https://www.es.thefreedictionary.com/Browse-char,Clean,
https://www.es.viarail.ca/tickets/en_hora_intr.html,Clean,
https://www.es4.jameskama.com/,Clean,
https://www.esask.uregina.ca/entry/bronfman_family.html,Clean,
https://www.esask.uregina.ca/entry/dunning_charles_avery_1885-1958.html,Clean,
https://www.esask.uregina.ca/entry/haultain_frederick_1857-1942.html,Clean,
https://www.esask.uregina.ca/entry/office_and_professional_employees_international_union_opeiu__cope.html,Clean,
https://www.esask.uregina.ca/entry/trans-canada_highway.html,Clean,
https://www.esbjazzradio.ning.com/,Clean,
https://www.escape2slovenia.com/,Clean,
https://www.eschungary.hu/lista/lista_mind.xhtml,Clean,
https://www.esciencenews.com/dictionary/jocelyn,Clean,
https://www.escort-ireland.com/,Clean,
https://www.escort-service.dapeem.com/Black-Diamond-WA.html,Clean,
https://www.escort-service.dapeem.com/Uniontown-PA.html,Clean,
https://www.escrima.blogspot.com/2006/05/old-school-jkd-reunion.html,Clean,
https://www.eserver.org/clogic/2002/young.html,Clean,
https://www.eserver.org/fiction/scott-misc-prose-6.txt,Clean,
https://www.eserver.org/fiction/scott-misc-prose-8.txt,Clean,
https://www.eserver.org/fiction/scott-misc-prose-8.txt%20,Clean,
https://www.eserver.org/fiction/the-talisman.txt,Clean,
https://www.eshopse.blogspot.com/,Clean,
https://www.eskimisir.com/,Clean,
https://www.eskistudio.com/projects/lastral/,Clean,
https://www.esl.about.com/,Clean,
https://www.eslevy17.hubpages.com/hub/CIBC-Online-Banking,Clean,
https://www.eslkid.com/,Clean,
https://www.esmeowl12.hubpages.com/hub/Panama-City-Florida-A-Family-Friendly-Vacation-Part-1,Clean,
https://www.esmerine.tumblr.com/post/12869034230/trail,Clean,
https://www.esmerine.tumblr.com/post/12869551899/michael-pitt-eva-green,Clean,
https://www.eso.mmosite.com/content/fashionshow_arcticfox_boy.shtml,Clean,
https://www.eso.perfectworld.com/news/?p=37241,Clean,
https://www.esp.georgesvanier.com/,Clean,
https://www.espace-industriel-a-louer.com/space_saint_laurent.php,Clean,
https://www.espanimation.com/,Clean,
https://www.espanol-andando.blogspot.com/,Clean,
https://www.espanol-andando.com/,Clean,
https://www.espanol.clasificadoschicago.univision.com/Groups/divorce-support-groups-fail-counseling-doesnt-work-for-codependency-meet-up-group-divorce/5022341,Clean,
https://www.esperanceesperanza.wordpress.com/,Clean,
https://www.esperanceesperanza.wordpress.com/category/uncategorized/,Clean,
https://www.espn.go.com/abcsports/mnf/s/1995.html,Clean,
https://www.espn.go.com/action/athlete/_/id/457/dennis-mccoy,Clean,
https://www.espn.go.com/action/athlete/_/id/49174/sean-malto,Clean,
https://www.espn.go.com/action/athlete/_/id/60410/liam-doran,Clean,
https://www.espn.go.com/action/bmx/blog/_/post/6791347/dennis-mccoy-x-games-17-old-gun,Clean,
https://www.espn.go.com/action/freeskiing/blog/_/post/5596273/if3-cannes-ski-world?campaign=rss&source=unknown,Clean,
https://www.espn.go.com/action/freeskiing/story/_/id/6974525/winners-announced-international-freeski-film-festival,Clean,
https://www.espn.go.com/action/skateboarding/blog/_/post/7152020/steve-nesser-talks-adeline,Clean,
https://www.espn.go.com/action/skateboarding/streetleague/2011/story/_/page/2011-street-league-championship/sean-malto-wins-2011-street-league-championship-newark-new-jersey,Clean,
https://www.espn.go.com/action/xgames/summer/2010/news/story?page=x-games-16-broadcaster-bios,Clean,
https://www.espn.go.com/action/xgames/summer/2010/news/story?page=x-games-16-downtown-la,Clean,
https://www.espn.go.com/afl/,Clean,
https://www.espn.go.com/blog/acc/tag/_/name/alonzo-tweedy,Clean,
https://www.espn.go.com/blog/acc/tag/_/name/dominique-tate,Clean,
https://www.espn.go.com/blog/afceast/category/_/name/buffalo-bills,Clean,
https://www.espn.go.com/blog/afceast/category/_/name/miami-dolphins,Clean,
https://www.espn.go.com/blog/afceast/category/_/name/new-york-jets,Clean,
https://www.espn.go.com/blog/afceast/post/_/id/10373/video-marlin-briscoe-made-history-at-qb,Clean,
https://www.espn.go.com/blog/afceast/tag/_/name/marlin-briscoe,Clean,
https://www.espn.go.com/blog/afcnorth/category/_/name/cincinnati-bengals,Clean,
https://www.espn.go.com/blog/afcnorth/post/_/id/24109/browns-wont-hire-offensive-coordinator,Clean,
https://www.espn.go.com/blog/afcnorth/tag/_/name/cincinnati-bengals,Clean,
https://www.espn.go.com/blog/afcsouth/category/_/name/houston-texans,Clean,
https://www.espn.go.com/blog/afcsouth/category/_/name/jacksonville-jaguars,Clean,
https://www.espn.go.com/blog/afcsouth/category/_/name/tennessee-titans,Clean,
https://www.espn.go.com/blog/afcwest/category/_/name/denver-broncos,Clean,
https://www.espn.go.com/blog/afcwest/category/_/name/kansas-city-chiefs,Clean,
https://www.espn.go.com/blog/afcwest/category/_/name/oakland-raiders,Clean,
https://www.espn.go.com/blog/afcwest/category/_/name/san-diego-chargers,Clean,
https://www.espn.go.com/blog/afcwest/post/_/id/31584/san-diego-chargers-cutdown-analysis,Clean,
https://www.espn.go.com/blog/afcwest/post/_/id/31590/kansas-city-chiefs-cutdown-analysis-2,Clean,
https://www.espn.go.com/blog/afcwest/post/_/id/33555/moving-on-oakland-raiders-19,Clean,
https://www.espn.go.com/blog/big12/post/_/id/32871/big-12-bowl-projections-week-1,Clean,
https://www.espn.go.com/blog/big12/post/_/id/35628/big-12-bowl-projections-week-6,Clean,
https://www.espn.go.com/blog/big12/post/_/id/7735/what-to-watch-for-in-big-12-championship-game,Clean,
https://www.espn.go.com/blog/big12/tag/_/name/09-big-12-title-game-coverage,Clean,
https://www.espn.go.com/blog/big12/tag/_/name/ben-sherrard,Clean,
https://www.espn.go.com/blog/big12/tag/_/name/jeff-fitzgerald,Clean,
https://www.espn.go.com/blog/big12/tag/_/name/trey-franks,Clean,
https://www.espn.go.com/blog/bigeast/post/_/id/25187/big-east-championship-game-yes-or-no,Clean,
https://www.espn.go.com/blog/bigeast/tag/_/name/jeff-linkenbach,Clean,
https://www.espn.go.com/blog/bigeast/tag/_/name/jeff-mullen,Clean,
https://www.espn.go.com/blog/bigten/category/_/name/michigan-state-spartans/count/106,Clean,
https://www.espn.go.com/blog/bigten/category/_/name/nebraska-cornhuskers,Clean,
https://www.espn.go.com/blog/bigten/post/_/id/26811/big-ten-looks-at-more-pay-for-athletes,Clean,
https://www.espn.go.com/blog/bigten/post/_/id/28486/iowa-star-chuck-long-reflects-on-career,Clean,
https://www.espn.go.com/blog/bigten/post/_/id/36066/no-word-on-possible-gholston-discipline,Clean,
https://www.espn.go.com/blog/bigten/post/_/id/37239/how-we-voted-in-the-power-rankings,Clean,
https://www.espn.go.com/blog/bigten/tag/_/name/adam-patterson,Clean,
https://www.espn.go.com/blog/bigten/tag/_/name/dorian-bell,Clean,
https://www.espn.go.com/blog/bigten/tag/_/name/gary-moeller,Clean,
https://www.espn.go.com/blog/bigten/tag/_/name/renaldo-sagesse,Clean,
https://www.espn.go.com/blog/boston/celtics/tag/_/name/paul-pierce,Clean,
https://www.espn.go.com/blog/boston/high-school/category/_/name/ice-hockey,Clean,
https://www.espn.go.com/blog/boston/high-school/tag/_/name/liam-coughlin,Clean,
https://www.espn.go.com/blog/boston/new-england-revolution,Clean,
https://www.espn.go.com/blog/boston/new-england-revolution/post/_/id/1154/rapid-reaction-revs-2-toronto-fc-2,Clean,
https://www.espn.go.com/blog/boston/new-england-revolution/post/_/id/633/revs-waive-defender-sinovic,Clean,
https://www.espn.go.com/blog/boston/new-england-revolution/post/_/id/905/revs-gear-up-for-seasons-biggest-challenge,Clean,
https://www.espn.go.com/blog/boston/red-sox/post/_/id/6169/lars-anderson-unplugged,Clean,
https://www.espn.go.com/blog/boston/red-sox/tag/_/name/john-farrell,Clean,
https://www.espn.go.com/blog/chicago/bears/category/_/name/2011-regular-season,Clean,
https://www.espn.go.com/blog/chicago/bears/tag/_/name/kevin-shaffer,Clean,
https://www.espn.go.com/blog/chicago/blackhawks/tag/_/name/corey-crawford,Clean,
https://www.espn.go.com/blog/chicago/blackhawks/tag/_/name/stan-bowman,Clean,
https://www.espn.go.com/blog/chicago/fire,Clean,
https://www.espn.go.com/blog/chicago/fire/category/_/name/2011-regular-season,Clean,
https://www.espn.go.com/blog/chicago/fire/post/_/id/1915/fire-aim-for-6th-open-cup-final-appearance,Clean,
https://www.espn.go.com/blog/chicago/fire/tag/_/name/calen-carr,Clean,
https://www.espn.go.com/blog/chicago/fire/tag/_/name/lamar-hunt-u-s-open-cup,Clean,
https://www.espn.go.com/blog/chicago/white-sox/tag/_/name/national-collegiate-basketball-hall-of-fame,Clean,
https://www.espn.go.com/blog/collegebasketballnation/index/_/count/16,Clean,
https://www.espn.go.com/blog/collegebasketballnation/post/_/id/14128/isiah-thomas-glaring-conflict-of-interest,Clean,
https://www.espn.go.com/blog/collegebasketballnation/post/_/id/16113/jamie-dixons-alternative-recruiting-plan,Clean,
https://www.espn.go.com/blog/collegebasketballnation/post/_/id/29711/video-walker-fredette-visit-jimmy-kimmel,Clean,
https://www.espn.go.com/blog/collegebasketballnation/post/_/id/31035/greg-foster-gets-degree-17-years-later,Clean,
https://www.espn.go.com/blog/collegebasketballnation/post/_/id/33112/marshon-brooks-is-really-marshon-brooks,Clean,
https://www.espn.go.com/blog/collegebasketballnation/post/_/id/35598/maurice-creek-still-recovering-from-injury,Clean,
https://www.espn.go.com/blog/collegebasketballnation/post/_/id/37228/video-scott-drew-on-familys-health-issues,Clean,
https://www.espn.go.com/blog/collegebasketballnation/post/_/id/5789/todays-big-12-tournament-games,Clean,
https://www.espn.go.com/blog/collegebasketballnation/tag/_/name/2010-big-east-tournament,Clean,
https://www.espn.go.com/blog/collegebasketballnation/tag/_/name/2010-ncaa-oklahoma-city,Clean,
https://www.espn.go.com/blog/collegebasketballnation/tag/_/name/arizona-wildcats,Clean,
https://www.espn.go.com/blog/collegebasketballnation/tag/_/name/gonzaga-bulldogs,Clean,
https://www.espn.go.com/blog/collegebasketballnation/tag/_/name/jamie-dixon,Clean,
https://www.espn.go.com/blog/collegebasketballnation/tag/_/name/john-calipari,Clean,
https://www.espn.go.com/blog/collegebasketballnation/tag/_/name/john-jenkins,Clean,
https://www.espn.go.com/blog/collegebasketballnation/tag/_/name/kemba-walker,Clean,
https://www.espn.go.com/blog/collegebasketballnation/tag/_/name/north-carolina-tar-heels,Clean,
https://www.espn.go.com/blog/collegebasketballnation/tag/_/name/olek-czyz,Clean,
https://www.espn.go.com/blog/collegebasketballnation/tag/_/name/rob-lowery,Clean,
https://www.espn.go.com/blog/collegebasketballnation/tag/_/name/steve-alford,Clean,
https://www.espn.go.com/blog/collegebasketballnation/tag/_/name/tennessee-volunteers,Clean,
https://www.espn.go.com/blog/collegebasketballnation/tag/_/name/terrell-holloway,Clean,
https://www.espn.go.com/blog/collegebasketballnation/tag/_/name/texas-am-aggies,Clean,
https://www.espn.go.com/blog/collegebasketballnation/tag/_/name/unlv-runnin-rebels,Clean,
https://www.espn.go.com/blog/collegebasketballnation/tag/_/name/wisconsin-badgers,Clean,
https://www.espn.go.com/blog/dallas/mavericks/post/_/id/4665463/is-caron-butler-best-mavs-can-do,Clean,
https://www.espn.go.com/blog/dallas/soccer/post/_/id/10540/2010-mls-cup-preview-fc-dallas-vs-colorado-rapids,Clean,
https://www.espn.go.com/blog/dallas/soccer/post/_/id/10654/cowboys-stadium-to-host-concacaf-gold-cup-opener,Clean,
https://www.espn.go.com/blog/dallas/soccer/post/_/id/10703/mls-ads-more-players-to-combine-makes-superdraft-change,Clean,
https://www.espn.go.com/blog/dallas/soccer/post/_/id/10737/fc-dallas-2011-mls-superdraft-picks-breakdown-and-analysis,Clean,
https://www.espn.go.com/blog/dallas/soccer/post/_/id/11502/match-day-info-colorado-rapids-at-fc-dallas,Clean,
https://www.espn.go.com/blog/dallas/soccer/post/_/id/13160/fc-dallas-lands-jack-stewart-on-loan-from-minnesota-stars,Clean,
https://www.espn.go.com/blog/dallas/soccer/post/_/id/13815/talking-tactics-vancouver-whitecaps-at-fc-dallas,Clean,
https://www.espn.go.com/blog/dallas/soccer/tag/_/name/concacaf-gold-cup,Clean,
https://www.espn.go.com/blog/dallas/soccer/tag/_/name/montreal-impact,Clean,
https://www.espn.go.com/blog/dallas/soccer/tag/_/name/sporting-kansas-city,Clean,
https://www.espn.go.com/blog/dallas/soccer/tag/_/name/toronto-fc,Clean,
https://www.espn.go.com/blog/dallas/soccer/tag/_/name/vancouver-whitecaps,Clean,
https://www.espn.go.com/blog/dallas/stars/category/_/name/goalie,Clean,
https://www.espn.go.com/blog/dallas/stars/post/_/id/10020/prospect-update-alex-chiasson,Clean,
https://www.espn.go.com/blog/dallas/stars/post/_/id/12031/stars-hope-depth-will-help-with-grind-of-long-season,Clean,
https://www.espn.go.com/blog/dallas/stars/post/_/id/4282/dallas-stars-2010-11-roster,Clean,
https://www.espn.go.com/blog/dallas/stars/tag/_/name/alex-chiasson,Clean,
https://www.espn.go.com/blog/dallas/stars/tag/_/name/free-agency,Clean,
https://www.espn.go.com/blog/dallas/stars/tag/_/name/scott-oke,Clean,
https://www.espn.go.com/blog/dallas/texas-rangers/post/_/id/4849718/steve-busby-on-galloway-company,Clean,
https://www.espn.go.com/blog/dallas/texas-rangers/post/_/id/4859228/brandon-webb-feeling-good-but-wont-rush,Clean,
https://www.espn.go.com/blog/dallas/texas-rangers/post/_/id/4873712/rangers-bbtn-gary-pettis,Clean,
https://www.espn.go.com/blog/dallas/texas-rangers/tag/_/name/chuck-greenberg,Clean,
https://www.espn.go.com/blog/dallas/texas-rangers/tag/_/name/steve-busby,Clean,
https://www.espn.go.com/blog/high-school/boys-soccer/post/_/id/644/sounders-midfielder-commits-to-denver,Clean,
https://www.espn.go.com/blog/los-angeles/dodger-thoughts/post/_/id/10525/omissions,Clean,
https://www.espn.go.com/blog/los-angeles/dodger-thoughts/post/_/id/9292/glenn-burke-story-aims-to-strike-out-intolerance,Clean,
https://www.espn.go.com/blog/los-angeles/dodger-thoughts/tag/_/name/andy-ashby,Clean,
https://www.espn.go.com/blog/los-angeles/hockey/tag/_/name/joel-perrault,Clean,
https://www.espn.go.com/blog/los-angeles/lakers/tag/_/name/brian-shaw,Clean,
https://www.espn.go.com/blog/los-angeles/preps/post/_/id/4607/la-north-cif-girls-volleyball-playoffs,Clean,
https://www.espn.go.com/blog/los-angeles/preps/tag/_/name/bellarmine-jefferson,Clean,
https://www.espn.go.com/blog/los-angeles/soccer/post/_/id/11503/galaxy-is-keanes-season-finished,Clean,
https://www.espn.go.com/blog/los-angeles/soccer/post/_/id/11886/galaxy-shield-nah-its-a-new-season,Clean,
https://www.espn.go.com/blog/los-angeles/soccer/post/_/id/4007/mls-playoffs-galaxy-at-seattle-sounders,Clean,
https://www.espn.go.com/blog/los-angeles/soccer/tag/_/name/calen-carr,Clean,
https://www.espn.go.com/blog/los-angeles/soccer/tag/_/name/chante-sandiford,Clean,
https://www.espn.go.com/blog/los-angeles/soccer/tag/_/name/concacaf-gold-cup,Clean,
https://www.espn.go.com/blog/los-angeles/soccer/tag/_/name/fifa-u-20-world-cup,Clean,
https://www.espn.go.com/blog/los-angeles/soccer/tag/_/name/portland-timbers,Clean,
https://www.espn.go.com/blog/los-angeles/soccer/tag/_/name/san-jose-earthquakes,Clean,
https://www.espn.go.com/blog/los-angeles/soccer/tag/_/name/shawna-gordon,Clean,
https://www.espn.go.com/blog/mma/post/_/id/5494/good-faces-costa-in-bellator-welter-qualifier,Clean,
https://www.espn.go.com/blog/mma/tag/_/name/kenny-florian,Clean,
https://www.espn.go.com/blog/mma/tag/_/name/miguel-torres,Clean,
https://www.espn.go.com/blog/ncfnation,Clean,
https://www.espn.go.com/blog/ncfnation/category/_/name/iowa-hawkeyes,Clean,
https://www.espn.go.com/blog/ncfnation/category/_/name/kansas-state-wildcats,Clean,
https://www.espn.go.com/blog/ncfnation/category/_/name/san-diego-state-aztecs,Clean,
https://www.espn.go.com/blog/ncfnation/post/_/id/45102/mizzous-franklin-took-unusual-route-to-qb,Clean,
https://www.espn.go.com/blog/ncfnation/tag/_/name/dominique-franks,Clean,
https://www.espn.go.com/blog/ncfnation/tag/_/name/eric-berry,Clean,
https://www.espn.go.com/blog/ncfnation/tag/_/name/gary-moeller,Clean,
https://www.espn.go.com/blog/ncfnation/tag/_/name/iowa-state-cyclones,Clean,
https://www.espn.go.com/blog/ncfnation/tag/_/name/jeff-mullen,Clean,
https://www.espn.go.com/blog/ncfnation/tag/_/name/lane-kiffin,Clean,
https://www.espn.go.com/blog/ncfnation/tag/_/name/lavon-brazill,Clean,
https://www.espn.go.com/blog/ncfnation/tag/_/name/sam-proctor,Clean,
https://www.espn.go.com/blog/new-york/giants/post/_/id/8440/notebook-a-look-back-at-49ers-loss,Clean,
https://www.espn.go.com/blog/new-york/knicks/post/_/id/5111/jerome-jordan-the-next-antonio-davis,Clean,
https://www.espn.go.com/blog/new-york/mets/tag/_/name/jon-niese,Clean,
https://www.espn.go.com/blog/new-york/mets/tag/_/name/montreal-expos,Clean,
https://www.espn.go.com/blog/nfceast/tag/_/name/kevin-kolb,Clean,
https://www.espn.go.com/blog/nfcsouth/tag/_/name/greg-hardy,Clean,
https://www.espn.go.com/blog/nfcwest/category/_/name/st-louis-rams,Clean,
https://www.espn.go.com/blog/nfcwest/post/_/id/39504/take-a-bow-justin-smith-bradley-fletcher,Clean,
https://www.espn.go.com/blog/nfcwest/post/_/id/39591/stan-kroenke-the-rams-and-los-angeles,Clean,
https://www.espn.go.com/blog/nfcwest/post/_/id/48406/brandon-lloyd-where-he-would-fit,Clean,
https://www.espn.go.com/blog/nfcwest/post/_/id/49663/luckwatch-bradford-trade-considerations,Clean,
https://www.espn.go.com/blog/nfcwest/tag/_/name/brandon-lloyd,Clean,
https://www.espn.go.com/blog/nfcwest/tag/_/name/steve-deberg,Clean,
https://www.espn.go.com/blog/nflnation/category/_/name/cincinnati-bengals,Clean,
https://www.espn.go.com/blog/nflnation/category/_/name/kansas-city-chiefs,Clean,
https://www.espn.go.com/blog/nflnation/tag/_/name/bart-starr,Clean,
https://www.espn.go.com/blog/nflnation/tag/_/name/carson-palmer,Clean,
https://www.espn.go.com/blog/nflnation/tag/_/name/charlie-frye,Clean,
https://www.espn.go.com/blog/nflnation/tag/_/name/corey-peters,Clean,
https://www.espn.go.com/blog/nflnation/tag/_/name/dhani-jones,Clean,
https://www.espn.go.com/blog/nflnation/tag/_/name/ed-johnson,Clean,
https://www.espn.go.com/blog/nflnation/tag/_/name/j-j-watt,Clean,
https://www.espn.go.com/blog/nflnation/tag/_/name/jack-pardee,Clean,
https://www.espn.go.com/blog/nflnation/tag/_/name/jacob-green,Clean,
https://www.espn.go.com/blog/nflnation/tag/_/name/jeff-george,Clean,
https://www.espn.go.com/blog/nflnation/tag/_/name/matt-bryant,Clean,
https://www.espn.go.com/blog/nflnation/tag/_/name/monday-night-live,Clean,
https://www.espn.go.com/blog/nhl,Clean,
https://www.espn.go.com/blog/nhl/category/_/name/montreal-canadiens,Clean,
https://www.espn.go.com/blog/nhl/post/_/id/3592/weekend-wrap-teams-going-overseas-cloustons-future-sharks-coaching,Clean,
https://www.espn.go.com/blog/nhl/post/_/id/8515/2011-stanley-cup-finals-schedule,Clean,
https://www.espn.go.com/blog/nhl/post/_/id/9275/daniel-sedin-a-punching-back-for-marchand,Clean,
https://www.espn.go.com/blog/nhl/post/_/id/9758/photos-2011-nhl-entry-draft,Clean,
https://www.espn.go.com/blog/nhl/tag/_/name/2011-nhl-entry-draft,Clean,
https://www.espn.go.com/blog/nhl/tag/_/name/2011-nhl-playoffs,Clean,
https://www.espn.go.com/blog/pac12/category/_/name/washington-state-cougars,Clean,
https://www.espn.go.com/blog/pac12/tag/_/name/eric-whitaker,Clean,
https://www.espn.go.com/blog/pac12/tag/_/name/ryan-kalil,Clean,
https://www.espn.go.com/blog/sec/post/_/id/29273/kicking-it-with-auburns-jeffrey-whitaker,Clean,
https://www.espn.go.com/blog/sec/tag/_/name/dre-kirkpatrick,Clean,
https://www.espn.go.com/blog/sportscenter/post/_/id/58823/trojan-fallout,Clean,
https://www.espn.go.com/blog/statsinfo/tag/_/name/pittsburgh-steelers,Clean,
https://www.espn.go.com/blog/sweetspot,Clean,
https://www.espn.go.com/blog/sweetspot/category/_/name/kansas-city-royals,Clean,
https://www.espn.go.com/blog/sweetspot/post/_/id/15114/an-excuse-to-mention-the-1994-expos,Clean,
https://www.espn.go.com/blog/sweetspot/tag/_/name/john-mayberry-jr,Clean,
https://www.espn.go.com/blog/sweetspot/tag/_/name/kansas-city-royals,Clean,
https://www.espn.go.com/blog/sweetspot/tag/_/name/trevor-plouffe,Clean,
https://www.espn.go.com/blog/truehoop/category/_/name/2011-playoffs,Clean,
https://www.espn.go.com/blog/truehoop/category/_/name/chris-broussard-contributors,Clean,
https://www.espn.go.com/blog/truehoop/post/_/id/16060/greg-oden-a-big-man-making-small-steps,Clean,
https://www.espn.go.com/blog/truehoop/post/_/id/19970/would-you-deal-joakim-noah-for-carmelo-anthony,Clean,
https://www.espn.go.com/blog/truehoop/post/_/id/20749/the-unkept-promise-of-greg-oden,Clean,
https://www.espn.go.com/blog/truehoop/post/_/id/23950/carmelo-anthony-superstar,Clean,
https://www.espn.go.com/blog/truehoop/post/_/id/32415/pointing-two-fingers,Clean,
https://www.espn.go.com/blog/truehoop/tag/_/name/drew-gooden,Clean,
https://www.espn.go.com/boston/ncf/story/_/id/6962450/boston-college-offensive-coordinator-kevin-rogers-takes-leave,Clean,
https://www.espn.go.com/boston/nhl/story/_/id/7206188/boston-bruins-daniel-paille-see-specialist-puck-face,Clean,
https://www.espn.go.com/boston/nhl/story/_/id/7210300/boston-bruins-gm-says-surgery-daniel-paille-puck-face,Clean,
https://www.espn.go.com/boxing/story/_/id/6781130/andre-ward-carl-froch-super-six-final-set-atlantic-city,Clean,
https://www.espn.go.com/boxing/story/_/id/6871260/super-middleweights-glen-johnson-lucian-bute-fight-canada,Clean,
https://www.espn.go.com/boxing/story/_/id/6936136/arturo-gatti-was-not-pressured-sign-new-witness-says-civil-trial,Clean,
https://www.espn.go.com/classic/s/Stengelese.html,Clean,
https://www.espn.go.com/classic/s/add_Feller_Bob.html,Clean,
https://www.espn.go.com/college-football/player/_/id/134271/obed-cetoute,Clean,
https://www.espn.go.com/college-football/player/_/id/148325/yonus-davis,Clean,
https://www.espn.go.com/college-football/player/_/id/158535/tony-temple,Clean,
https://www.espn.go.com/college-football/player/_/id/239016/justin-white,Clean,
https://www.espn.go.com/college-football/player/_/id/498740/jeff-mathews,Clean,
https://www.espn.go.com/college-football/player/_/id/501915/kenny-stills,Clean,
https://www.espn.go.com/college-football/players,Clean,
https://www.espn.go.com/college-football/players/_/position/wr,Clean,
https://www.espn.go.com/college-football/preview11/story/_/id/6873813/college-football-2011-preview-oklahoma-sooners-embracing-role-bcs-favorite,Clean,
https://www.espn.go.com/college-football/story/_/id/6833448/oklahoma-sooners-no-1-preseason-coaches-poll,Clean,
https://www.espn.go.com/college-football/team/_/id/142/missouri-tigers,Clean,
https://www.espn.go.com/college-football/team/_/id/201/oklahoma-sooners,Clean,
https://www.espn.go.com/college-football/team/_/id/2294/iowa-hawkeyes,Clean,
https://www.espn.go.com/college-football/team/_/id/2305/kansas-jayhawks,Clean,
https://www.espn.go.com/college-football/team/_/id/2306/kansas-state-wildcats,Clean,
https://www.espn.go.com/college-football/team/_/id/2641/texas-tech-red-raiders,Clean,
https://www.espn.go.com/college-football/team/_/id/66/iowa-state-cyclones,Clean,
https://www.espn.go.com/college-football/team/_/id/96/kentucky-wildcats,Clean,
https://www.espn.go.com/college-football/team/roster/_/id/142/missouri-tigers,Clean,
https://www.espn.go.com/college-football/team/roster/_/id/21/san-diego-state-aztecs,Clean,
https://www.espn.go.com/college-football/team/roster/_/id/2294/iowa-hawkeyes,Clean,
https://www.espn.go.com/college-football/team/roster/_/id/2305/kansas-jayhawks,Clean,
https://www.espn.go.com/college-football/team/roster/_/id/2306/kansas-state-wildcats,Clean,
https://www.espn.go.com/college-football/team/roster/_/id/66/iowa-state-cyclones,Clean,
https://www.espn.go.com/college-football/team/schedule/_/id/142/missouri-tigers,Clean,
https://www.espn.go.com/college-football/team/schedule/_/id/158/nebraska-cornhuskers,Clean,
https://www.espn.go.com/college-football/team/schedule/_/id/201/oklahoma-sooners,Clean,
https://www.espn.go.com/college-football/team/schedule/_/id/2305/kansas-jayhawks,Clean,
https://www.espn.go.com/college-football/team/schedule/_/id/2306/kansas-state-wildcats,Clean,
https://www.espn.go.com/college-football/team/schedule/_/id/50/florida-rattlers,Clean,
https://www.espn.go.com/college-football/team/schedule/_/id/66/iowa-state-cyclones,Clean,
https://www.espn.go.com/college-football/team/stadium/_/id/2306/kansas-state-wildcats,Clean,
https://www.espn.go.com/college-football/team/stadium/_/id/275/wisconsin-badgers,Clean,
https://www.espn.go.com/college-football/team/stats/_/id/142/missouri-tigers,Clean,
https://www.espn.go.com/college-football/team/stats/_/id/158/nebraska-cornhuskers,Clean,
https://www.espn.go.com/college-football/team/stats/_/id/201/oklahoma-sooners,Clean,
https://www.espn.go.com/college-football/team/stats/_/id/2305/kansas-jayhawks,Clean,
https://www.espn.go.com/college-football/team/stats/_/id/50/florida-rattlers,Clean,
https://www.espn.go.com/college-football/team/stats/_/id/66/iowa-state-cyclones,Clean,
https://www.espn.go.com/college-sports/football/recruiting/player/_/id/105679/keith-byars-ii,Clean,
https://www.espn.go.com/college-sports/football/recruiting/player/_/id/111028/joe-manley,Clean,
https://www.espn.go.com/college-sports/football/recruiting/school/_/id/41/class/2012/page/considering,Clean,
https://www.espn.go.com/dallas/ncb/story/_/id/7129064/baylor-coach-scott-drew-comments-parents-fighting-cancer,Clean,
https://www.espn.go.com/espn/blog/index/_/name/Neyer_Rob,Clean,
https://www.espn.go.com/espn/blogs,Clean,
https://www.espn.go.com/espn/commentary/story/_/id/6769586/government-flubs-roger-clemens-perjury-case,Clean,
https://www.espn.go.com/espn/commentary/story/_/page/hill-111018/time-start-talking-undefeated-season-green-bay-packers,Clean,
https://www.espn.go.com/espn/page2/index?id=6047835,Clean,
https://www.espn.go.com/espn/page2/index?id=6560047,Clean,
https://www.espn.go.com/espn/thelife/sweatspot/?athlete=valiquette&giftCount=3,Clean,
https://www.espn.go.com/espnradio/affPopup?s=whb-am,Clean,
https://www.espn.go.com/espnradio/grantland/player?id=7030361,Clean,
https://www.espn.go.com/espnradio/play?s=whb-am,Clean,
https://www.espn.go.com/espnradio/player?station=espn,Clean,
https://www.espn.go.com/espnradio/show?showId=theherd,Clean,
https://www.espn.go.com/espnw/athletes-life/7098475/freak-nature,Clean,
https://www.espn.go.com/espnw/news-opinion/6557486/renel-brooks-moon-san-francisco-giants-announcer-bay-area-fixture,Clean,
https://www.espn.go.com/espnw/news-opinion/6913194/us-open-coco-vandeweghe-rides-new-coach-nba-dna-second-round,Clean,
https://www.espn.go.com/free-online-games/sports/action/epic,Clean,
https://www.espn.go.com/free-online-games/sports/action/motorcycle2,Clean,
https://www.espn.go.com/golf/player/_/id/347/tom-pernice-jr,Clean,
https://www.espn.go.com/golf/player/results/_/id/347/tom-pernice-jr,Clean,
https://www.espn.go.com/golf/player/results/_/id/450/brian-watts,Clean,
https://www.espn.go.com/golf/topics/_/page/the-ryder-cup,Clean,
https://www.espn.go.com/high-school/boys-soccer/honors/story/_/id/7105877/class-2013-51-100,Clean,
https://www.espn.go.com/high-school/girls-basketball/recruiting/player/_/id/63081/jennifer-oneill,Clean,
https://www.espn.go.com/high-school/girls-basketball/recruiting/player/news/_/id/103982/layana-white,Clean,
https://www.espn.go.com/horse-racing/story/_/id/7107246/mad-flatter-holds-mambo-meister-again-spend-buck,Clean,
https://www.espn.go.com/horse/columns/abramowitz_roberto/1362137.html,Clean,
https://www.espn.go.com/livenow/ufc113/,Clean,
https://www.espn.go.com/los-angeles/nfl/story/_/id/6851797/group-wants-put-los-angeles-back-rams,Clean,
https://www.espn.go.com/magazine/vol5no03rush.html,Clean,
https://www.espn.go.com/magazine/vol5no20fogarty.html,Clean,
https://www.espn.go.com/mens-college-basketball/,Clean,
https://www.espn.go.com/mens-college-basketball/blog/_/name/katz_andy/id/5057613,Clean,
https://www.espn.go.com/mens-college-basketball/blog/_/name/katz_andy/id/7022364,Clean,
https://www.espn.go.com/mens-college-basketball/player/_/id/10927/jeff-graves,Clean,
https://www.espn.go.com/mens-college-basketball/player/_/id/27310/travis-walton,Clean,
https://www.espn.go.com/mens-college-basketball/player/_/id/2789/marcus-moore,Clean,
https://www.espn.go.com/mens-college-basketball/player/_/id/30305/jeff-foote,Clean,
https://www.espn.go.com/mens-college-basketball/player/_/id/3742/ruben-douglas,Clean,
https://www.espn.go.com/mens-college-basketball/player/_/id/41523/kris-joseph,Clean,
https://www.espn.go.com/mens-college-basketball/player/_/id/6064/juan-mendez,Clean,
https://www.espn.go.com/mens-college-basketball/recruiting/player/_/id/143215/tajai-johnson,Clean,
https://www.espn.go.com/mens-college-basketball/story/_/id/7116408/former-uconn-ad-jeff-hathaway-named-big-east-consultant-commissioner,Clean,
https://www.espn.go.com/mens-college-basketball/team/_/id/127/michigan-state-spartans,Clean,
https://www.espn.go.com/mens-college-basketball/team/_/id/142/missouri-tigers,Clean,
https://www.espn.go.com/mens-college-basketball/team/_/id/150/duke-blue-devils,Clean,
https://www.espn.go.com/mens-college-basketball/team/_/id/183/syracuse-orange,Clean,
https://www.espn.go.com/mens-college-basketball/team/_/id/2065/bethune-cookman-wildcats,Clean,
https://www.espn.go.com/mens-college-basketball/team/_/id/221/pittsburgh-panthers,Clean,
https://www.espn.go.com/mens-college-basketball/team/_/id/2305/kansas-jayhawks,Clean,
https://www.espn.go.com/mens-college-basketball/team/_/id/2306/kansas-state-wildcats,Clean,
https://www.espn.go.com/mens-college-basketball/team/_/id/235/memphis-tigers,Clean,
https://www.espn.go.com/mens-college-basketball/team/_/id/2350/loyola-il-ramblers,Clean,
https://www.espn.go.com/mens-college-basketball/team/_/id/2351/loyola-marymount-lions,Clean,
https://www.espn.go.com/mens-college-basketball/team/_/id/239/baylor-bears,Clean,
https://www.espn.go.com/mens-college-basketball/team/_/id/2439/unlv-rebels,Clean,
https://www.espn.go.com/mens-college-basketball/team/_/id/245/texas-aggies,Clean,
https://www.espn.go.com/mens-college-basketball/team/_/id/2473/oakland-golden-grizzlies,Clean,
https://www.espn.go.com/mens-college-basketball/team/_/id/251/texas-longhorns,Clean,
https://www.espn.go.com/mens-college-basketball/team/_/id/257/richmond-spiders,Clean,
https://www.espn.go.com/mens-college-basketball/team/_/id/2724/wichita-state-shockers,Clean,
https://www.espn.go.com/mens-college-basketball/team/_/id/38/colorado-buffaloes,Clean,
https://www.espn.go.com/mens-college-basketball/team/_/id/46/georgetown-hoyas,Clean,
https://www.espn.go.com/mens-college-basketball/team/_/id/66/iowa-state-cyclones,Clean,
https://www.espn.go.com/mens-college-basketball/team/roster/_/id/195/ohio-bobcats,Clean,
https://www.espn.go.com/mens-college-basketball/team/roster/_/id/2641/texas-tech-red-raiders,Clean,
https://www.espn.go.com/mens-college-basketball/team/roster/_/id/46/georgetown-hoyas,Clean,
https://www.espn.go.com/mens-college-basketball/team/roster/_/id/96/kentucky-wildcats,Clean,
https://www.espn.go.com/mens-college-basketball/team/schedule/_/id/120/maryland-terrapins,Clean,
https://www.espn.go.com/mens-college-basketball/team/schedule/_/id/127/michigan-state-spartans,Clean,
https://www.espn.go.com/mens-college-basketball/team/schedule/_/id/142/missouri-tigers,Clean,
https://www.espn.go.com/mens-college-basketball/team/schedule/_/id/183/syracuse-orange,Clean,
https://www.espn.go.com/mens-college-basketball/team/schedule/_/id/194/ohio-state-buckeyes,Clean,
https://www.espn.go.com/mens-college-basketball/team/schedule/_/id/201/oklahoma-sooners,Clean,
https://www.espn.go.com/mens-college-basketball/team/schedule/_/id/221/pittsburgh-panthers,Clean,
https://www.espn.go.com/mens-college-basketball/team/schedule/_/id/2250/gonzaga-bulldogs,Clean,
https://www.espn.go.com/mens-college-basketball/team/schedule/_/id/228/clemson-tigers,Clean,
https://www.espn.go.com/mens-college-basketball/team/schedule/_/id/2294/iowa-hawkeyes,Clean,
https://www.espn.go.com/mens-college-basketball/team/schedule/_/id/2305/kansas-jayhawks,Clean,
https://www.espn.go.com/mens-college-basketball/team/schedule/_/id/2306/kansas-state-wildcats,Clean,
https://www.espn.go.com/mens-college-basketball/team/schedule/_/id/235/memphis-tigers,Clean,
https://www.espn.go.com/mens-college-basketball/team/schedule/_/id/239/baylor-bears,Clean,
https://www.espn.go.com/mens-college-basketball/team/schedule/_/id/2473/oakland-golden-grizzlies,Clean,
https://www.espn.go.com/mens-college-basketball/team/schedule/_/id/2507/providence-friars,Clean,
https://www.espn.go.com/mens-college-basketball/team/schedule/_/id/251/texas-longhorns,Clean,
https://www.espn.go.com/mens-college-basketball/team/schedule/_/id/257/richmond-spiders,Clean,
https://www.espn.go.com/mens-college-basketball/team/schedule/_/id/2641/texas-tech-red-raiders,Clean,
https://www.espn.go.com/mens-college-basketball/team/schedule/_/id/269/marquette-golden-eagles,Clean,
https://www.espn.go.com/mens-college-basketball/team/schedule/_/id/2724/wichita-state-shockers,Clean,
https://www.espn.go.com/mens-college-basketball/team/schedule/_/id/57/florida-gators,Clean,
https://www.espn.go.com/mens-college-basketball/team/schedule/_/id/85/iupui-jaguars,Clean,
https://www.espn.go.com/mens-college-basketball/team/schedule/_/id/96/kentucky-wildcats,Clean,
https://www.espn.go.com/mens-college-basketball/team/stats/_/id/120/maryland-terrapins,Clean,
https://www.espn.go.com/mens-college-basketball/team/stats/_/id/127/michigan-state-spartans,Clean,
https://www.espn.go.com/mens-college-basketball/team/stats/_/id/142/missouri-tigers,Clean,
https://www.espn.go.com/mens-college-basketball/team/stats/_/id/147/montana-state-bobcats,Clean,
https://www.espn.go.com/mens-college-basketball/team/stats/_/id/150/duke-blue-devils,Clean,
https://www.espn.go.com/mens-college-basketball/team/stats/_/id/183/syracuse-orange,Clean,
https://www.espn.go.com/mens-college-basketball/team/stats/_/id/194/ohio-state-buckeyes,Clean,
https://www.espn.go.com/mens-college-basketball/team/stats/_/id/195/ohio-bobcats,Clean,
https://www.espn.go.com/mens-college-basketball/team/stats/_/id/201/oklahoma-sooners,Clean,
https://www.espn.go.com/mens-college-basketball/team/stats/_/id/2013/albany-state-ga-golden-rams,Clean,
https://www.espn.go.com/mens-college-basketball/team/stats/_/id/2250/gonzaga-bulldogs,Clean,
https://www.espn.go.com/mens-college-basketball/team/stats/_/id/228/clemson-tigers,Clean,
https://www.espn.go.com/mens-college-basketball/team/stats/_/id/2294/iowa-hawkeyes,Clean,
https://www.espn.go.com/mens-college-basketball/team/stats/_/id/2305/kansas-jayhawks,Clean,
https://www.espn.go.com/mens-college-basketball/team/stats/_/id/2306/kansas-state-wildcats,Clean,
https://www.espn.go.com/mens-college-basketball/team/stats/_/id/235/memphis-tigers,Clean,
https://www.espn.go.com/mens-college-basketball/team/stats/_/id/239/baylor-bears,Clean,
https://www.espn.go.com/mens-college-basketball/team/stats/_/id/245/texas-aggies,Clean,
https://www.espn.go.com/mens-college-basketball/team/stats/_/id/2473/oakland-golden-grizzlies,Clean,
https://www.espn.go.com/mens-college-basketball/team/stats/_/id/2507/providence-friars,Clean,
https://www.espn.go.com/mens-college-basketball/team/stats/_/id/251/texas-longhorns,Clean,
https://www.espn.go.com/mens-college-basketball/team/stats/_/id/257/richmond-spiders,Clean,
https://www.espn.go.com/mens-college-basketball/team/stats/_/id/269/marquette-golden-eagles,Clean,
https://www.espn.go.com/mens-college-basketball/team/stats/_/id/2724/wichita-state-shockers,Clean,
https://www.espn.go.com/mens-college-basketball/team/stats/_/id/36/colorado-state-rams,Clean,
https://www.espn.go.com/mens-college-basketball/team/stats/_/id/38/colorado-buffaloes,Clean,
https://www.espn.go.com/mens-college-basketball/team/stats/_/id/57/florida-gators,Clean,
https://www.espn.go.com/mens-college-basketball/team/stats/_/id/66/iowa-state-cyclones,Clean,
https://www.espn.go.com/mens-college-basketball/team/stats/_/id/85/iupui-jaguars,Clean,
https://www.espn.go.com/mens-college-basketball/team/stats/_/id/96/kentucky-wildcats,Clean,
https://www.espn.go.com/mens-college-basketball/tournament,Clean,
https://www.espn.go.com/mens-college-basketball/tournament/bracket,Clean,
https://www.espn.go.com/mens-college-basketball/tournament/bracket/_/id/16/2010-big-12-tournament,Clean,
https://www.espn.go.com/mens-college-basketball/tournament/bracket/_/id/54/2011-big-12-tournament,Clean,
https://www.espn.go.com/mlb/allstargame/history/results,Clean,
https://www.espn.go.com/mlb/draft/history/_/team/kan,Clean,
https://www.espn.go.com/mlb/draft/history/_/team/oak,Clean,
https://www.espn.go.com/mlb/history/leaders/_/year/1917,Clean,
https://www.espn.go.com/mlb/history/season/_/year/1956,Clean,
https://www.espn.go.com/mlb/history/season/_/year/1957,Clean,
https://www.espn.go.com/mlb/history/season/_/year/1958,Clean,
https://www.espn.go.com/mlb/history/season/_/year/1959,Clean,
https://www.espn.go.com/mlb/history/season/_/year/1960,Clean,
https://www.espn.go.com/mlb/history/season/_/year/1961,Clean,
https://www.espn.go.com/mlb/history/season/_/year/1962,Clean,
https://www.espn.go.com/mlb/history/season/_/year/1963,Clean,
https://www.espn.go.com/mlb/history/season/_/year/1964,Clean,
https://www.espn.go.com/mlb/history/season/_/year/1965,Clean,
https://www.espn.go.com/mlb/history/season/_/year/1967,Clean,
https://www.espn.go.com/mlb/history/season/_/year/1970,Clean,
https://www.espn.go.com/mlb/history/season/_/year/1971,Clean,
https://www.espn.go.com/mlb/history/season/_/year/1972,Clean,
https://www.espn.go.com/mlb/history/season/_/year/1974,Clean,
https://www.espn.go.com/mlb/history/season/_/year/1976,Clean,
https://www.espn.go.com/mlb/history/season/_/year/1977,Clean,
https://www.espn.go.com/mlb/history/season/_/year/1978,Clean,
https://www.espn.go.com/mlb/history/season/_/year/1992,Clean,
https://www.espn.go.com/mlb/history/season/_/year/1997,Clean,
https://www.espn.go.com/mlb/history/season/_/year/1998,Clean,
https://www.espn.go.com/mlb/history/season/_/year/2000,Clean,
https://www.espn.go.com/mlb/history/season/_/year/2004,Clean,
https://www.espn.go.com/mlb/history/teams/_/team/kan,Clean,
https://www.espn.go.com/mlb/history/teams/_/team/oak,Clean,
https://www.espn.go.com/mlb/player/_/id/28915/jerry-blevins,Clean,
https://www.espn.go.com/mlb/player/_/id/28962/gio-gonzalez,Clean,
https://www.espn.go.com/mlb/player/_/id/29219/jonathon-niese,Clean,
https://www.espn.go.com/mlb/player/_/id/29299/lars-anderson,Clean,
https://www.espn.go.com/mlb/player/_/id/2969/darren-oliver,Clean,
https://www.espn.go.com/mlb/player/_/id/30042/john-mayberry-jr,Clean,
https://www.espn.go.com/mlb/player/_/id/30096/andrew-bailey,Clean,
https://www.espn.go.com/mlb/player/_/id/30099/tyson-ross,Clean,
https://www.espn.go.com/mlb/player/_/id/30282/chris-leroux,Clean,
https://www.espn.go.com/mlb/player/_/id/30413/philippe-valiquette,Clean,
https://www.espn.go.com/mlb/player/_/id/30536/logan-morrison,Clean,
https://www.espn.go.com/mlb/player/_/id/3926/bruce-chen,Clean,
https://www.espn.go.com/mlb/player/_/id/4258/jimmy-rollins,Clean,
https://www.espn.go.com/mlb/player/_/id/5470/dontrelle-willis,Clean,
https://www.espn.go.com/mlb/player/_/id/5588/rich-harden,Clean,
https://www.espn.go.com/mlb/player/_/id/604/john-montefusco,Clean,
https://www.espn.go.com/mlb/player/_/id/6191/brandon-mccarthy,Clean,
https://www.espn.go.com/mlb/player/_/id/6311/cj-wilson,Clean,
https://www.espn.go.com/mlb/player/_/id/6427/shaun-marcum,Clean,
https://www.espn.go.com/mlb/player/batvspitch/_/id/6427/shaun-marcum,Clean,
https://www.espn.go.com/mlb/player/stats/_/id/1224/tom-henke,Clean,
https://www.espn.go.com/mlb/player/stats/_/id/1762/david-cone,Clean,
https://www.espn.go.com/mlb/player/stats/_/id/23687/vern-kennedy,Clean,
https://www.espn.go.com/mlb/player/stats/_/id/24347/ernie-lombardi,Clean,
https://www.espn.go.com/mlb/player/stats/_/id/2484/rod-beck,Clean,
https://www.espn.go.com/mlb/player/stats/_/id/25328/steve-mingori,Clean,
https://www.espn.go.com/mlb/player/stats/_/id/26342/vada-pinson,Clean,
https://www.espn.go.com/mlb/player/stats/_/id/2642/royce-clayton,Clean,
https://www.espn.go.com/mlb/player/stats/_/id/27256/frank-schulte,Clean,
https://www.espn.go.com/mlb/player/stats/_/id/29154/ryan-tucker,Clean,
https://www.espn.go.com/mlb/player/stats/_/id/2969/darren-oliver,Clean,
https://www.espn.go.com/mlb/player/stats/_/id/29719/ray-chang,Clean,
https://www.espn.go.com/mlb/player/stats/_/id/30536/logan-morrison,Clean,
https://www.espn.go.com/mlb/player/stats/_/id/3449/jermaine-dye,Clean,
https://www.espn.go.com/mlb/player/stats/_/id/4010/scott-schoeneweis,Clean,
https://www.espn.go.com/mlb/player/stats/_/id/4181/eric-gagne,Clean,
https://www.espn.go.com/mlb/player/stats/_/id/4258/jimmy-rollins,Clean,
https://www.espn.go.com/mlb/player/stats/_/id/4811/grant-balfour,Clean,
https://www.espn.go.com/mlb/player/stats/_/id/5372/hideki-matsui,Clean,
https://www.espn.go.com/mlb/player/stats/_/id/5470/dontrelle-willis,Clean,
https://www.espn.go.com/mlb/player/stats/_/id/5889/jeff-bennett,Clean,
https://www.espn.go.com/mlb/schedule,Clean,
https://www.espn.go.com/mlb/standings,Clean,
https://www.espn.go.com/mlb/standings/_/group/5,Clean,
https://www.espn.go.com/mlb/standings/_/year/2003,Clean,
https://www.espn.go.com/mlb/statistics,Clean,
https://www.espn.go.com/mlb/statistics/_/year/2002,Clean,
https://www.espn.go.com/mlb/story/_/id/6768625/roger-clemens-trial-judge-declares-mistrial,Clean,
https://www.espn.go.com/mlb/story/_/id/6794034/pittsburgh-pirates-recall-ronny-cedeno-steve-pearce-option-chris-leroux,Clean,
https://www.espn.go.com/mlb/story/_/id/6834151/former-major-leaguer-doug-decinces-settles-insider-trading-charges,Clean,
https://www.espn.go.com/mlb/story/_/id/7035271/bob-mcclure-john-gibbons-return-kansas-city-royals-staff,Clean,
https://www.espn.go.com/mlb/story/_/id/7223090/former-montreal-expos-pitcher-charlie-lea-dies-tennessee-54,Clean,
https://www.espn.go.com/mlb/team/_/name/kc/kansas-city-royals,Clean,
https://www.espn.go.com/mlb/team/_/name/oak/oakland-athletics,Clean,
https://www.espn.go.com/mlb/team/_/name/tex/texas-rangers,Clean,
https://www.espn.go.com/mlb/team/depth/_/name/kc/kansas-city-royals,Clean,
https://www.espn.go.com/mlb/team/depth/_/name/oak/oakland-athletics,Clean,
https://www.espn.go.com/mlb/team/lineup/_/name/oak/oakland-athletics,Clean,
https://www.espn.go.com/mlb/team/salaries/_/name/kc/kansas-city-royals,Clean,
https://www.espn.go.com/mlb/team/salaries/_/name/oak/oakland-athletics,Clean,
https://www.espn.go.com/mlb/team/stats/batting/_/name/kc/kansas-city-royals,Clean,
https://www.espn.go.com/mlb/team/stats/batting/_/name/oak/oakland-athletics,Clean,
https://www.espn.go.com/mlb/team/stats/pitching/_/name/kc/kansas-city-royals,Clean,
https://www.espn.go.com/mlb/team/stats/pitching/_/name/oak/oakland-athletics,Clean,
https://www.espn.go.com/mma/,Clean,
https://www.espn.go.com/mma/fighter/_/id/1156/anthony-njokuani,Clean,
https://www.espn.go.com/mma/fighter/_/id/2469/yves-jabouin,Clean,
https://www.espn.go.com/mma/fighter/_/id/2613/rob-broughton,Clean,
https://www.espn.go.com/mma/fighter/_/id/2618/daniel-cormier,Clean,
https://www.espn.go.com/mma/fighter/_/id/317/david-loiseau,Clean,
https://www.espn.go.com/mma/fighter/_/id/330/patrick-cote,Clean,
https://www.espn.go.com/mma/fighter/_/id/4765/tom-watson,Clean,
https://www.espn.go.com/mma/fighter/_/id/5037/jason-young,Clean,
https://www.espn.go.com/mma/fighter/_/id/559/gesias-cavalcante,Clean,
https://www.espn.go.com/mma/fighter/_/id/560/ivan-menjivar,Clean,
https://www.espn.go.com/mma/fighter/_/id/638/rob-kimmons,Clean,
https://www.espn.go.com/mma/fighter/_/id/708/cole-miller,Clean,
https://www.espn.go.com/mma/fighter/_/id/733/miguel-torres,Clean,
https://www.espn.go.com/mma/rankings/_/class/lightweight,Clean,
https://www.espn.go.com/mma/rankings/_/class/lightweight/date/20110927,Clean,
https://www.espn.go.com/mma/story/_/id/7021597/ufc-135-dream-17-bellator-51-report-card,Clean,
https://www.espn.go.com/nba/attendance/_/year/2007,Clean,
https://www.espn.go.com/nba/bracket/_/year/2007,Clean,
https://www.espn.go.com/nba/coaches,Clean,
https://www.espn.go.com/nba/player/_/id/1711/drew-gooden,Clean,
https://www.espn.go.com/nba/player/_/id/1725/kareem-rush,Clean,
https://www.espn.go.com/nba/player/_/id/189/antonio-davis,Clean,
https://www.espn.go.com/nba/player/_/id/2009/james-jones,Clean,
https://www.espn.go.com/nba/player/_/id/249/greg-foster,Clean,
https://www.espn.go.com/nba/player/_/id/3023/leon-powe,Clean,
https://www.espn.go.com/nba/player/_/id/3247/joel-anthony,Clean,
https://www.espn.go.com/nba/player/_/id/3457/brandon-rush,Clean,
https://www.espn.go.com/nba/player/_/id/3838/demarcus-nelson,Clean,
https://www.espn.go.com/nba/player/_/id/3967/derrick-brown,Clean,
https://www.espn.go.com/nba/player/_/id/41/jon-barry,Clean,
https://www.espn.go.com/nba/player/_/id/525/jelani-mccoy,Clean,
https://www.espn.go.com/nba/player/_/id/640/gary-payton,Clean,
https://www.espn.go.com/nba/player/_/id/6428/marshon-brooks,Clean,
https://www.espn.go.com/nba/player/_/id/662/paul-pierce,Clean,
https://www.espn.go.com/nba/player/_/id/705/isaiah-rider,Clean,
https://www.espn.go.com/nba/player/_/id/770/brian-shaw,Clean,
https://www.espn.go.com/nba/player/stats/_/id/3247/joel-anthony,Clean,
https://www.espn.go.com/nba/player/stats/_/id/640/gary-payton,Clean,
https://www.espn.go.com/nba/player/stats/_/id/902/bill-wennington,Clean,
https://www.espn.go.com/nba/statistics,Clean,
https://www.espn.go.com/nba/team/_/name/gs/golden-state-warriors,Clean,
https://www.espn.go.com/nba/team/roster/_/name/gs/golden-state-warriors,Clean,
https://www.espn.go.com/nba/team/schedule/_/name/gs/golden-state-warriors,Clean,
https://www.espn.go.com/nba/team/stats/_/name/gs/golden-state-warriors,Clean,
https://www.espn.go.com/ncb/recap?gameId=300582306,Clean,
https://www.espn.go.com/ncb/topics/_/page/big-east-tournament,Clean,
https://www.espn.go.com/ncb/topics/_/page/bill-self,Clean,
https://www.espn.go.com/ncb/topics/_/page/john-wooden,Clean,
https://www.espn.go.com/ncb/topics/_/page/ncaa-tournament,Clean,
https://www.espn.go.com/ncb/topics/_/page/sec-tournament,Clean,
https://www.espn.go.com/ncw/topics/_/page/pat-summitt,Clean,
https://www.espn.go.com/nfl/,Clean,
https://www.espn.go.com/nfl/coaches/_/id/null,Clean,
https://www.espn.go.com/nfl/picks,Clean,
https://www.espn.go.com/nfl/player/_/id/12699/zach-miller,Clean,
https://www.espn.go.com/nfl/player/_/id/12854/woodny-turenne,Clean,
https://www.espn.go.com/nfl/player/_/id/13268/chris-cook,Clean,
https://www.espn.go.com/nfl/player/_/id/13527/jonathon-amaya,Clean,
https://www.espn.go.com/nfl/player/_/id/13919/randy-phillips,Clean,
https://www.espn.go.com/nfl/player/_/id/1889/jerame-tuman,Clean,
https://www.espn.go.com/nfl/player/_/id/4582/brandon-lloyd,Clean,
https://www.espn.go.com/nfl/player/_/id/9640/bernard-pollard,Clean,
https://www.espn.go.com/nfl/player/_/id/9646/maurice-jones-drew,Clean,
https://www.espn.go.com/nfl/player/_/id/9796/zach-strief,Clean,
https://www.espn.go.com/nfl/player/photos/_/id/9526/andre-torrey,Clean,
https://www.espn.go.com/nfl/player/stats/_/id/12469/rudy-carpenter,Clean,
https://www.espn.go.com/nfl/player/stats/_/id/13703/preston-parker,Clean,
https://www.espn.go.com/nfl/player/stats/_/id/1884/aaron-brooks,Clean,
https://www.espn.go.com/nfl/player/stats/_/id/1886/josh-bidwell,Clean,
https://www.espn.go.com/nfl/player/stats/_/id/5631/luke-mccown,Clean,
https://www.espn.go.com/nfl/player/stats/_/id/6428/keith-byars,Clean,
https://www.espn.go.com/nfl/player/stats/_/id/6502/steve-deberg,Clean,
https://www.espn.go.com/nfl/player/stats/_/id/7216/bruce-pickens,Clean,
https://www.espn.go.com/nfl/player/stats/_/id/9526/andre-torrey,Clean,
https://www.espn.go.com/nfl/player/stats/_/id/9646/maurice-jones-drew,Clean,
https://www.espn.go.com/nfl/players,Clean,
https://www.espn.go.com/nfl/playoffs/2010/matchup/_/teams/jets-colts,Clean,
https://www.espn.go.com/nfl/playoffs/2010/matchup/_/teams/ravens-chiefs,Clean,
https://www.espn.go.com/nfl/playoffs/2010/matchup/_/teams/ravens-steelers,Clean,
https://www.espn.go.com/nfl/preview10/team/_/name/buf,Clean,
https://www.espn.go.com/nfl/schedule,Clean,
https://www.espn.go.com/nfl/schedule/_/year/2001,Clean,
https://www.espn.go.com/nfl/schedule/_/year/2008,Clean,
https://www.espn.go.com/nfl/standings/_/year/2008,Clean,
https://www.espn.go.com/nfl/story/_/id/6805751/charles-johnson-carolina-panthers-agree-six-year-72-million-deal,Clean,
https://www.espn.go.com/nfl/story/_/id/7134062/chris-cook-minnesota-vikings-arrested-domestic-assault-charges,Clean,
https://www.espn.go.com/nfl/team/_/name/det/detroit-lions,Clean,
https://www.espn.go.com/nfl/team/_/name/ind/indianapolis-colts,Clean,
https://www.espn.go.com/nfl/team/_/name/kc/kansas-city-chiefs,Clean,
https://www.espn.go.com/nfl/team/_/name/oak/oakland-raiders,Clean,
https://www.espn.go.com/nfl/team/depth/_/name/stl/st-louis-rams,Clean,
https://www.espn.go.com/nfl/team/rankings/_/name/cin/cincinnati-bengals,Clean,
https://www.espn.go.com/nfl/team/rankings/_/name/oak/oakland-raiders,Clean,
https://www.espn.go.com/nfl/team/schedule/_/name/buf/buffalo-bills,Clean,
https://www.espn.go.com/nfl/team/schedule/_/name/chi/chicago-bears,Clean,
https://www.espn.go.com/nfl/team/schedule/_/name/cle/cleveland-browns,Clean,
https://www.espn.go.com/nfl/team/schedule/_/name/den/denver-broncos,Clean,
https://www.espn.go.com/nfl/team/schedule/_/name/gb/green-bay-packers,Clean,
https://www.espn.go.com/nfl/team/schedule/_/name/hou/houston-texans,Clean,
https://www.espn.go.com/nfl/team/schedule/_/name/ind/indianapolis-colts,Clean,
https://www.espn.go.com/nfl/team/schedule/_/name/jac/jacksonville-jaguars,Clean,
https://www.espn.go.com/nfl/team/schedule/_/name/mia/miami-dolphins,Clean,
https://www.espn.go.com/nfl/team/schedule/_/name/min/minnesota-vikings,Clean,
https://www.espn.go.com/nfl/team/schedule/_/name/nyj/new-york-jets,Clean,
https://www.espn.go.com/nfl/team/schedule/_/name/oak/oakland-raiders,Clean,
https://www.espn.go.com/nfl/team/schedule/_/name/sd/san-diego-chargers,Clean,
https://www.espn.go.com/nfl/team/schedule/_/name/ten/tennessee-titans,Clean,
https://www.espn.go.com/nfl/team/stats/_/name/den/denver-broncos,Clean,
https://www.espn.go.com/nfl/team/stats/_/name/kc/kansas-city-chiefs,Clean,
https://www.espn.go.com/nfl/team/stats/_/name/mia/miami-dolphins,Clean,
https://www.espn.go.com/nfl/team/stats/_/name/oak/oakland-raiders,Clean,
https://www.espn.go.com/nfl/team/stats/_/name/tb/tampa-bay-buccaneers,Clean,
https://www.espn.go.com/nfl/team/transactions/_/name/chi/chicago-bears,Clean,
https://www.espn.go.com/nfl/team/transactions/_/name/oak/oakland-raiders,Clean,
https://www.espn.go.com/nfl/trainingcamp11/story/_/id/6909548/eric-steinbach-cleveland-browns-season-back-injury,Clean,
https://www.espn.go.com/nhl/,Clean,
https://www.espn.go.com/nhl/attendance,Clean,
https://www.espn.go.com/nhl/attendance/_/year/2005,Clean,
https://www.espn.go.com/nhl/attendance/_/year/2008,Clean,
https://www.espn.go.com/nhl/blog/_/name/lebrun_pierre/id/4822525,Clean,
https://www.espn.go.com/nhl/blog/_/name/nhl_playoffs/id/5223024,Clean,
https://www.espn.go.com/nhl/blog/_/name/nhl_playoffs/id/5270781,Clean,
https://www.espn.go.com/nhl/boxscore/_/id/400054767/dallas-stars-vs-montreal-canadiens,Clean,
https://www.espn.go.com/nhl/gamecast/_/id/400046796/chicago-blackhawks-vs-tampa-bay-lightning,Clean,
https://www.espn.go.com/nhl/gamecast/_/id/400047700/san-jose-sharks-vs-ny-islanders-islanders,Clean,
https://www.espn.go.com/nhl/player/_/id/108/martin-brodeur,Clean,
https://www.espn.go.com/nhl/player/_/id/1084/mario-lemieux,Clean,
https://www.espn.go.com/nhl/player/_/id/1110/steve-gainey,Clean,
https://www.espn.go.com/nhl/player/_/id/1189/dan-blackburn,Clean,
https://www.espn.go.com/nhl/player/_/id/1312/francis-lessard,Clean,
https://www.espn.go.com/nhl/player/_/id/1539/matthew-lombardi,Clean,
https://www.espn.go.com/nhl/player/_/id/192/vincent-damphousse,Clean,
https://www.espn.go.com/nhl/player/_/id/199/eric-daze,Clean,
https://www.espn.go.com/nhl/player/_/id/2049/joel-perrault,Clean,
https://www.espn.go.com/nhl/player/_/id/219/bobby-dollas,Clean,
https://www.espn.go.com/nhl/player/_/id/233/steve-dubinsky,Clean,
https://www.espn.go.com/nhl/player/_/id/2339/corey-crawford,Clean,
https://www.espn.go.com/nhl/player/_/id/2474/alex-bolduc,Clean,
https://www.espn.go.com/nhl/player/_/id/2564145/olivier-archambault,Clean,
https://www.espn.go.com/nhl/player/_/id/299/denis-gauthier,Clean,
https://www.espn.go.com/nhl/player/_/id/302/jean-sebastien-giguere,Clean,
https://www.espn.go.com/nhl/player/_/id/3128/ben-guite,Clean,
https://www.espn.go.com/nhl/player/_/id/3371/marc-edouard-vlasic,Clean,
https://www.espn.go.com/nhl/player/_/id/3619/torrey-mitchell,Clean,
https://www.espn.go.com/nhl/player/_/id/3795/jonathon-blum,Clean,
https://www.espn.go.com/nhl/player/_/id/3899/stefano-giliati,Clean,
https://www.espn.go.com/nhl/player/_/id/4005/max-pacioretty,Clean,
https://www.espn.go.com/nhl/player/_/id/5077/kevin-poulin,Clean,
https://www.espn.go.com/nhl/player/_/id/5088/maxim-noreau,Clean,
https://www.espn.go.com/nhl/player/_/id/511/ian-laperriere,Clean,
https://www.espn.go.com/nhl/player/_/id/515/georges-laraque,Clean,
https://www.espn.go.com/nhl/player/_/id/5218/marco-scandella,Clean,
https://www.espn.go.com/nhl/player/_/id/5383/yann-sauve,Clean,
https://www.espn.go.com/nhl/player/_/id/551/roberto-luongo,Clean,
https://www.espn.go.com/nhl/player/_/id/601/randy-mckay,Clean,
https://www.espn.go.com/nhl/player/_/id/610/scott-mellanby,Clean,
https://www.espn.go.com/nhl/player/_/id/791/luc-robitaille,Clean,
https://www.espn.go.com/nhl/player/_/id/88/joel-bouchard,Clean,
https://www.espn.go.com/nhl/player/_/id/936/jocelyn-thibault,Clean,
https://www.espn.go.com/nhl/player/photos/_/id/64/marc-bergevin,Clean,
https://www.espn.go.com/nhl/player/stats/_/id/1539/matthew-lombardi,Clean,
https://www.espn.go.com/nhl/player/stats/_/id/302/jean-sebastien-giguere,Clean,
https://www.espn.go.com/nhl/player/stats/_/id/4005/max-pacioretty,Clean,
https://www.espn.go.com/nhl/player/stats/_/id/5077/kevin-poulin,Clean,
https://www.espn.go.com/nhl/player/stats/_/id/511/ian-laperriere,Clean,
https://www.espn.go.com/nhl/playoffs/2009/matchup/_/teams/redwings-penguins,Clean,
https://www.espn.go.com/nhl/playoffs/2009/news/_/id/4212928/2009-stanley-cup-playoffs-experts-picks,Clean,
https://www.espn.go.com/nhl/powerrankings,Clean,
https://www.espn.go.com/nhl/preview2010/team/_/name/min,Clean,
https://www.espn.go.com/nhl/preview2010/team/_/name/nsh,Clean,
https://www.espn.go.com/nhl/preview2010/team/_/name/nyi,Clean,
https://www.espn.go.com/nhl/preview2010/team/_/name/pit,Clean,
https://www.espn.go.com/nhl/standings,Clean,
https://www.espn.go.com/nhl/statistics/_/seasontype/2,Clean,
https://www.espn.go.com/nhl/story/_/id/6970871/buffalo-sabres-players-owner-terry-pegula-deliver-season-tickets-fans,Clean,
https://www.espn.go.com/nhl/story/_/id/7019517/arena-named-pat-burns-opens-quebec,Clean,
https://www.espn.go.com/nhl/team/_/name/chi/chicago-blackhawks,Clean,
https://www.espn.go.com/nhl/team/_/name/col/colorado-avalanche,Clean,
https://www.espn.go.com/nhl/team/_/name/edm/edmonton-oilers,Clean,
https://www.espn.go.com/nhl/team/_/name/min/minnesota-wild,Clean,
https://www.espn.go.com/nhl/team/_/name/mtl/montreal-canadiens,Clean,
https://www.espn.go.com/nhl/team/_/name/nj/new-jersey-devils,Clean,
https://www.espn.go.com/nhl/team/_/name/nsh/nashville-predators,Clean,
https://www.espn.go.com/nhl/team/_/name/nyi/new-york-islanders,Clean,
https://www.espn.go.com/nhl/team/_/name/ott/ottawa-senators,Clean,
https://www.espn.go.com/nhl/team/_/name/phx/phoenix-coyotes,Clean,
https://www.espn.go.com/nhl/team/_/name/pit/pittsburgh-penguins,Clean,
https://www.espn.go.com/nhl/team/_/name/sj/san-jose-sharks,Clean,
https://www.espn.go.com/nhl/team/_/name/tor/toronto-maple-leafs,Clean,
https://www.espn.go.com/nhl/team/rankings/_/name/edm/edmonton-oilers,Clean,
https://www.espn.go.com/nhl/team/schedule/_/name/chi/chicago-blackhawks,Clean,
https://www.espn.go.com/nhl/team/schedule/_/name/col/colorado-avalanche,Clean,
https://www.espn.go.com/nhl/team/schedule/_/name/dal/dallas-stars,Clean,
https://www.espn.go.com/nhl/team/schedule/_/name/nj/new-jersey-devils,Clean,
https://www.espn.go.com/nhl/team/schedule/_/name/nsh/nashville-predators,Clean,
https://www.espn.go.com/nhl/team/schedule/_/name/ott/ottawa-senators,Clean,
https://www.espn.go.com/nhl/team/schedule/_/name/pit/pittsburgh-penguins,Clean,
https://www.espn.go.com/nhl/team/schedule/_/name/tor/toronto-maple-leafs,Clean,
https://www.espn.go.com/nhl/team/stats/_/name/phx/phoenix-coyotes,Clean,
https://www.espn.go.com/nhl/team/stats/_/name/sj/san-jose-sharks,Clean,
https://www.espn.go.com/nhl/team/stats/_/name/tor/toronto-maple-leafs,Clean,
https://www.espn.go.com/nhl/team/transactions/_/name/van/vancouver-canucks,Clean,
https://www.espn.go.com/page2/s/1986/voices/pettis.html,Clean,
https://www.espn.go.com/page2/s/list/chokes/hockey.html,Clean,
https://www.espn.go.com/page2/s/list/football/teams/worst.html,Clean,
https://www.espn.go.com/page2/s/list/readers/heismanflops.html,Clean,
https://www.espn.go.com/page2/s/sexsports/2002.html,Clean,
https://www.espn.go.com/page2/s/toomay/011227.html,Clean,
https://www.espn.go.com/racing/drivers/_/year/1997,Clean,
https://www.espn.go.com/racing/drivers/_/year/2004,Clean,
https://www.espn.go.com/soccer/news/2001/0205/1064152.html,Clean,
https://www.espn.go.com/sports/boxing/topics/_/page/antonio-margarito,Clean,
https://www.espn.go.com/sports/soccer/news/_/columnist/carlisle_jeff/id/6167479/mls-2011-team-preview-san-jose-earthquakes,Clean,
https://www.espn.go.com/sports/soccer/news/_/columnist/carlisle_jeff/id/6175005/portland-timbers-fielding-team-built-attack-first-mls-season,Clean,
https://www.espn.go.com/sports/soccer/news/_/columnist/carlisle_jeff/id/7200465/mls-playoffs-los-angeles-galaxy-defeat-rsl-reach-mls-cup,Clean,
https://www.espn.go.com/sports/soccer/news/_/id/5415881/puerto-rico-islanders-top-los-angeles-galaxy-concacaf,Clean,
https://www.espn.go.com/sports/soccer/news/_/id/5687942/united-states-pulls-bid-2018-world-cup-puts-energy-2022,Clean,
https://www.espn.go.com/sports/soccer/news/_/id/5866494/pep-guardiola-labor-love,Clean,
https://www.espn.go.com/sports/soccer/news/_/id/5874550/qatar-russia-host-world-cups-united-states-shut-out,Clean,
https://www.espn.go.com/sports/soccer/news/_/id/6010892/top-10-worst-mls-draft-picks-all-time,Clean,
https://www.espn.go.com/sports/soccer/news/_/id/6193405/united-states-draws-canada-panama-concacaf-gold-cup-first-round,Clean,
https://www.espn.go.com/sports/soccer/news/_/id/6851073/montreal-impact-mls-team-hires-jesse-marsch-coach,Clean,
https://www.espn.go.com/sports/soccer/topics/_/page/uefa-champions-league,Clean,
https://www.espn.go.com/sports/tennis/topics/_/page/davis-cup,Clean,
https://www.espn.go.com/sportscentury/features/00014130.html,Clean,
https://www.espn.go.com/sportscentury/features/00016409.html,Clean,
https://www.espn.go.com/sportsnation/chat/_/id/24436,Clean,
https://www.espn.go.com/sportsnation/chat/_/id/32502/music-with-kareem-rush,Clean,
https://www.espn.go.com/sportsnation/chat/_/id/37331/rays-with-jonah-keri,Clean,
https://www.espn.go.com/sportsnation/chat/_/id/39157/ku-oc-chuck-long,Clean,
https://www.espn.go.com/sportsnation/chat/_/id/40784/nfl-with-dan-graziano,Clean,
https://www.espn.go.com/tennis/blog/_/name/espntennis/id/6747099,Clean,
https://www.espn.go.com/tennis/player/_/id/418/aleksandra-wozniak,Clean,
https://www.espn.go.com/travel/stadium/_/s/mlb/id/11/oco-coliseum,Clean,
https://www.espn.go.com/travel/stadium/_/s/mlb/id/7/kauffman-stadium,Clean,
https://www.espn.go.com/travel/stadium/_/s/nfl/id/12/arrowhead-stadium,Clean,
https://www.espn.go.com/video/category?id=3606163,Clean,
https://www.espn.go.com/video/clip?id=3431082,Clean,
https://www.espn.go.com/video/clip?id=3604418,Clean,
https://www.espn.go.com/video/clip?id=4208668,Clean,
https://www.espn.go.com/video/clip?id=5502157,Clean,
https://www.espn.go.com/video/clip?id=6658372,Clean,
https://www.espn.go.com/video/clip?id=7135541,Clean,
https://www.espn.go.com/video/clip?id=7174157,Clean,
https://www.espn.go.com/video/clip?id=7191713,Clean,
https://www.espn.go.com/watchespn/index/_/id/202993/toronto-argonauts-vs-montreal-alouettes/sport/channel/espn3,Clean,
https://www.espn.go.com/watchespn/index/_/id/272940/calgary-stampeders-vs-montreal-alouettes/sport/channel/espn3,Clean,
https://www.espn.go.com/wnba/playbyplay?gameId=310701011,Clean,
https://www.espn.go.com/wnba/playbyplay?gameId=310715011,Clean,
https://www.espn.go.com/womens-college-basketball/team/_/id/2250/gonzaga-bulldogs,Clean,
https://www.espn.go.com/womens-college-basketball/team/_/id/245/texas-aggies,Clean,
https://www.espn.go.com/womens-college-basketball/team/_/id/66/iowa-state-cyclones,Clean,
https://www.espn.go.com/womens-college-basketball/team/schedule/_/id/2306/kansas-state-wildcats,Clean,
https://www.espn.go.com/womens-college-basketball/team/schedule/_/id/66/iowa-state-cyclones,Clean,
https://www.espnwwos.disney.go.com/?name=SoccerShowcase2007JuniorSoccerShowcaseEventInfoEventDetailPage,Clean,
https://www.espnwwos.disney.go.com/?name=SoccerShowcase2007SoccerShowcaseTournamentInfoEventDetailPage,Clean,
https://www.espnwwos.disney.go.com/events/fastpitch-softball/diamond-9-sun-classic-fall/,Clean,
https://www.espnwwos.disney.go.com/events/soccer/junior-soccer-showcase/,Clean,
https://www.esportsdesk.com/leagues/directors.cfm?leagueID=1505&clientID=957,Clean,
https://www.espressostalinist.wordpress.com/2011/05/01/profile-of-the-communist-party-of-colombia-marxist-leninist-and-popular-liberation-army-epl/,Clean,
https://www.espressostalinist.wordpress.com/2011/11/18/the-revolutionary-communist-party-of-the-ivory-coast-pcrci-warns-the-people-against-adventurism/,Clean,
https://www.esr.ibiblio.org/?p=280,Clean,
https://www.esrati.com/new-montgomery-county-ohio-tax-to-make-the-rich-richer/1461/,Clean,
https://www.ess.nrcan.gc.ca/scient/journals_e.php,Clean,
https://www.essexanglican.awardspace.com/windsor.htm,Clean,
https://www.essgocarpets.com/,Clean,
https://www.estaff.com/,Clean,
https://www.estate-manager.info/,Clean,
https://www.estaxe.com/,Clean,
https://www.esteybomberger.com/blog/2009/05/25/two-killed-two-children-critically-injured-monday-in-solo-crash-on-interstate-880-in-alameda-county-dui-suspected/,Clean,
https://www.esteybomberger.com/highway-accidents/interstate-15.php,Clean,
https://www.esteybomberger.com/highway-accidents/interstate-80.php,Clean,
https://www.esthersjoyinthemourning.blogspot.com/,Clean,
https://www.estheticos.com/,Clean,
https://www.estilker.blogspot.com/,Clean,
https://www.estiven.com/familytree/idxb.html,Clean,
https://www.estiven.com/familytree/idxg.html,Clean,
https://www.estiven.com/familytree/idxl.html,Clean,
https://www.estiven.com/familytree/idxp.html,Clean,
https://www.estqzgn.angelfire.com/,Clean,
https://www.estrategyfirst.com/,Clean,
https://www.estrigious.com/kgb/,Clean,
https://www.estudentloan.com/,Clean,
https://www.esupport.sony.com/,Clean,
https://www.esupport.sony.com/perl/select-system.pl?prodtype=1%2C24%2C26%2C66%2C9%2C70%2C5%2C72,Clean,
https://www.esuvidha.nic.in/orissa/orissadirectory/full_list.asp?page=66&individualname=&rowcount=-1,Clean,
https://www.esuvidha.nic.in/orissa/orissadirectory/searchbyname_updation_result.asp?page=50&individualname=&rowcount=1,Clean,
https://www.etc.usf.edu/maps/pages/6900/6944/6944.htm,Clean,
https://www.etech-usa.com/origination-apartments-in-hull-quebec/,Clean,
https://www.eternalhora.com/,Clean,
https://www.eternalsunshinemsj.blogspot.com/,Clean,
https://www.eternitydiamond.com/,Clean,
https://www.eternityministries.net/,Clean,
https://www.eternityministries.org/,Clean,
https://www.etext.ku.edu/view?docId=ksrlead/ksrl.kc.andersontitleco.xml;route=ksrlead;brand=ksrlead;query=,Clean,
https://www.etext.lib.virginia.edu/kinney/works/pindarn.htm,Clean,
https://www.etext.lib.virginia.edu/modeng/modengS.browse.html,Clean,
https://www.etext.virginia.edu/toc/modeng/public/WasFi10.html,Clean,
https://www.etext.virginia.edu/toc/modeng/public/WasFi29.html,Clean,
https://www.etext.virginia.edu/users/berkeley/public/Cbibl.html,Clean,
https://www.etext.virginia.edu/washington/delegates/recipient.html,Clean,
https://www.etf.stock-encyclopedia.com/category/s&p-500.html,Clean,
https://www.etfs.morningstar.com/quote?t=SPY,Clean,
https://www.ethelhighschool.org/,Clean,
https://www.ethelsmith.hubpages.com/hub/Scarborough-Britains-first-Seaside-Resort,Clean,
https://www.ethicsdiscovery.blogspot.com/2011/02/southwest-airlines-violations-of-safety.html,Clean,
https://www.ethioforum.org/?p=8851,Clean,
https://www.ethisphere.com/shook-hardy-bacon-llp/,Clean,
https://www.ethisphere.com/wme2009/,Clean,
https://www.etjohnson05.tripod.com/,Clean,
https://www.etnies.com/blog/2009/11/19/rollin-with-sean-malto/,Clean,
https://www.etnies.com/team/skate/sean-malto/,Clean,
https://www.etophot.com/?p=2534,Clean,
https://www.etrakit.capecoral.net/etrakit2/Login.aspx?type=contractor,Clean,
https://www.etrc.lib.umn.edu/travbio.htm,Clean,
https://www.etsb.karsenti.ca/,Clean,
https://www.etsmtl.academia.edu/,Clean,
https://www.etsmtl.academia.edu/GregoryALussier,Clean,
https://www.etudesphotographiques.revues.org/index3123.html,Clean,
https://www.eu.ask.com/?o=14780&l=dis,Clean,
https://www.eu.playstation.com/,Clean,
https://www.euangelizomai.blogspot.com/2009/04/gospel-audiences-martin-hengel.html,Clean,
https://www.eucalipto.net/horner-antique-stoneware-green-man-pitcher/,Clean,
https://www.eucharisticadorationforpriests.blogspot.com/2011/03/saint-john-eudes-characteristics-of.html,Clean,
https://www.euescuto.com.br/2009/08/06/howlin-rain-download/,Clean,
https://www.eugenenoi.wikia.com/wiki/Template:Navbox,Clean,
https://www.eui.academia.edu/JeanPierreCassarino,Clean,
https://www.euliterarymarathonbg.iradeum.com/condition_en.htm,Clean,
https://www.euphonos.blogspot.com/2009/09/neros-day-at-disneyland-from-rotting.html,Clean,
https://www.eupolitics.einnews.com/news/france-fraud,Clean,
https://www.eupolitics.einnews.com/news/slovenia-politics,Clean,
https://www.eur-lex.europa.eu/LexUriServ/LexUriServ.do?uri=CELEX:32008D0025:EN:NOT,Clean,
https://www.eur-lex.europa.eu/LexUriServ/LexUriServ.do?uri=CELEX:32010D0044:EN:NOT,Clean,
https://www.eur-lex.europa.eu/LexUriServ/LexUriServ.do?uri=CELEX:51999DC0106:EN:NOT,Clean,
https://www.eur-lex.europa.eu/RECH_actes_preparatoires.do,Clean,
https://www.eur3d.com/,Clean,
https://www.eurasian-sensation.blogspot.com/2009/09/dutch-indonesian-footballers.html,Clean,
https://www.eureka.c0sm.org/index.php?cast=colinferguson,Clean,
https://www.eurekaencyclopedia.com/index.php/Category:Pornographic_Cinema,Clean,
https://www.eurekatroop322.com/,Clean,
https://www.eurekauniverse.blogspot.com/2009/04/classical-mechanics.html,Clean,
https://www.euro-snack.foodpages.ca/,Clean,
https://www.eurobasketbelgium.20m.com/,Clean,
https://www.euromanuk.blogspot.com/,Clean,
https://www.europaconcorsi.com/projects/124699-Into-the-landscape,Clean,
https://www.europe-tourism.org/,Clean,
https://www.europe-tourism.org/contact.htm,Clean,
https://www.europe.icopolymers.com/,Clean,
https://www.europe.icopolymers.com/contactUs.asp,Clean,
https://www.europe.yamaha.com/en/artists/brass_woodwinds/eugene_rousseau/,Clean,
https://www.europeanfootballweekends.blogspot.com/2009/10/efw-oktoberfest-2009-day-1-match-1.html,Clean,
https://www.europeanjournal.typepad.com/my_weblog/2010/06/sovereignty-of-the-united-kingdom-parliament-and-the-european-union.html,Clean,
https://www.europethebandmedia.blogspot.com/,Clean,
https://www.eurorivals.net/clubs/bsc-young-boys.html,Clean,
https://www.eurorivals.net/players/david-mackay:st-johnstone.html,Clean,
https://www.eurorivals.net/players/jonathan-dos-santos:barcelona.html,Clean,
https://www.eurorivals.net/players/kaka:real-madrid.html,Clean,
https://www.eurorivals.net/players/lee-cochrane:rangers.html,Clean,
https://www.eurorivals.net/players/ranko-despotovic:urawa-red-diamonds.html,Clean,
https://www.eurorivals.net/players/thomas-olsson:ifk-goteborg.html,Clean,
https://www.eurorivals.net/scottish-premier-league-highlights.html,Clean,
https://www.eurorivals.net/ska-st-petersburg:torpedo-nizhny-novgorod-live-khl-streams.html,Clean,
https://www.eurorivals.net/squad/bsc-young-boys.html,Clean,
https://www.eurorivals.net/squad/rangers.html,Clean,
https://www.eurorivals.net/tables/paraguay.html,Clean,
https://www.eurorivals.net/urawa-red-diamonds~albirex-niigata-live-stream.html,Clean,
https://www.eurosmoothjazz.com/,Clean,
https://www.euthayan.com/newindex.php,Clean,
https://www.euurpd.blog.com/2011/11/12/download-come-and-see-the-film-online/,Clean,
https://www.evandavidpaul.com/,Clean,
https://www.evandsiegel.com/,Clean,
https://www.evangelicalright.com/james_dobson/,Clean,
https://www.evans.washington.edu/faculty-staff/bios/current-ag/archibald,Clean,
https://www.evansville-diocese.org/,Clean,
https://www.evaperrymocknewbery.wordpress.com/2008/04/20/simon-bloom-the-gravity-keeper-by-michael-reisman/,Clean,
https://www.evasvillage.org/board.shtml,Clean,
https://www.evatheresestudios.blogspot.com/,Clean,
https://www.evcaz.com/,Clean,
https://www.evd.com.tr/20081025-4.htm,Clean,
https://www.eveknows.com/photos/Hollie%20Stevens,Clean,
https://www.evelyn-livinthelife.blogspot.com/,Clean,
https://www.eveninglandvineyards.com/,Clean,
https://www.eveningtelegraph.blogspot.com/2009/04/galina-brezhneva.html,Clean,
https://www.eventful.com/arnold_ca/events/fishtank-ensemble-/E0-001-030581625-7,Clean,
https://www.eventful.com/aspen/events/chris-hillmanjohn-mceuenherb-pedersen-/E0-001-016144439-9,Clean,
https://www.eventful.com/atlanticcity/events/mike-epps-earthquake-george-willborn-don-dc-cu-/E0-001-031538947-9,Clean,
https://www.eventful.com/beirut/events/handsome-furs-/E0-001-040114061-2,Clean,
https://www.eventful.com/berkeley/events/filth-reunion-grps-reunion-monster-squad-fleshies-/E0-001-029487612-2,Clean,
https://www.eventful.com/birmingham_al/events/bob-sykes-bbq-and-blues-festival-/E0-001-029842381-2,Clean,
https://www.eventful.com/bismarck/events/great-plains-energy-expo-/E0-001-028520005-3,Clean,
https://www.eventful.com/chicago_il/events/every-friday-stereo-frida-/E0-001-038285448-9@2011102822,Clean,
https://www.eventful.com/chicago_il/venues/house-of-blues-chicago-/V0-001-001461567-7,Clean,
https://www.eventful.com/clinton_ny/events/adirondack-scenic-railroad-fall-foliage-train-ri-/E0-001-031098055-6,Clean,
https://www.eventful.com/desmoines/events/mo-rocca-pj-orourke-and-peter-sagal-/E0-001-035241853-6,Clean,
https://www.eventful.com/edmonton/events/david-suzuki-/E0-001-032880169-8,Clean,
https://www.eventful.com/edmonton/events/metropolis-electronic-music-festival-/E0-001-032064844-6,Clean,
https://www.eventful.com/edmonton/venues/myer-horowitz-theatre-/V0-001-000153585-8,Clean,
https://www.eventful.com/events/claudine-mercier-complet-/E0-001-036700189-9,Clean,
https://www.eventful.com/events/dean-young-hotel-california-original-eagles-tribute-band-/E0-001-030583082-2,Clean,
https://www.eventful.com/events/festival-des-couleurs-montsaintsauveur-/E0-001-009559377-2,Clean,
https://www.eventful.com/fitzgerald/events/rush-springs-watermelon-festival-/E0-001-014589646-8,Clean,
https://www.eventful.com/fortcollins/events/bud-light-port-paradise-4-launch-party-3-trips-/E0-001-031794884-1,Clean,
https://www.eventful.com/geo?country_id=190,Clean,
https://www.eventful.com/geo?country_id=195,Clean,
https://www.eventful.com/geo?region_id=981,Clean,
https://www.eventful.com/greenville/events/kelen-heller-/E0-001-028227136-0,Clean,
https://www.eventful.com/kansascity_ks/events/whisper-walk-zona-rosa-/E0-001-041000502-9,Clean,
https://www.eventful.com/kansascity_ks/events/zona-rosa-arts-festival-/E0-001-041000500-1,Clean,
https://www.eventful.com/kansascity_mo/events/115kansas-city-mohollywood-undead-wwiii-/E0-001-041641152-3,Clean,
https://www.eventful.com/kansascity_mo/events/b17-flight-experience-/E0-001-032050812-0@2010071600,Clean,
https://www.eventful.com/kansascity_mo/events/bill-ouseley-mobsters-our-midst-civella-crim-/E0-001-038231709-4,Clean,
https://www.eventful.com/kansascity_mo/events/broadway-bridge-run-/E0-001-029403443-4,Clean,
https://www.eventful.com/kansascity_mo/events/flannigans-right-hook-/E0-001-032656880-5,Clean,
https://www.eventful.com/kansascity_mo/events/fountain-day-2010-/E0-001-029375859-1,Clean,
https://www.eventful.com/kansascity_mo/events/ghost-hunting-101-class-real-ghost-hunt-/E0-001-034603233-5,Clean,
https://www.eventful.com/kansascity_mo/events/john-wornall-house-garden-tour-/E0-001-029895963-6,Clean,
https://www.eventful.com/kansascity_mo/events/journey-/E0-001-037601972-0,Clean,
https://www.eventful.com/kansascity_mo/events/metro-north-mall-easter-events-/E0-001-028871778-5,Clean,
https://www.eventful.com/kansascity_mo/events/pembroke-hill-school-clothesline-sale-/E0-001-029063883-4,Clean,
https://www.eventful.com/kansascity_mo/events/st-teresas-academy-tnt-/E0-001-029067582-6@2010032609,Clean,
https://www.eventful.com/kansascity_mo/events/tee-up-sids-golf-tournament-/E0-001-030436988-6,Clean,
https://www.eventful.com/kansascity_mo/events/weekday-happy-hour-/E0-001-027603950-5@2010020515,Clean,
https://www.slovenia-furniture.com/,Clean,
https://www.slovenia-homecoming.com/,Clean,
https://www.slovenia-tourist-guide.com/,Clean,
https://www.slovenia.calivita.com/,Clean,
https://www.slovenia.costasur.com/en/important-cities.html,Clean,
https://www.slovenia.europe-countries.com/,Clean,
https://www.slovenia.themovechannel.com/,Clean,
https://www.slovenia.tigweb.org/,Clean,
https://www.slovenia.usembassy.gov/,Clean,
https://www.slovenia1945.org/,Clean,
https://www.sloveniacamper.com/,Clean,
https://www.sloveniaglobe.com/,Clean,
https://www.sloveniatoday.blogspot.com/,Clean,
https://www.slowboatfilms.com/,Clean,
https://www.slowchurned.com/,Clean,
https://www.slowcoustic.com/2009/03/05/post-rock-instrumental-evening-montreals-torngat-is-invited/,Clean,
https://www.sltcc.org/CRStage.cfm?Page=View%20Article&CAT=HISTORY%20OF%20SLTCC&Active=Public&UID=0U812&MainNav=True,Clean,
https://www.slucien.com/,Clean,
https://www.slumz.boxden.com/f16/brandon-lloyd-dealt-rams-1633344/,Clean,
https://www.slumz.boxden.com/f16/former-nba-star-isaiah-rider-arrested-1028554/,Clean,
https://www.slumz.boxden.com/f16/kareem-rush-starts-r-b-career-song-inside-1374418/,Clean,
https://www.slumz.boxden.com/f16/knicks-derrick-brown-working-out-video-1637146/,Clean,
https://www.slumz.boxden.com/f16/sidney-crosby-vs-jimmy-howard-1354352/,Clean,
https://www.slumz.boxden.com/f16/throwback-allen-iverson-2000-01-playoffs-vs-vince-carter-video-1619806/,Clean,
https://www.slumz.boxden.com/f16/vernon-davis-vs-antonio-gates-1398528/,Clean,
https://www.slumz.boxden.com/f16/vote-all-records-you-think-aaron-rodgers-will-break-season-1650907/,Clean,
https://www.slumz.boxden.com/f353/andre-ward-vs-carl-froch-12-17-11-showtime-ppv-1557219/,Clean,
https://www.slumz.boxden.com/f87/casual-rap-god-f-tajai-pep-love-1643839/,Clean,
https://www.slumz.boxden.com/f87/common-dreamer-believer-album-tracklist-1649953/,Clean,
https://www.slumz.boxden.com/f87/dirty-money-last-train-paris-tracklist-1282656/,Clean,
https://www.slumz.boxden.com/f87/ea-ski-please-fea-ice-cube-amazing-1549669/,Clean,
https://www.slumz.boxden.com/f87/eminem-nate-dogg-tribute-osheaga-festival-1587041/,Clean,
https://www.slumz.boxden.com/f87/eminem-play-osheaga-music-festival-montreal-july-1527414/,Clean,
https://www.slumz.boxden.com/f87/game-r-e-d-album-album-cover-official-track-list-1592643/,Clean,
https://www.slumz.boxden.com/f87/game-x-r-e-d-album-packaging-1595339/,Clean,
https://www.slumz.boxden.com/f87/r-i-p-seagram-rap-lot-west-artist-1644870/,Clean,
https://www.slurrymagazine.com/2011/01/13/chinese-foot-binding-1/,Clean,
https://www.slygenealogy.blogspot.com/,Clean,
https://www.slygrenier.blogspot.com/2009/02/sylvain-ecole-de-lutte-ouvrira-bientot.html,Clean,
https://www.slygrenier.blogspot.com/2009/04/former-wwe-talent-grenier-opens-pro.html,Clean,
https://www.slyoyster.hypervocal.com/,Clean,
https://www.sm.mdacorporation.com/careers/ops_montreal.html,Clean,
https://www.sm0kenet.net/,Clean,
https://www.smackdown.neoseeker.com/wiki/Al_Snow,Clean,
https://www.smackdown.neoseeker.com/wiki/Chris_Benoit,Clean,
https://www.smackdown.neoseeker.com/wiki/Sylvain_Grenier,Clean,
https://www.smacktalks.org/allstars/list.php?q=&page=2&sort=creation_id&console=&type=,Clean,
https://www.small-green-steps.com/,Clean,
https://www.smallbusiness.aol.com/2010/10/31/oaksterdam-universitys-dale-sky-clare-on-a-marijuana-mission/,Clean,
https://www.smallbusiness.chron.com/limited-liability-partnership-advantages-disadvantages-4429.html,Clean,
https://www.smallbusiness.dnb.com/,Clean,
https://www.smallbusiness.findlaw.com/,Clean,
https://www.smallbusiness.yahoo.com/,Clean,
https://www.smallbusiness.yahoo.com/?s_fptrough=ysb_acq_smallbiz_20081001,Clean,
https://www.smallbusiness.yahoo.com/advisor/answers/Missouri+communities-20090603125946AA8KLjC.html,Clean,
https://www.smallbusiness.yahoo.com/advisor/answers/charge+cards-20070126123452AAwSFd5.html,Clean,
https://www.smallbusiness.yahoo.com/marketing/,Clean,
https://www.smallcollegebasketball.tumblr.com/page/2,Clean,
https://www.smallcollegebasketball.tumblr.com/post/1124251547/the-incredible-story-of-the-legendary-bevo-francis,Clean,
https://www.smallestminority.blogspot.com/,Clean,
https://www.smalley-gemstones.com/,Clean,
https://www.smalley.cc/,Clean,
https://www.smalley.rice.edu/,Clean,
https://www.smalleycenter.com/,Clean,
https://www.smalleycommunityplanning.com/,Clean,
https://www.smalleyenergy.com/,Clean,
https://www.smalleyfamily.com/,Clean,
https://www.smalleylaw.com/,Clean,
https://www.smalleymedical.com/,Clean,
https://www.smalleyphoto.com/,Clean,
https://www.smallfarmersbigchange.coop/2011/10/28/united-students-for-fair-trade-call-for-a-boycott-on-transfairfairtrade-usa-certified-products/,Clean,
https://www.smalltownssc.com/about/,Clean,
https://www.smallville.wikia.com/wiki/Eric_Johnson,Clean,
https://www.smallville.wikia.com/wiki/Helen_Bryce,Clean,
https://www.smallville.wikia.com/wiki/Season_8,Clean,
https://www.smallvilleseason10.blogspot.com/,Clean,
https://www.smaqlounge.blogspot.com/2009/11/souls-of-mischief-montezumas-revenge.html,Clean,
https://www.smartcanucks.ca/air-canada-15-off-all-tango-or-tango-plus-fares-to-any-canadian-us-international-or-sun-destination-departing-from-canada/,Clean,
https://www.smartcanucks.ca/air-canada-tango-save-50-on-select-routes-with-maritimesus-cities/,Clean,
https://www.smartcanucks.ca/dollarama-canada-prices-going-up-in-february-2009/,Clean,
https://www.smartcanucks.ca/page/6/,Clean,
https://www.smartcanucks.ca/save-10-at-canadawide-flowers-online-promo-code/,Clean,
https://www.smartcanucks.ca/tag/dollarama/,Clean,
https://www.smartcanucks.ca/tag/reitmans-canada/,Clean,
https://www.smartcine.com/blog/2011/05/10/focus-features-acquires-domestic-distribution-rights-to-seeking-a-friend-for-the-end-of-the-world/,Clean,
https://www.smartech.gatech.edu/handle/1853/7082,Clean,
https://www.smartercities.nrdc.org/topic/transportation/philadelphia-pennsylvania-0,Clean,
https://www.smartestguyincanada.ca/samuel-bronfman-canadian-business-pioneer,Clean,
https://www.smarthistory.khanacademy.org/les-demoiselles-davignon.html,Clean,
https://www.smartlifeinstitute.com/,Clean,
https://www.smartpen101.com/,Clean,
https://www.smartpenreviews.net/,Clean,
https://www.smartprojectnews.reedconstructiondata.com/,Clean,
https://www.smartracepaint.blogspot.com/2009/05/indy-500-helmets-for-alex-tagliani.html,Clean,
https://www.smartties.com/,Clean,
https://www.smartvoter.org/2009/02/24/ca/la/race/1/,Clean,
https://www.smashits.com/bollywood/movies/175/josh.html,Clean,
https://www.smcgaels.cstv.com/sports/m-baskbl/spec-rel/stma-m-baskbl-spec-rel.html,Clean,
https://www.smcgaels.wordpress.com/2011/06/29/cleaning-up-the-archives-part-2-slip-madigan/,Clean,
https://www.smcipoh.com/,Clean,
https://www.smellybox.com/,Clean,
https://www.smg.photobucket.com/albums/v423/ricyu/BIRDS/Raptors/Gray-faced%20buzzard%20Eagle/,Clean,
https://www.smh.domain.com.au/questions/what-is-freehold-title-20101002-161nc.html,Clean,
https://www.smilesdavis.wordpress.com/,Clean,
https://www.smileysmile.net/board/index.php?topic=7155.0,Clean,
https://www.smirkingchimp.com/thread/2993,Clean,
https://www.smith-and-wesson-knives.blogspot.com/2010/10/smith-wesson-ckgm-guide-master-tanto.html,Clean,
https://www.smith-mountain-lake.com/,Clean,
https://www.smith-wessonforum.com/s-w-smithing/180126-blackening-aluminum.html,Clean,
https://www.smithandobrienlaw.com/LynnPardee.aspx,Clean,
https://www.smithforensic.blogspot.com/2010/05/john-edward-green-jr-judge-kevin-fine.html,Clean,
https://www.smithgalleries.blogspot.com/,Clean,
https://www.smithvilletimes.com/2011/08/09/carolina-carole-cadena-tovar/,Clean,
https://www.smithvonbach.com/,Clean,
https://www.smithyga.tripod.com/id30.html,Clean,
https://www.sml.comm.cornell.edu/,Clean,
https://www.smokingsection.uproxx.com/TSS/2009/05/kanye-west-paranoid-video,Clean,
https://www.smokingsection.uproxx.com/TSS/2009/11/charlie-wilson-take-this-ring,Clean,
https://www.smokingsection.uproxx.com/TSS/2010/07/freddie-gibbs-national-anthem-video,Clean,
https://www.smokingsection.uproxx.com/TSS/2010/10/download-louie-p-newton-david-ruffin,Clean,
https://www.smokingsection.uproxx.com/TSS/2010/10/download-tech-n9ne-feat-krizz-kaliko-bad-season,Clean,
https://www.smokingsection.uproxx.com/TSS/2010/11/review-of-kanye-west-my-beautiful-dark-twisted-fantasy,Clean,
https://www.smokingsection.uproxx.com/TSS/2011/04/a-trak-feat-cyhi-da-prynce-danny-brown-donnis-pill-ray-ban-vision-remix,Clean,
https://www.smokingsection.uproxx.com/TSS/2011/04/new-music-curreny-jetsgo,Clean,
https://www.smokingsection.uproxx.com/TSS/2011/05/currensy-jetsgo-video,Clean,
https://www.smokingsection.uproxx.com/TSS/2011/05/video-derrick-rose-dunks-on-joel-anthony,Clean,
https://www.smokingsection.uproxx.com/TSS/2011/09/tech-n9ne-to-embark-to-40-city-tour-to-promote-new-collabos-album,Clean,
https://www.smokingsection.uproxx.com/TSS/2011/09/the-ipod-shuffle-kanye-wests-amazing,Clean,
https://www.smontagu.damowmow.com/genEncodingTest.cgi?family=windows&codepage=932,Clean,
https://www.smontagu.damowmow.com/genEncodingTest.cgi?family=windows&codepage=950,Clean,
https://www.smoothjazz.com/,Clean,
https://www.smoothjazz.com/loft/,Clean,
https://www.smotri.proisk.ru/,Clean,
https://www.smotrisport.com.hypestat.com/,Clean,
https://www.smpskc.org/,Clean,
https://www.smr.newswire.ca/en/fraser-milner-casgrain/fmc-receives-4-zenith-awards,Clean,
https://www.smr.newswire.ca/en/fraser-milner-casgrain/fraser-milner-casgrain-llp-reveals-new-identity,Clean,
https://www.smr.newswire.ca/en/mcgill-university-health-centre/mcgill-university-health-centre-unveils-plans-and-breaks,Clean,
https://www.smr.newswire.ca/en/pepsico-beverages-canada/quaker-and-olympic-champion-alexandre-bilodeau,Clean,
https://www.smritifilms.com/,Clean,
https://www.sms4smile.com/ghazal-sms/wafa-ki-raah-meinmain-aaj-bhi-akaila-hoon.html,Clean,
https://www.smspunch.com/,Clean,
https://www.smtumblr.tumblr.com/,Clean,
https://www.smu.edu/ijas/delteil.html,Clean,
https://www.smu.edu/newsinfo/excerpts/curran-spring2005.html,Clean,
https://www.smurfs.wikia.com/wiki/Farmer_Smurf,Clean,
https://www.sn-fic.livejournal.com/,Clean,
https://www.sn.soapnet.go.com/shows/one-tree-hill,Clean,
https://www.snacks.cyberpunks.org/peterpaul.html,Clean,
https://www.snakbox.com/,Clean,
https://www.snakebytestv.ning.com/group/boas,Clean,
https://www.snapit-photo-competition.blogspot.com/,Clean,
https://www.snarebooks.wordpress.com/,Clean,
https://www.snarebooks.wordpress.com/snare-books/,Clean,
https://www.snarkerati.com/galleries/index.php/Brigitte-Bako,Clean,
https://www.snarkerati.com/galleries/index.php/Vanessa-Lengies,Clean,
https://www.snbehera.com/,Clean,
https://www.snclavalin.blogspot.com/,Clean,
https://www.snesorama.us/board/archive/index.php/t-40857.html,Clean,
https://www.snesorama.us/board/showthread.php?t=40857,Clean,
https://www.sngrsongwriter.com/,Clean,
https://www.sniderfoods.com/,Clean,
https://www.snipsly.com/2010/08/04/hosta-aspen-gold/,Clean,
https://www.snirs.com/,Clean,
https://www.snjmusontario.org/,Clean,
https://www.snltranscripts.jt.org/00/00gbacharach.phtml,Clean,
https://www.snopes-faith.livejournal.com/,Clean,
https://www.snopes.com/photos/signs/headstone.asp,Clean,
https://www.snovalleystar.com/2011/07/07/snoqualmie-man-killed-in-car-crash-on-state-route-18,Clean,
https://www.snowboard.mountainzone.com/craig_kelly.html,Clean,
https://www.snowcaptraffic.com/records/bert,Clean,
https://www.snowcaptraffic.com/records/donnie,Clean,
https://www.snowcaptraffic.com/records/ernesto,Clean,
https://www.snowcaptraffic.com/records/jeanne,Clean,
https://www.snowcaptraffic.com/records/laurence,Clean,
https://www.snowcaptraffic.com/records/lionel,Clean,
https://www.snowcaptraffic.com/records/saundra,Clean,
https://www.snowcaptraffic.com/records/sherry,Clean,
https://www.snowcaptraffic.com/records/sondra,Clean,
https://www.snowdayforlhasa.com/,Clean,
https://www.snowfl05.tripod.com/bpo/sunshine-biscuipb.html,Clean,
https://www.snowjapan.com/,Clean,
https://www.snowleopardragon8.tumblr.com/post/12155346661/rock-and-roll-ghoul-by-the-mad-tea-party-band,Clean,
https://www.snowquarter.com/,Clean,
https://www.snsl.smash-it.ch/team.php?team=11,Clean,
https://www.snsl.smash-it.ch/team.php?team=25,Clean,
https://www.snsvo2.seekandsource.com/specialitypapers/,Clean,
https://www.sntr.senate.ca.gov/,Clean,
https://www.snu.edu/Adam-Bohac-named-new-SNU-Mens-Basketball-Coach,Clean,
https://www.snu.edu/awardees-2008,Clean,
https://www.snvfoundation.org/home.php?n=about,Clean,
https://www.sny.stats.com/cbk/teamstats.asp?team=0442&report=stats,Clean,
https://www.snydercounty.wnep.com/news/news/parents-english-teacher-writes-racy-novels/58743,Clean,
https://www.snyderheritagefarms.com/,Clean,
https://www.snypamuzicc.blogspot.com/2008/11/fat-tone-discography.html,Clean,
https://www.soa.sys-con.com/node/380232,Clean,
https://www.soan.owu.edu/alumniNews.html,Clean,
https://www.soapboxla.blogspot.com/2011/01/citywatchla-succession-strategies.html,Clean,
https://www.soapcentral.com/amc/news/2011/0510-mcclain.php,Clean,
https://www.soapcentral.com/amc/theactors/mcclain_cady.php,Clean,
https://www.soapcentral.com/gh/news/2011/0614-charleson.php?printonly=yes,Clean,
https://www.soapcentral.com/gl/whoswho/hawk.php,Clean,
https://www.soapcompanion.wordpress.com/2011/01/12/marla/,Clean,
https://www.soaphunks.net/hunk.php?pictag=walker,Clean,
https://www.soaps.sheknows.com/allmychildren/castlist/,Clean,
https://www.soaps.sheknows.com/boldandbeautiful/actor/552/Darcy_Rose_Byrnes/,Clean,
https://www.soaps.sheknows.com/boldandbeautiful/cast/445/Storm_Logan_Jr/,Clean,
https://www.soaps.sheknows.com/daysofourlives/news/id/20259/Days_Of_Our_Lives_Casts_Ruta_Lee/,Clean,
https://www.soaps.sheknows.com/generalhospital/cast/808/Lisa_Niles/,Clean,
https://www.soaps.sheknows.com/youngandrestless/cast/51/John_Abbott/,Clean,
https://www.soaps.sheknows.com/youngandrestless/castlist/,Clean,
https://www.soaps.sheknows.com/youngandrestless/news/id/11123/The_Young_And_The_Restless_Darcy_Rose_Byrnes_To_De/,Clean,
https://www.soar2college.net/team.html,Clean,
https://www.soarcadefire.com/,Clean,
https://www.sobercollege.com/the-sc-difference/woodbury-partnership,Clean,
https://www.sobrietystones.com/,Clean,
https://www.soc.qc.cuny.edu/faculty/fernandes/,Clean,
https://www.socalfilm.com/films/fineline.html,Clean,
https://www.socalledmtl.bandcamp.com/,Clean,
https://www.socalledmtl.bandcamp.com/album/sleepover,Clean,
https://www.socaltech.com/conjuchem_led_by_dr_patrick_soon_shiong_relaunches_in_la/s-0037784.html,Clean,
https://www.socareggaefestival.com/,Clean,
https://www.socawarriors.net/archive/joel_bailey.htm,Clean,
https://www.soccer-stleonard.com/,Clean,
https://www.soccer.azplayers.com/players/A19,Clean,
https://www.soccer.azplayers.com/players/C20,Clean,
https://www.soccer.azplayers.com/players/F5,Clean,
https://www.soccer.azplayers.com/players/G10,Clean,
https://www.soccer.azplayers.com/players/G23,Clean,
https://www.soccer.azplayers.com/players/L9,Clean,
https://www.soccer.azplayers.com/players/M80,Clean,
https://www.soccer.azplayers.com/players/S,Clean,
https://www.soccer.azplayers.com/players/W4,Clean,
https://www.soccer.meetup.com/,Clean,
https://www.soccer.scoresports.com/shop-by-position/players/jerseys/new-zealand-no-247.html,Clean,
https://www.soccer.univision.mobi/,Clean,
https://www.soccer2008bygorddunphy.blogspot.com/2009_08_01_archive.html,Clean,
https://www.soccer2008bygorddunphy.blogspot.com/2010/02/week-3-nlsa-senior-mens-indoor-soccer.html,Clean,
https://www.socceracademyofamerica.com/,Clean,
https://www.soccerbase.com.hypestat.com/,Clean,
https://www.soccerblogs.net/daily/20071213/,Clean,
https://www.soccerblogs.net/daily/20080828/,Clean,
https://www.soccerblogs.net/daily/20090210,Clean,
https://www.soccerblogs.net/daily/20090602/,Clean,
https://www.soccerblogs.net/daily/20090617/,Clean,
https://www.soccerblogs.net/daily/20090918/,Clean,
https://www.soccerblogs.net/daily/20100430/,Clean,
https://www.soccerblogs.net/daily/20100706/,Clean,
https://www.soccerblogs.net/tags/concacaf_gold_cup/,Clean,
https://www.soccerblogs.net/tags/urawa_red_diamonds/,Clean,
https://www.soccerinsight.info/english-premier-league-players-transfers-20112012/,Clean,
https://www.soccerkc.com/,Clean,
https://www.soccerlens.com/football-legends-defenders/21859/,Clean,
https://www.soccerlens.com/largest-football-stadiums/36427/,Clean,
https://www.soccerlens.com/the-2009-concacaf-gold-cup/31248/,Clean,
https://www.soccerlens.com/the-legends-midfielders/21863/,Clean,
https://www.soccermaniax.com/2010/08/los-angeles-galaxy-vs-real-madrid-live-stream-pre-season-friendly/,Clean,
https://www.soccermundialnet.blogspot.com/2011/07/rio-draw-pits-spain-against-france-fifa.html,Clean,
https://www.soccermundialnet.blogspot.com/2011/10/match-schedule-for-2014-fifa-world-cup.html,Clean,
https://www.soccermundialnet.blogspot.com/2011/10/pan-am-games-2011-with-its-second-win.html,Clean,
https://www.soccernet.espn.go.com/columns/story?id=493912&root=mls&cc=5739,Clean,
https://www.soccernet.espn.go.com/columns/story?id=620552&sec=mls&root=mls&cc=5739,Clean,
https://www.soccernet.espn.go.com/columns/story?id=724268&sec=mls&root=mls&cc=5739,Clean,
https://www.soccernet.espn.go.com/commentary?id=314395,Clean,
https://www.soccernet.espn.go.com/draft?league=usa.1&year=1996&type=reg&cc=5901,Clean,
https://www.soccernet.espn.go.com/feature?id=279698,Clean,
https://www.soccernet.espn.go.com/gamecast?id=224854,Clean,
https://www.soccernet.espn.go.com/gamecast?id=232373,Clean,
https://www.soccernet.espn.go.com/gamecast?id=254616,Clean,
https://www.soccernet.espn.go.com/gamecast?id=314374,Clean,
https://www.soccernet.espn.go.com/gamecast?id=314395,Clean,
https://www.soccernet.espn.go.com/gamecast?id=317919,Clean,
https://www.soccernet.espn.go.com/gamecast?id=322828,Clean,
https://www.soccernet.espn.go.com/league/_/id/sco.1/scottish-premier-league,Clean,
https://www.soccernet.espn.go.com/match?id=190269,Clean,
https://www.soccernet.espn.go.com/match?id=198125,Clean,
https://www.soccernet.espn.go.com/match?id=228943,Clean,
https://www.soccernet.espn.go.com/match?id=254579,Clean,
https://www.soccernet.espn.go.com/match?id=254609,Clean,
https://www.soccernet.espn.go.com/match?id=256066,Clean,
https://www.soccernet.espn.go.com/match?id=312582,Clean,
https://www.soccernet.espn.go.com/match?id=317919,Clean,
https://www.soccernet.espn.go.com/match?id=332429,Clean,
https://www.soccernet.espn.go.com/news/story/_/id/945024/wolfsburg-sign-former-west-ham-midfielder-thomas-hitzlsperger,Clean,
https://www.soccernet.espn.go.com/news/story/_/id/966231/micah-richards:-man-utd's-phil-jones-is-a-future-england-captain,Clean,
https://www.soccernet.espn.go.com/news/story?id=591280&sec=worldcup2010&cc=5739,Clean,
https://www.soccernet.espn.go.com/news/story?id=742077&sec=uefachampionsleague&cc=5739,Clean,
https://www.soccernet.espn.go.com/news/story?id=812663&sec=transfers&cc=5739,Clean,
https://www.soccernet.espn.go.com/player/_/id/109312/nils-petersen,Clean,
https://www.soccernet.espn.go.com/player/_/id/123537/fraser-franks,Clean,
https://www.soccernet.espn.go.com/player/_/id/157292/milan-borjan,Clean,
https://www.soccernet.espn.go.com/player/_/id/164649/cody-cropper,Clean,
https://www.soccernet.espn.go.com/player/_/id/37520/steven-davis,Clean,
https://www.soccernet.espn.go.com/player/_/id/42042/roberto-soldado,Clean,
https://www.soccernet.espn.go.com/player/_/id/75568/calen-carr,Clean,
https://www.soccernet.espn.go.com/player/_/id/93646/jean-yves-mvoto-owono,Clean,
https://www.soccernet.espn.go.com/report?id=195802,Clean,
https://www.soccernet.espn.go.com/report?id=264063,Clean,
https://www.soccernet.espn.go.com/report?id=264108&cc=5901&ver=us,Clean,
https://www.soccernet.espn.go.com/report?id=308524,Clean,
https://www.soccernet.espn.go.com/report?id=314221,Clean,
https://www.soccernet.espn.go.com/report?id=314254,Clean,
https://www.soccernet.espn.go.com/report?id=314317,Clean,
https://www.soccernet.espn.go.com/results/_/league/concacaf.champions/concacaf-champions-league,Clean,
https://www.soccernet.espn.go.com/round/_/groupId/1/league/CONCACAF.CHAMPIONS/seasonType/2/concacaf-champions-league,Clean,
https://www.soccernet.espn.go.com/round/_/season/2009/groupId/1/league/concacaf.gold/seasonType/1/concacaf-gold-cup,Clean,
https://www.soccernet.espn.go.com/scoreboard?league=all&cc=5901,Clean,
https://www.soccernet.espn.go.com/section?id=premierleague&cc=5901,Clean,
https://www.soccernet.espn.go.com/stats/attendance/_/league/usa.1/year/2010/major-league-soccer,Clean,
https://www.soccernet.espn.go.com/stats/scorers/_/league/usa.1/major-league-soccer,Clean,
https://www.soccernet.espn.go.com/tables/_/league/usa.1/major-league-soccer,Clean,
https://www.soccernet.espn.go.com/tables/_/league/usa.usl.1/united-soccer-leagues,Clean,
https://www.soccernet.espn.go.com/team/_/id/203/mexico,Clean,
https://www.soccernet.espn.go.com/team/_/id/210/paraguay,Clean,
https://www.soccernet.espn.go.com/team/_/id/3385/urawa-red-diamonds,Clean,
https://www.soccernet.espn.go.com/team/_/id/450/czech-republic,Clean,
https://www.soccernet.espn.go.com/team/fixtures/_/id/9723/portland-timbers,Clean,
https://www.soccernet.espn.go.com/team/fixtures/_/id/9727/league/usa.1/vancouver-whitecaps,Clean,
https://www.soccernet.espn.go.com/team/squad/_/id/203/league/concacaf.gold/mexico,Clean,
https://www.soccernet.espn.go.com/team/squad/_/id/203/season/2009/league/concacaf.gold/mexico,Clean,
https://www.soccernet.espn.go.com/world-cup/player/bio?id=22774,Clean,
https://www.soccernet.espn.go.com/world-cup/story/_/page/worldcup101-03172010/ce/us/new-zealand-american-connection,Clean,
https://www.soccernet.espn.go.com/world-cup/team/history?id=660&ver=us&cc=5901,Clean,
https://www.soccernews.bigsoccer.com/,Clean,
https://www.soccernews.bigsoccer.com/topic/Aston_Villa,Clean,
https://www.soccernews.bigsoccer.com/topic/Brazil_national_football_team,Clean,
https://www.soccernews.bigsoccer.com/topic/Good_Morning_America,Clean,
https://www.soccernews.bigsoccer.com/topic/Italy_national_football_team,Clean,
https://www.soccernews.bigsoccer.com/topic/New_York_Red_Bulls,Clean,
https://www.soccernews.bigsoccer.com/topic/Toronto_FC,Clean,
https://www.soccernews.bigsoccer.com/topic/Vancouver_Whitecaps,Clean,
https://www.soccernews.bigsoccer.com/topic/Wolverhampton_Wanderers,Clean,
https://www.soccerorassociationfootball.blogspot.com/2011/05/puerto-rico-islanders-top-tempete-in-ot.html,Clean,
https://www.soccerplayer-pictures.blogspot.com/2010/11/cristiano-ronaldo-team-real-madrid.html,Clean,
https://www.soccerplayer-pictures.blogspot.com/2010/11/mesut-ozil-team-real-madrid.html,Clean,
https://www.soccerpremierleagues.blogspot.com/,Clean,
https://www.soccersceneusa.blogspot.com/2009_02_01_archive.html,Clean,
https://www.soccersceneusa.blogspot.com/2010/02/gotsmanov-joins-nsc-minnesota-stars.html,Clean,
https://www.soccersceneusa.blogspot.com/2011/05/exeter-leads-lynx-over-rage-in-w-league.html,Clean,
https://www.soccersceneusa.blogspot.com/2011/07/campos-brace-lead-railhawks-over-fc.html,Clean,
https://www.soccersceneusa.blogspot.com/2011/08/silverbacks-stun-fury-for-2011-w-league.html,Clean,
https://www.soccersceneusa.blogspot.com/2011/10/nsc-minnesota-stars-win-nasl.html,Clean,
https://www.soccersceneusa.blogspot.com/2011/11/biello-retained-by-marsch-as-impact.html,Clean,
https://www.soccersceneusa.blogspot.com/2011/11/silverbacks-save-nine-cut-three-as.html,Clean,
https://www.social.consimworld.com/group/limeyyankgames,Clean,
https://www.social.entertainment.msn.com/movies/blogs/the-hitlist-blog.aspx?feat=4bc5f2c9-a001-4153-8608-4e6e946f286d&gt1=28101,Clean,
https://www.social.expression.microsoft.com/Forums/en-US/blend/thread/27c805cf-0b57-450d-a90f-4d415b7276cd,Clean,
https://www.social.expression.microsoft.com/Forums/en-US/web/thread/ce105d9f-b7db-4aac-a0e6-a06b009eb584,Clean,
https://www.social.happytreefriends.com/,Clean,
https://www.social.msdn.microsoft.com/Forums/en-US/roboticssimulation/thread/c8c2c3eb-4702-4bb5-a366-599e5ea2257e/,Clean,
https://www.social.msdn.microsoft.com/Forums/en-US/roboticssimulation/thread/ca97f5b0-fdde-4f76-8a97-9b762e30998c/,Clean,
https://www.social.msdn.microsoft.com/Forums/en/winforms/thread/75b6892a-6231-47b8-85fa-4ccc6548e4ce,Clean,
https://www.social.msdn.microsoft.com/forums/en-US/gametechnologiesxna/thread/6d061e69-3f0f-4488-868f-59af1d23e9e7/,Clean,
https://www.social.msdn.microsoft.com/forums/en-us/windowsdirectshowdevelopment/thread/9A8947A1-EA0B-4581-B66C-738A6F5733CB,Clean,
https://www.social.msdn.microsoft.com/forums/en-us/winformsdatacontrols/thread/7A1BC5DD-4E1A-4CB3-8B1A-8AFDB013E85F,Clean,
https://www.social.technet.microsoft.com/Forums/en-CA/operationsmanagermgmtpacks/thread/209af469-6adc-42db-96fb-4b4afdb69897,Clean,
https://www.social.technet.microsoft.com/Forums/en-US/winservergen/thread/9287d9ec-4f7b-4f64-9167-b21afdb0131f,Clean,
https://www.social.technet.microsoft.com/Forums/en/exchangesvradmin/thread/861e7336-9e0a-4fed-ac12-961b9a4bfefe,Clean,
https://www.socialarchive.iath.virginia.edu/xtf/search?facet-identityAZ=F;facet-entityType=person,Clean,
https://www.socialarchive.iath.virginia.edu/xtf/search?facet-identityAZ=L;facet-entityType=person,Clean,
https://www.socialarchive.iath.virginia.edu/xtf/search?facet-identityAZ=M,Clean,
https://www.socialarchive.iath.virginia.edu/xtf/search?facet-identityAZ=R;facet-entityType=person,Clean,
https://www.socialarchive.iath.virginia.edu/xtf/search?facet-identityAZ=W,Clean,
https://www.socialarchive.iath.virginia.edu/xtf/search?facet-identityAZ=W;facet-entityType=person,Clean,
https://www.socialarchive.iath.virginia.edu/xtf/search?text=A-F;browse=,Clean,
https://www.socialarchive.iath.virginia.edu/xtf/search?text=Collected;browse=,Clean,
https://www.socialarchive.iath.virginia.edu/xtf/search?text=Jean.;browse=,Clean,
https://www.socialarchive.iath.virginia.edu/xtf/search?text=John%20B.;browse=,Clean,
https://www.socialarchive.iath.virginia.edu/xtf/search?text=Louis.;browse=,Clean,
https://www.socialarchive.iath.virginia.edu/xtf/search?text=The%20West.;browse=,Clean,
https://www.socialarchive.iath.virginia.edu/xtf/search?text=The%20road.;browse=,Clean,
https://www.socialarchive.iath.virginia.edu/xtf/search?text=United%20States.%20Navy.;browse=,Clean,
https://www.socialarchive.iath.virginia.edu/xtf/search?text=United%20States.%20Navy.;facet-entityType=person,Clean,
https://www.socialbusiness.centriq.com/,Clean,
https://www.socialbusiness.centriq.com/getstarted.aspx,Clean,
https://www.socialcapitalreview.org/washington-state-indoor-smoking-ban-good-for-bars-taverns-and-the-states-general-fund/,Clean,
https://www.socialcolumbia.com/,Clean,
https://www.socialcoup.com/,Clean,
https://www.socialdefiance.com/,Clean,
https://www.socialdiligence.com/person/f/f-df/f-df875.html,Clean,
https://www.socialdiligence.com/person/g/g-gi/g-gi205.html,Clean,
https://www.socialdiligence.com/person/k/k-mo/k-mo713.html,Clean,
https://www.socialdiligence.com/person/l/l-ac/l-ac750.html,Clean,
https://www.socialdiligence.com/person/l/l-df/l-df129.html,Clean,
https://www.socialdiligence.com/person/l/l-df/l-df559.html,Clean,
https://www.socialdiligence.com/person/p/p-df/p-df304.html,Clean,
https://www.socialdiligence.com/person/r/r-mo/r-mo336.html,Clean,
https://www.socialdiligence.com/person/s/s-ac/s-ac1616.html,Clean,
https://www.socialdiligence.com/person/s/s-vz/s-vz333.html,Clean,
https://www.socialdiligence.com/person/z/z-ac/z-ac10.html,Clean,
https://www.socialdiligence.com/person/z/z-ac/z-ac97.html,Clean,
https://www.socialitelife.com/cheryl-cole-seems-terrified-by-piers-morgans-interview-10-2010,Clean,
https://www.socialjustice.ccnmtl.columbia.edu/index.php/Huey_P._Newton,Clean,
https://www.socialjustice.ccnmtl.columbia.edu/index.php/Huey_P._Newton_::_Biography,Clean,
https://www.socialmediabusinessforumineurope.eventbrite.com/,Clean,
https://www.socialmediaclub.org/chapter/kansas-city,Clean,
https://www.socialmediaclubkc.ning.com/,Clean,
https://www.socialmoraygames.com/,Clean,
https://www.socialnavarre.com/,Clean,
https://www.socialskillsgroup.com/,Clean,
https://www.socialtimes.com/shira-lazar-whats-trending_b62284,Clean,
https://www.socialwhitepages.ca/brandon-smith/,Clean,
https://www.socialwhitepages.ca/karine-vanasse/,Clean,
https://www.socialwork.sdsu.edu/,Clean,
https://www.socialwork.uw.edu/,Clean,
https://www.socialworkcafe.net/,Clean,
https://www.socialworkexam.com/,Clean,
https://www.socialworkhallofdistinction.org/honorees/item.php?id=8,Clean,
https://www.socialworkschool.tripod.com/,Clean,
https://www.societe-des-alcools-quebec.foodpages.ca/,Clean,
https://www.society.codpex.com/Organizations/Student/Fraternities_and_Sororities/L/Lambda_Chi_Alpha/,Clean,
https://www.society.codpex.com/Organizations/Student/Fraternities_and_Sororities/Professional_Groups/Kappa_Kappa_Psi-Tau_Beta_Sigma/North_Central_District/Chapters/,Clean,
https://www.societyoffellows.uchicago.edu/events_archive.html,Clean,
https://www.sociology.sas.upenn.edu/tukufu_zuberi,Clean,
https://www.sociology.ucdavis.edu/news/articles-on-university-industry-relationships-by-leland-l-glenna-rick-welsh-william-b-lacy-and-dina-biscotti,Clean,
https://www.sociology.ucdavis.edu/news/bruce-haynes-designated-the-2009-martin-luther-king-outstanding-educator-by-the-martin-luther-king-jr-scholarship-fund,Clean,
https://www.sociology.ucdavis.edu/people/bdhaynes,Clean,
https://www.sociology.ucdavis.edu/people/rwfaris,Clean,
https://www.socrates.berkeley.edu/~caforum/volume5/vol5_reviews.html,Clean,
https://www.socsci.colorado.edu/SOC/Department/news.html,Clean,
https://www.socyberty.com/activism/crushing-crush-films/,Clean,
https://www.socyberty.com/history/world-war-one-canadas-heroes/,Clean,
https://www.socyberty.com/issues/ten-year-old-girl-gives-birth/,Clean,
https://www.socyberty.com/people/top-10-american-comedians-of-all-time/,Clean,
https://www.sodb.stuorg.iastate.edu/,Clean,
https://www.sodiumbabies.com/,Clean,
https://www.sodpo.wordpress.com/,Clean,
https://www.soe.lmu.edu/,Clean,
https://www.sofancyfree.wordpress.com/,Clean,
https://www.sofiaecho.com/2011/04/21/1079113_three-bulgarian-films-headed-for-cannes-moscow-and-karlovy-vary,Clean,
https://www.sofiaecho.com/2011/11/11/1201856_bulgaria-at-the-cinema?ref=rss,Clean,
https://www.soflascene.com/,Clean,
https://www.soflascene.com/news/announcing-rola-music-fest/,Clean,
https://www.soft-kill.com/,Clean,
https://www.softkill.bandcamp.com/,Clean,
https://www.softkill.tumblr.com/,Clean,
https://www.softlandarg.com.ar/epidemic-moody-book-steam-railroading/,Clean,
https://www.softreflex.com/softdownload_kat+tun+cartoon+kat+tun+ii+you.html,Clean,
https://www.softreflex.com/softdownload_koi+wa+itsumo+arashi+no+youni.html,Clean,
https://www.softreflex.com/softdownload_marco+calliari+we+no+speak+americano+vob.html,Clean,
https://www.software-companies-list.com/ireland,Clean,
https://www.softwareblogs.intel.com/2007/11/30/volatile-almost-useless-for-multi-threaded-programming/,Clean,
https://www.softwareintl.com/,Clean,
https://www.softwaretopic.informer.com/what-is-fast-search-by-surf-canyon/,Clean,
https://www.sogoodmusic.blogspot.com/2008/09/ren-angela-wall-to-wall-funk.html,Clean,
https://www.soho-centre.com/SoHo.php,Clean,
https://www.soi-man-lei.suite101.com/japanese-players-in-english-football-a143312,Clean,
https://www.soilmap.psu.edu/,Clean,
https://www.soils.usda.gov/,Clean,
https://www.soils.usda.gov/technical/classification/orders/ultisols_map.html,Clean,
https://www.sol.lp.findlaw.com/2000/booth.html,Clean,
https://www.sol.lp.findlaw.com/2000/cannabis.html,Clean,
https://www.sol.lp.findlaw.com/2000/daniels.html,Clean,
https://www.sol.lp.findlaw.com/2000/ferguson.html,Clean,
https://www.sol.lp.findlaw.com/2000/seling.html,Clean,
https://www.solagrace.org/biblestudyhour,Clean,
https://www.soldbyvolume.blogspot.com/,Clean,
https://www.soldiersangels.org/index.php?page=living-legends,Clean,
https://www.soldierscorner.blogspot.com/2009/08/police-medal-winners-list.html,Clean,
https://www.soldre.com/,Clean,
https://www.sole-tours.com/,Clean,
https://www.sole.hsc.wvu.edu/,Clean,
https://www.soleboutique.com/,Clean,
https://www.solebuffalo.com/,Clean,
https://www.solecollector.com/,Clean,
https://www.solecollector.com/Sneakers/News/Jordan-Sky-High-Retro-Low-Black-White/,Clean,
https://www.solecollector.com/Sneakers/News/Jordan-Sky-High-Retro-TXT-Low-Denim/,Clean,
https://www.solecollector.com/forums/,Clean,
https://www.soleespresso.com/,Clean,
https://www.soleonardcohen.com/celebritynews/writer-musicians-ear-waikato-times-0,Clean,
https://www.solidcapo.cgsociety.org/gallery/381408/,Clean,
https://www.solihull.schooljotter.com/bentley123,Clean,
https://www.soliton.ae.gatech.edu/people/msmith/,Clean,
https://www.soliven.com/,Clean,
https://www.solobass.org/listen.html,Clean,
https://www.solofriendly.com/the-trans-canada-highway-canadas-route-66/,Clean,
https://www.sologuitaraustin.com/,Clean,
https://www.solomonswords.blogspot.com/2009/05/thomas-oneil-bowman-66-coudersport-pa.html,Clean,
https://www.solomonswords.blogspot.com/2011/09/elsie-mills-easton-95-of-ulysses-pa.html,Clean,
https://www.solosabor.com/radio/,Clean,
https://www.solsticepoint.com/astrologersmemorial/earlyauthors.html,Clean,
https://www.solutionfocusedchange.blogspot.com/2011/07/paul-bloom-origins-of-pleasure.html,Clean,
https://www.solutions.oracle.com/partners/cgi,Clean,
https://www.solutions.vzwshop.com/disney/,Clean,
https://www.solutionsradio.blogspot.com/,Clean,
https://www.somali23.blogspot.com/2010/10/somali-useful-phrases.html,Clean,
https://www.somalifamilyservices.org/videoarchive.php,Clean,
https://www.somalilandpress.com/somali-canadians-caught-in-alberta%e2%80%99s-deadly-drug-trade-12751,Clean,
https://www.somanyshrimp.com/2004/10/11/ant-banks/,Clean,
https://www.somemap.com/news/contoh-langsir-pelmet-2010--se.html,Clean,
https://www.somerset-kentucky.com/obituaries/x192548504/Ruby-Gentry,Clean,
https://www.somerset-kentucky.com/weddings/x422133287/Gentry-Dalton-to-wed-Sept-25,Clean,
https://www.somerset.orba-design.com/surname_list.php,Clean,
https://www.somersetcountynj.roxysbestof.com/,Clean,
https://www.somesecretsforyou.blogspot.com/,Clean,
https://www.something-damaged.tumblr.com/,Clean,
https://www.somethingborrowedmovie.warnerbros.com/dvd/,Clean,
https://www.somethinglikefootball.blogspot.com/2009/08/inter-milan-2009-2010-squad-uefa.html,Clean,
https://www.somethingunknown.com/,Clean,
https://www.sometimes-seismic.blogspot.com/,Clean,
https://www.somewherenevertraveled.com/,Clean,
https://www.somgenius.tripod.com/,Clean,
https://www.somgenius.tripod.com/index.html,Clean,
https://www.sommerfrieze.wordpress.com/2011/10/26/roy-smalley-jr-father-of-roy-smalley-brother-in-law-of-mauch-dies-at-85/,Clean,
https://www.sommerfrieze.wordpress.com/2011/11/14/roy-awards-announced-nova-4th/,Clean,
https://www.somo.org/broadwaybridgerun,Clean,
https://www.sondraphoto.com/,Clean,
https://www.sondraphoto.com/testamonials.htm,Clean,
https://www.sonfilms.com/,Clean,
https://www.songandaprayer.net/,Clean,
https://www.songbird.en.softonic.com/,Clean,
https://www.songbook1.wordpress.com/2010/11/10/on-the-return-of-african-american-musical-theater-to-broadway-in-the-1920s/,Clean,
https://www.songerconsulting.net/,Clean,
https://www.songforeurope.wordpress.com/2011/09/30/new-music-demande-moi-by-marie-elaine-thibert-etienne-drapeau/,Clean,
https://www.songforeurope.wordpress.com/2011/10/03/album-art-for-demande-moi-by-marie-elaine-thibert-etienne-drapeau/,Clean,
https://www.songkhlafc.blogspot.com/2010_03_01_archive.html,Clean,
https://www.songklashop.blogspot.com/,Clean,
https://www.songnylorna.en.ec21.com/,Clean,
https://www.songs.freemidipromidi.com/Gold_Andrew/,Clean,
https://www.songs.freemidipromidi.com/Kim_Andy/,Clean,
https://www.songs.raftaar.in/Hindi-Songs/en/Song/Bollywood/E/ek-anari-junglee-janwar-%5B1%5D,Clean,
https://www.songs.raftaar.in/Hindi-Songs/en/Song/Bollywood/M/main-jiski-khatir-ja-raha-hoon,Clean,
https://www.songs.smashits.com/abhishek_bachchan.html,Clean,
https://www.songs.smashits.com/boman_irani.html,Clean,
https://www.songs.smashits.com/farhan_akhtar.html,Clean,
https://www.songs.smashits.com/javed_akhtar.html,Clean,
https://www.songs.smashits.com/jimmy_shergill.html,Clean,
https://www.songs.smashits.com/loy_mendonsa.html,Clean,
https://www.songs.smashits.com/raveena_tandon.html,Clean,
https://www.songs.smashits.com/shaan.html,Clean,
https://www.songs.smashits.com/shankar_ehsaan_loy.html,Clean,
https://www.songs.smashits.com/shreya_ghoshal.html,Clean,
https://www.songs.smashits.com/sunitha_sarathi.html,Clean,
https://www.songs.smashits.com/sunitha_sarathy.html,Clean,
https://www.songs.smashits.com/vishal_shekhar.html,Clean,
https://www.songtekst-vertalen.123vertaal.nl/3934-missy-elliot-work-it.html,Clean,
https://www.songwriteruniverse.com/labellist.html,Clean,
https://www.songwritingservice.com/country-singer-jim-reeves/,Clean,
https://www.soniacabano.wordpress.com/,Clean,
https://www.sonic.saepio.com/,Clean,
https://www.sonic.saepio.com/ams/password.do,Clean,
https://www.sonic.wikia.com/wiki/Brian_Drummond,Clean,
https://www.sonic.wikia.com/wiki/Ryan_Drummond,Clean,
https://www.sonic.wikia.com/wiki/Sonic_X-treme,Clean,
https://www.sonic.wikia.com/wiki/Venus_Terzo,Clean,
https://www.sonicasymmetry.wordpress.com/2008/06/22/andre-duchesne-cordes-a-danser-suite-saguenayenne/,Clean,
https://www.sonickyhilton.com/celebritynews/ice-hockey-legends-join-cardiff-devils-celebrations-walesonline,Clean,
https://www.sonicliving.com/artist/27292,Clean,
https://www.sonicliving.com/artist/8102,Clean,
https://www.sonicliving.com/event/1017703,Clean,
https://www.sonicliving.com/event/3066930,Clean,
https://www.sonicliving.com/user/5754,Clean,
https://www.sonicseven.com/,Clean,
https://www.sonicvideogames.org/,Clean,
https://www.sonja-grandmasonjasstuff.blogspot.com/,Clean,
https://www.sonjaballandthechain.blogspot.com/,Clean,
https://www.sonjablademusic.com/blog/,Clean,
https://www.sonjabphotography.blogspot.com/,Clean,
https://www.sonjalovas.com/,Clean,
https://www.sonjamoon.rc.paperdemon.com/,Clean,
https://www.sonny-with-a-chance.com/,Clean,
https://www.sonny-with-a-chance.com/swac/episode-guide,Clean,
https://www.sonnysimmons.org/,Clean,
https://www.sonnysimmons.org/lasha.htm,Clean,
https://www.sonnyterryandbrowniemcghee.blogspot.com/,Clean,
https://www.sonnyterryandbrowniemcghee.blogspot.com/2010_04_01_archive.html,Clean,
https://www.sonnywithachance.wikia.com/wiki/Brandon_Mychal_Smith,Clean,
https://www.sonnywithachance.wikia.com/wiki/Chad_Dylan_Cooper,Clean,
https://www.sonnywithachance.wikia.com/wiki/Kelly_Blatz,Clean,
https://www.sonnywithachance.wikia.com/wiki/Sonny_Munroe,Clean,
https://www.sonofcodmansquare.blogspot.com/,Clean,
https://www.sonomatics.com/,Clean,
https://www.sonoranalliance.com/2010/06/11/tom-horne-runs-from-amnesty-but-can%e2%80%99t-hide-support/,Clean,
https://www.sonoranalliance.com/2011/07/11/nazi-police-kidnap-woman-at-town-hall/,Clean,
https://www.sonoranalliance.com/2011/07/21/arizona-attorney-general-tom-horne-authorizes-probe-into-independent-redistricting-commission/,Clean,
https://www.sonoranjv.org/,Clean,
https://www.sonsofanarchy.wikia.com/wiki/Mancow_Muller,Clean,
https://www.sonsofanarchy.wikia.com/wiki/Tory_Kittles,Clean,
https://www.sonsofsamhorn.net/wiki/index.php/Red_Sox_Triple_Plays,Clean,
https://www.sonx2u.blogspot.com/2008/11/edward-chen.html,Clean,
https://www.sony-hx9v.com/,Clean,
https://www.sony-mae.deviantart.com/,Clean,
https://www.sony-motherboard-repairs.co.uk/,Clean,
https://www.sony-ps3-cheats.blogspot.com/,Clean,
https://www.sony-vegas-video.en.softonic.com/,Clean,
https://www.sonyasgarden.com/,Clean,
https://www.sonyaskatingschool.com/power.html,Clean,
https://www.sonyminilaptop.com/,Clean,
https://www.sonyps4.com/playstation-move-games/,Clean,
https://www.sonyps4.com/playstation-move/,Clean,
https://www.soocerfan.com/soccer/2011-nutrilite-canadian-championship-schedule/,Clean,
https://www.soomaaliyeeytoosoo.blogspot.com/2011/04/factbox-ships-held-by-somali-pirates.html,Clean,
https://www.soonerstats.com/,Clean,
https://www.soonerstats.com/football/series/details.cfm?oppid=18,Clean,
https://www.soonerstats.com/football/series/details.cfm?oppid=32,Clean,
https://www.sophia.smith.edu/~jmoulton/guidebook/edboard.htm,Clean,
https://www.sophiawireless.com/,Clean,
https://www.sophieeggleton.blogspot.com/2011/01/interview-with-andy-sprake-from.html,Clean,
https://www.soraurenpark.com/,Clean,
https://www.sorda.deviantart.com/,Clean,
https://www.sorenomoreusa.com/,Clean,
https://www.sorensenproperties.com/,Clean,
https://www.soresportmovies.blogspot.com/2011/01/sin-nombre-2009-drama.html,Clean,
https://www.soritt.livejournal.com/35092.html,Clean,
https://www.sorority.utk.edu/chapters/,Clean,
https://www.sorrel.hubpages.com/hub/Tennis---Wimbledon,Clean,
https://www.sorrel.hubpages.com/hub/Tennis-The-US-Open,Clean,
https://www.sortedbyname.com/pages/b102816.html,Clean,
https://www.sortedbyname.com/pages/b103594.html,Clean,
https://www.sortedbyname.com/pages/c101253.html,Clean,
https://www.sortedbyname.com/pages/e100766.html,Clean,
https://www.sortedbyname.com/pages/g102865.html,Clean,
https://www.sortedbyname.com/pages/m100067.html,Clean,
https://www.sortedbyname.com/pages/m100639.html,Clean,
https://www.sortedbyname.com/pages/m100799.html,Clean,
https://www.sortedbyname.com/pages/p100410.html,Clean,
https://www.sortedbyname.com/pages/p100857.html,Clean,
https://www.sortedbyname.com/pages/r101362.html,Clean,
https://www.sortedbyname.com/pages/r101949.html,Clean,
https://www.sortedbyname.com/pages/s100721.html,Clean,
https://www.sortedbyname.com/pages/t101219.html,Clean,
https://www.sortijadecompromiso.com/2007/06/26/hola-y-recepcion-a-sortijadecompromisocom/,Clean,
https://www.sortitoutsi.net/forum/topic/21558-cant-get-kits-and-logos-to-work/page__s__bef0009e8f955d616833661ea480edb6,Clean,
https://www.sortitoutsi.net/forum/topic/47320-e-style-facepack-project-season-2010-11-template-by-elixir/,Clean,
https://www.sos.ky.gov/land/cities/,Clean,
https://www.sos.mo.gov/,Clean,
https://www.soscanada2000.com/entertainment/civichistoric/priedwis.html,Clean,
https://www.sosiran.org/,Clean,
https://www.sosogay.org/music-review/album-review-ronan-parke-ronan-parke/,Clean,
https://www.sosvillagesenfantsbenin.org/,Clean,
https://www.sotawatch.org/,Clean,
https://www.sotommyjoeratliff.com/,Clean,
https://www.sotommyjoeratliff.com/celebritynews/adam-lambert-and-tommy-joe-ratliff-discover-fanfiction-about,Clean,
https://www.souaid.com/,Clean,
https://www.souaid.com/works/books/snow/article_28.shtml,Clean,
https://www.soucisse.com/index3.htm,Clean,
https://www.soucisse.com/lphg71.htm,Clean,
https://www.soul-arena.com/tesla-lindocruz/,Clean,
https://www.soul.meetup.com/,Clean,
https://www.soul11music.blogspot.com/,Clean,
https://www.soul11music.blogspot.com/2011/05/live-audio-distant-lover-marvin-gaye.html,Clean,
https://www.soulbluesmusic.com/,Clean,
https://www.soulcalibur.wikia.com/wiki/Lloyd_Irving,Clean,
https://www.souldetective.blogspot.com/2006/08/case-four-charles-soul-brown.html,Clean,
https://www.soulfunk80s.blogspot.com/2009/08/cameo-ugly-ego-1978-cd.html,Clean,
https://www.soulfunk80s.blogspot.com/2010/09/philippe-wynne-philippe-wynne-1984-cd.html,Clean,
https://www.soulfunkcd.blogspot.com/2010/06/gregory-abbott-ill-prove-it-to-you.html,Clean,
https://www.soulfunkcd.blogspot.com/2010/08/philippe-wynne-wynne-jammin.html,Clean,
https://www.soulfunkjazz.wordpress.com/2009/02/20/rene-angela-the-best-of-rene-angela-come-my-way-1996/,Clean,
https://www.soulgazersundries.com/peterwhitney.html,Clean,
https://www.soulife.jp/bbs/index.html,Clean,
https://www.soulife.jp/profile/index.html,Clean,
https://www.soulkissestv.com/,Clean,
https://www.soulkissestv.com/about/,Clean,
https://www.soulofsydney.org/2011/05/31/tancrackers-3/,Clean,
https://www.soulspectrum.blogspot.com/2009/06/peter-thomas-brasileiro.html,Clean,
https://www.soulstirringmusic.wordpress.com/,Clean,
https://www.soulsummitmusic.com/,Clean,
https://www.soundaboard.blogspot.com/2009/09/rolling-stones-live-r-than-youll-ever.html,Clean,
https://www.soundandglass.org/?p=767,Clean,
https://www.soundboardprankcalls.wikia.com/wiki/Duncan,Clean,
https://www.soundcheck.ocregister.com/2010/09/22/rocky-horror-picture-show-benefit-salute-in-l-a-dj-shadow-at-house-of-blues-danzig-at-grove/35906/,Clean,
https://www.soundcheck.ocregister.com/2011/11/11/live-review-thrice-at-house-of-blues-anaheim/81143/,Clean,
https://www.soundcloud.com/a-trak/robyn-indestructible-a-trak-remix,Clean,
https://www.soundcloud.com/adeline-records,Clean,
https://www.soundcloud.com/adeline-records/01-broadcast-this-1,Clean,
https://www.soundcloud.com/alee860/jetsgo,Clean,
https://www.soundcloud.com/andrew-gino/tracks,Clean,
https://www.soundcloud.com/anniecbrisson/st-phane-ouellet-en-entrevue,Clean,
https://www.soundcloud.com/artifact-artifact/duchess-says-time-to-reiterate,Clean,
https://www.soundcloud.com/b4bookings/misstress-barbara-djset,Clean,
https://www.soundcloud.com/biot13013/neros-day-at-disneyland-from-rotting-fantasylands-stream,Clean,
https://www.soundcloud.com/blackdiamondbay,Clean,
https://www.soundcloud.com/braids/sets/braids-native-speaker-1/s-Vs43a,Clean,
https://www.soundcloud.com/breaknecksoundsystem/fake-casual-ft-pep-love-prod,Clean,
https://www.soundcloud.com/carlosmartinezt/alejandro-sanz-feat-de-la-guetto-no-es-lo-mismo,Clean,
https://www.soundcloud.com/cburford2/change-of-plan,Clean,
https://www.soundcloud.com/cburford2/heaven-cover-dj-sammy,Clean,
https://www.soundcloud.com/cfcf,Clean,
https://www.soundcloud.com/chantal-godasse/blevin-blectum-avian-enamelase,Clean,
https://www.soundcloud.com/chop-shop-music/the-republic-tigers-merrymake,Clean,
https://www.soundcloud.com/chop-shop-music/the-republic-tigers-the,Clean,
https://www.soundcloud.com/constellation-records,Clean,
https://www.soundcloud.com/constellation-records/our-lady-of-parc-extension-and,Clean,
https://www.soundcloud.com/constellation-records/sets/cst038,Clean,
https://www.soundcloud.com/constellation-records/sets/cst080,Clean,
https://www.soundcloud.com/cyn-bookings-1/akufen-dj-o-sat-19-03-10-o,Clean,
https://www.soundcloud.com/dave-mello/sets/tribute-cerrone,Clean,
https://www.soundcloud.com/diamindrecords/disonata-evoke,Clean,
https://www.soundcloud.com/dino-bravo/august-09-2011-ultimix-6,Clean,
https://www.soundcloud.com/dino-bravo/ultimix-6-september-27-2011,Clean,
https://www.soundcloud.com/disney-music-group-emea/collision-of-worlds,Clean,
https://www.soundcloud.com/dj-dru-1/50-cent-ft-j-kwon-lay-your-ass-down-tipsy-dj-dru-remix,Clean,
https://www.soundcloud.com/dj-embassy/champion-sound-dj-embassy-demolition-man-downloadable,Clean,
https://www.soundcloud.com/djchusmusic/week23-dj-chus-live-stereo,Clean,
https://www.soundcloud.com/djlourenco/days-of-the-musician,Clean,
https://www.soundcloud.com/djtiga973,Clean,
https://www.soundcloud.com/elite-music-management/misstress-barbara-sullivan-room-nyc-feb-6-2010,Clean,
https://www.soundcloud.com/ericgales,Clean,
https://www.soundcloud.com/fandeathrecords/locrian-chalk-point,Clean,
https://www.soundcloud.com/fandeathrecords/puerto-rico-flowers-3-sisters,Clean,
https://www.soundcloud.com/franck-deweare/sets/franck-deweare-mes-semblables,Clean,
https://www.soundcloud.com/gabrielbatz/lights-toes_gabriel_batz_remix,Clean,
https://www.soundcloud.com/hassou/shiraz-ft-adam-clay-sahhart,Clean,
https://www.soundcloud.com/hiddenbeach/sets/jill-scott-the-real-thing,Clean,
https://www.soundcloud.com/hifichet/roger-drolet-eddie-creatchman,Clean,
https://www.soundcloud.com/humanifesto/02-minute-of-ash,Clean,
https://www.soundcloud.com/hz-houghton,Clean,
https://www.soundcloud.com/iamrobd/prince-i-wanna-be-your-lover-dimitri-from-paris-edit,Clean,
https://www.soundcloud.com/ingroovesmarketing/beats-antique-egyptic,Clean,
https://www.soundcloud.com/jf-robitaille/winters-like-these,Clean,
https://www.soundcloud.com/jive-records/britney-spears-i-wanna-go-garethemeryremix,Clean,
https://www.soundcloud.com/jon-colton-barry,Clean,
https://www.soundcloud.com/jugementdernier/jugement-dernier-moustache-out,Clean,
https://www.soundcloud.com/klass-metiss-chante-lama/tarzan-est-heureux-serge-lama,Clean,
https://www.soundcloud.com/kranky/tim-hecker-sketch-5,Clean,
https://www.soundcloud.com/l-k-r-j-r,Clean,
https://www.soundcloud.com/late-nite-tuff-guy,Clean,
https://www.soundcloud.com/littleeye/01-burgundy-sky,Clean,
https://www.soundcloud.com/lucygold/marcus-foster,Clean,
https://www.soundcloud.com/mac-lethal,Clean,
https://www.soundcloud.com/mac-lethal/mac-lethal-slut-hotel-room,Clean,
https://www.soundcloud.com/maxtundra/i-wanna-be-your-lover,Clean,
https://www.soundcloud.com/mikehoughmusic/mike-hough-erase-y,Clean,
https://www.soundcloud.com/moss-raxlen/lynn-taitt-reggae-bacchanal,Clean,
https://www.soundcloud.com/nacholovers/thunderheist-jerk-it-nacho,Clean,
https://www.soundcloud.com/nickyromero/erick-morillo-eddie-thoneick,Clean,
https://www.soundcloud.com/papercutz,Clean,
https://www.soundcloud.com/pascal_aubry/cover-la-fianc-e-serge-lama,Clean,
https://www.soundcloud.com/paul-david,Clean,
https://www.soundcloud.com/r_co/akufen-igloofest-podcast-february-2011,Clean,
https://www.soundcloud.com/r_co/nd-baumecker-live-berghain-berlin-26-08-2009,Clean,
https://www.soundcloud.com/rafab,Clean,
https://www.soundcloud.com/ralphbarton/prototype-for-public-sculpture,Clean,
https://www.soundcloud.com/royalfamily/lettuce-squadlive-outta-here/,Clean,
https://www.soundcloud.com/royalfamily/sets/kraz-the-funky-president,Clean,
https://www.soundcloud.com/ruidasilva/rui-da-silva-touchme-acoustic-version,Clean,
https://www.soundcloud.com/sarahtroutt/julie-crochetiere-the-only,Clean,
https://www.soundcloud.com/scissorandthread/francis-harris-lostfound,Clean,
https://www.soundcloud.com/seriousman,Clean,
https://www.soundcloud.com/shawtytrapbeatsremix/new497-feat-roi_heenok-part-2,Clean,
https://www.soundcloud.com/slamboree,Clean,
https://www.soundcloud.com/souklaye/le-roi-heenok,Clean,
https://www.soundcloud.com/soundtrack-audio/mello-sea-of-reasons-ft-dave,Clean,
https://www.soundcloud.com/subliminal-records/eddie-amador-harry-choo-choo-romero-feat-countre-black-we-are-the-beautiful-ones,Clean,
https://www.soundcloud.com/subpop/handsome-furs-repatriated-1,Clean,
https://www.soundcloud.com/tal-m-klein,Clean,
https://www.soundcloud.com/the-okkultist,Clean,
https://www.soundcloud.com/thepreservationsociety/sets/live-transmission,Clean,
https://www.soundcloud.com/tnuc/sylvester-levay-skyline,Clean,
https://www.soundcloud.com/tom-eq/tom-eq-bump-the-funk,Clean,
https://www.soundcloud.com/tomorrows-heroes-today,Clean,
https://www.soundcloud.com/traquetodelux/ya-no-es-lo-mismo,Clean,
https://www.soundcloud.com/tycoonrecords/bella-ciao-marco-calliari,Clean,
https://www.soundcloud.com/user3349461/snow-day-for-lhasa-esmerine-feat-patrick-watson,Clean,
https://www.soundcloud.com/weblogdaily/mike-hough-the-stars-radio-rip,Clean,
https://www.soundguyschool.com/,Clean,
https://www.soundlogik.com/introducing-singularity/,Clean,
https://www.soundmoverecords.com/,Clean,
https://www.soundportraits.org/on-air/my_lobotomy/page3.php,Clean,
https://www.soundproofworld.com/bio/,Clean,
https://www.soundsail.com/,Clean,
https://www.soundscenerevolution.com/2006/06/27/interview-with-the-phenomenauts-podcast-24/,Clean,
https://www.soundsfromtheendoftheuniverse.blogspot.com/,Clean,
https://www.soundsmarternow.com/,Clean,
https://www.soundsxp.com/artman2/publish/singles/Elephant_Stone_Love_The_Sinner_Hate_the_Sin.shtml,Clean,
https://www.soundtrack-movie.com/its-kind-of-a-funny-story/,Clean,
https://www.soundtrackbase.com/,Clean,
https://www.soundtrackcentral.blogspot.com/2008/11/custer-of-west.html,Clean,
https://www.soundtracking.com/tracks/4ea90c7743677a174c0026b0,Clean,
https://www.soundverite.blogspot.com/2011/11/elite-gymnastics-so-close-to-paradise-3.html,Clean,
https://www.soundviewstandup.ning.com/,Clean,
https://www.soundwatching.blogspot.com/2009/04/jerry-cantrell-degradation-trip.html,Clean,
https://www.soundwavesguitar.com/,Clean,
https://www.soup-magazine.com/,Clean,
https://www.soup.betterrecipes.com/,Clean,
https://www.soupebolnouillerie.foodpages.ca/,Clean,
https://www.souprecipe.org/,Clean,
https://www.soupshoppe.net/,Clean,
https://www.soupsisters.org/,Clean,
https://www.source.sdsu.edu/,Clean,
https://www.source.theengineer.co.uk/measurement-quality-control-and-test/force-strain-and-speed-testing/pressure-sensors/emerson-opens-rosemount-solution-centre/344050.article,Clean,
https://www.sourceforge.net/mailarchive/forum.php?forum_name=cs-framework-info&max_rows=25&style=nested&viewmonth=200901,Clean,
https://www.sourceforge.net/mailarchive/forum.php?forum_name=dbpedia-discussion&max_rows=25&style=nested&viewmonth=200906,Clean,
https://www.sourceforge.net/mailarchive/forum.php?forum_name=feedvalidator-users&max_rows=100&style=nested&viewmonth=201006,Clean,
https://www.sourceforge.net/mailarchive/forum.php?forum_name=ilohamail-translators&max_rows=75&style=nested&viewmonth=201005,Clean,
https://www.sourceforge.net/mailarchive/forum.php?forum_name=python-ldap-dev&max_rows=25&style=nested&viewmonth=200803,Clean,
https://www.sourceforge.net/mailarchive/forum.php?forum_name=wsdl2php-devel&max_rows=25&style=nested&viewmonth=201005,Clean,
https://www.sourceforge.net/mailarchive/forum.php?set=custom&viewmonth=201006&viewday=&forum_name=feedvalidator-users&style=nested&max_rows=75&submit=Change+View,Clean,
https://www.sourceforge.net/mailarchive/forum.php?thread_name=E1MWsiD-0001j5-5J%4074yxhf1.ch3.sourceforge.com&forum_name=dbpedia-svn,Clean,
https://www.sourceforge.net/project/screenshots.php?group_id=308384,Clean,
https://www.sourceforge.net/projects/beagle/,Clean,
https://www.sourceforge.net/projects/h8300-hms/,Clean,
https://www.sourceforge.net/projects/pandoradesktop/,Clean,
https://www.sourceforge.net/projects/qtmoko/files/,Clean,
https://www.sourceforge.net/projects/s60dosbox/forums/forum/923675/topic/3259745,Clean,
https://www.sourceforge.net/projects/supercopier/,Clean,
https://www.sourceforge.net/projects/vcmu/,Clean,
https://www.sourceforge.net/projects/yahoo-ews-jsdk/,Clean,
https://www.sources.com/MNN/MeOIndex.htm,Clean,
https://www.sourceware.org/ml/crossgcc/1998-q3/msg00067.html,Clean,
https://www.sourmashmusic.com/2011/08/01/interview-with-mike-hough/,Clean,
https://www.south-africa-loves-football.blogspot.com/2011/10/banyana-preparing-for-london-olympics.html,Clean,
https://www.south-africa.deposits.org/,Clean,
https://www.south-carolina-map.org/,Clean,
https://www.south-carolina-plantations.com/allendale/groton.html,Clean,
https://www.south-carolina-plantations.com/spartanburg/thomas-price.html,Clean,
https://www.south-carolina-plantations.com/spartanburg/walnut-grove.html,Clean,
https://www.south-carolina.schooltree.org/high/counties-page1.html,Clean,
https://www.south-carolina.swingtowns.com/,Clean,
https://www.south-carolina.uscity.net/Music/,Clean,
https://www.southafrica.indymedia.org/print.php?id=4973&comments=yes,Clean,
https://www.southafricacable.com/,Clean,
https://www.southafricaforecast.com/,Clean,
https://www.southafricafuture.com/,Clean,
https://www.southafricamarketing.com/,Clean,
https://www.southafricanforever.blogspot.com/,Clean,
https://www.southafricanstories.blogspot.com/,Clean,
https://www.southamericafm.com/,Clean,
https://www.southamerican-futbol.blogspot.com/2010/09/copa-sudamericana.html,Clean,
https://www.southamericasport.com/,Clean,
https://www.southampton-city.ac.uk/Home/,Clean,
https://www.southasian-bd.blogspot.com/2010/01/awesome-gorgeous-cute-sweet-indian-sexy.html,Clean,
https://www.southasian-bd.blogspot.com/2011/05/bollywood-playback-singer-shreya.html,Clean,
https://www.southbros.blogspot.com/,Clean,
https://www.southcarolina.apwa.net/,Clean,
https://www.southcarolina.jobs/,Clean,
https://www.southcarolina.nations-baseball.com/,Clean,
https://www.southcarolina.rivals.com/,Clean,
https://www.southcarolina.rivals.com/content.asp?CID=1154395,Clean,
https://www.southcarolina.rivals.com/cviewplayer.asp?Player=435867,Clean,
https://www.southcarolina.rivals.com/cviewplayer.asp?Player=435870,Clean,
https://www.southcarolina.statelawyers.com/,Clean,
https://www.southcarolina.stateuniversity.com/,Clean,
https://www.southcarolinacountymaps.com/,Clean,
https://www.southcarolinagiml.com/,Clean,
https://www.southcarolinalandsource.com/sch/?county=Spartanburg,Clean,
https://www.southcentralregionaljail.info/?BookingID=999025565,Clean,
https://www.southcoast.craigslist.org/,Clean,
https://www.southcoastspine.org/,Clean,
https://www.southdakotagravestones.org/cemetery.php?cemID=297&pg=25,Clean,
https://www.southern-girls.net/,Clean,
https://www.southern-sunshine.blogspot.com/,Clean,
https://www.southern-writer.blogspot.com/,Clean,
https://www.southern.hypermart.net/,Clean,
https://www.southernbourbonmountains.blogspot.com/,Clean,
https://www.southernbourbonmountains.blogspot.com/2011/06/vineyard-vines-coming-to-charlotte.html,Clean,
https://www.southerncampaign.org/pen/?zoom_highlight=colonel+colo+williams+col+williams+james+williams,Clean,
https://www.southernclassic.tripod.com/id6.html,Clean,
https://www.southernfish.9.forumer.com/,Clean,
https://www.southernfood.about.com/od/seasoningrecipes/r/bl51113b.htm,Clean,
https://www.southernfriedgamer.com/games/ps3/rock-band-gives-clues-psn-return/,Clean,
https://www.southerngospel.wordpress.com/2009/08/11/aaron-mccune-leaves-gold-city/,Clean,
https://www.southernlivinghouseplans.com/plans/SL1259,Clean,
https://www.southernmusicdigital.com/,Clean,
https://www.southernsoccer.net/blog/?page_id=1327,Clean,
https://www.southernsoccerscene.com/,Clean,
https://www.southernstarz.org/,Clean,
https://www.southerntiersportsnetwork.com/interviews.php,Clean,
https://www.southernvc.com/,Clean,
https://www.southfest.com/features/287.shtml,Clean,
https://www.southflorida.blockshopper.com/cities/boca_raton_unincorporated/streets/hyland.cir,Clean,
https://www.southflorida.blockshopper.com/cities/wellington/streets/shaughnessy.dr,Clean,
https://www.southflorida.blockshopper.com/condos/development/1186/sales/recent,Clean,
https://www.southflorida.blockshopper.com/condos/development/1768-hampton-court,Clean,
https://www.southflorida.blockshopper.com/condos/development/2200/sales/recent,Clean,
https://www.southflorida.blockshopper.com/condos/development/3691,Clean,
https://www.southflorida.blockshopper.com/condos/hallandale_beach/streets/atlantic_shores.blvd/3575/,Clean,
https://www.southflorida.blockshopper.com/condos/tamarac/streets/woodmont.ter/3754,Clean,
https://www.southflorida.blockshopper.com/developments/3654-century-village-east/streets/newport_g,Clean,
https://www.southflorida.blockshopper.com/property/00424708180012009/2009_wolverton_d_unit_2009/,Clean,
https://www.southflorida.blockshopper.com/property/484124300410/6701_schooner,Clean,
https://www.southflorida.blockshopper.com/property/494112021260/1560_sw_63rd,Clean,
https://www.southflorida.blockshopper.com/property/494220BJ0570/3001_n_oakland_forest_unit_301-19/,Clean,
https://www.southflorida.blockshopper.com/search?f=buyer&q=Adriana%2BOrdonez,Clean,
https://www.southflorida.blockshopper.com/subdivisions/schall_circle,Clean,
https://www.southflorida.blockshopper.com/zips/33064,Clean,
https://www.southflorida.blockshopper.com/zips/33312,Clean,
https://www.southindianactresshotphoto.blogspot.com/2011/06/sarah-jane-dias-hot-actress-biography.html,Clean,
https://www.southindianews.com/,Clean,
https://www.southkansascityobserver.blogspot.com/,Clean,
https://www.southmelbournefc.blogspot.com/2010/12/more-off-season-digressions-womens-ice.html,Clean,
https://www.southpacificdancesport.com.au/index.php?option=com_content&view=article&id=132&Itemid=118,Clean,
https://www.southparkhighschool.org/,Clean,
https://www.southport.jpl.nasa.gov/cdrom/sirced03/cdrom/DATA/LOCATION/ASIAMIDE/CALCUTTA/CALCUTTA.HTM,Clean,
https://www.waatp.com/people/joseph-c-musnicki/49749950/,Clean,
https://www.waatp.com/people/joseph-e-bourquard/49538600/,Clean,
https://www.waatp.com/people/joseph-e-ziobro/47368329/,Clean,
https://www.waatp.com/people/roberta-a-cascio/8846230/,Clean,
https://www.waatp.com/people/tony-oha/4853900/,Clean,
https://www.waatp.de/people/cynthia-gerland/,Clean,
https://www.waatp.de/people/johnny-klinge/,Clean,
https://www.waatp.de/people/st%C3%A9phanie-poirier/,Clean,
https://www.waatp.es/people/alberto-tito/,Clean,
https://www.waatp.es/people/alexis-lamar/,Clean,
https://www.waatp.es/people/carolina-ciccone/,Clean,
https://www.waatp.fr/people/jocelyne-steiner/,Clean,
https://www.waatp.fr/people/joseph-dadon/,Clean,
https://www.waatp.fr/people/laurent-lamothe/,Clean,
https://www.waatp.fr/people/pauline-hammy/,Clean,
https://www.waatp.it/people/barbara-poillucci/,Clean,
https://www.waatp.it/people/valeria-narizzano/,Clean,
https://www.waatp.nl/people/ali-kaper/,Clean,
https://www.waatp.nl/people/billy-yeboah/,Clean,
https://www.waatp.nl/people/charlotte-roux/,Clean,
https://www.waatp.nl/people/connie-bodden/,Clean,
https://www.waatp.nl/people/daniel-severin/,Clean,
https://www.waatp.nl/people/danny-laurier/,Clean,
https://www.waatp.nl/people/dimitri-taes/,Clean,
https://www.waatp.nl/people/eddy-hartland/,Clean,
https://www.waatp.nl/people/edward-gringhuis/,Clean,
https://www.waatp.nl/people/fory-jean_paul/,Clean,
https://www.waatp.nl/people/harry-rus/,Clean,
https://www.waatp.nl/people/leopold-ecker/,Clean,
https://www.waatp.nl/people/linda-pekel/,Clean,
https://www.waatp.nl/people/maurice-kokje/,Clean,
https://www.waatp.nl/people/morena-egger/,Clean,
https://www.waatp.nl/people/shanna-russo/,Clean,
https://www.waatp.nl/people/tino-lew/,Clean,
https://www.waatp.nl/people/virgini-montmorency/,Clean,
https://www.waatp.pl/people/ania-nita/,Clean,
https://www.wabanaki.kisikew.org/northeast1601.html,Clean,
https://www.wabanaki.kisikew.org/northeast1701.html,Clean,
https://www.wablackbelt-renton.blogspot.com/,Clean,
https://www.wacholderhof.com/,Clean,
https://www.wacofootballchapter.com/,Clean,
https://www.waconawashingtontrip.weebly.com/,Clean,
https://www.waddywachtelinfo.com/JacksonBrowne3.html,Clean,
https://www.wadhaf.com/archives/2916,Clean,
https://www.wadingriverhomesforsale.com/,Clean,
https://www.wadsworth.com/art_d/templates/student_resources/0534636403_kleiner/studyguide/ch07/ch07_3a.html,Clean,
https://www.wafflestogo.net/,Clean,
https://www.wagenweb.org/,Clean,
https://www.wagenweb.org/sanjuan/obits.htm,Clean,
https://www.wagenweb.org/yakima/,Clean,
https://www.wagesofwins.net/2010/05/23/the-value-proposition-in-the-nba/,Clean,
https://www.wagner.nyu.edu/faculty/schall.html,Clean,
https://www.wagnerdavis.com/attorney-profiles/steven-r-wagner/,Clean,
https://www.wagstaffsofthewest.blogspot.com/2010_06_01_archive.html,Clean,
https://www.waiterrant.net/,Clean,
https://www.waitingisabellespiratepost.blogspot.com/,Clean,
https://www.wakefieldgilbertandsullivan.org.uk/,Clean,
https://www.wakegrind.com/,Clean,
https://www.wakeupandlives.net/,Clean,
https://www.walchem.com/,Clean,
https://www.walden.house.gov/,Clean,
https://www.waldo.villagesoup.com/,Clean,
https://www.waldo.villagesoup.com/p/468439,Clean,
https://www.waldo.villagesoup.com/people/announcement/obituaries/frank-l-reynolds/454967,Clean,
https://www.waldoemersoninn.com/,Clean,
https://www.waldolydeckersjournal.blogspot.com/,Clean,
https://www.waldosnotes.weebly.com/the-octopus-by-frank-norris.html,Clean,
https://www.walkacrosstexas.tamu.edu/,Clean,
https://www.walkerkaeck.com/Walker_Kaeck/Home.html,Clean,
https://www.walkermontrealrocks.blogspot.com/,Clean,
https://www.walkervilletimes.com/olympian.htm,Clean,
https://www.walkerwilliamsphoto.com/,Clean,
https://www.walkforrestwalk.blogspot.com/,Clean,
https://www.walkforsomalia.tumblr.com/,Clean,
https://www.walking-on-water-org.blogspot.com/,Clean,
https://www.walkingberkeley.wordpress.com/,Clean,
https://www.walkingeyemusic.com/,Clean,
https://www.walkingingraveyards.blogspot.com/2010/05/daniel-eugene-spencer-jr.html,Clean,
https://www.walknridela.com/2011/02/08/exposition-parkusc-side/,Clean,
https://www.walkswithmoose.com/,Clean,
https://www.wall.alphacoders.com/profile.php?u=Ex%20Deo,Clean,
https://www.wallaceburg-on.cofars.ca/st-james-the-apostle-anglican-church/161363/,Clean,
https://www.wallaceforman.com/,Clean,
https://www.wallaceoptometry.com/,Clean,
https://www.wallisagency.com/,Clean,
https://www.walloonss.eq.edu.au/wcms/,Clean,
https://www.wallowa.com/free/state-argues-killing-wolves-aids-wolf-recovery/article_9af18b2c-017d-11e1-b480-001cc4c002e0.html,Clean,
https://www.wallowa.com/obituaries/,Clean,
https://www.wallowalaketramway.com/,Clean,
https://www.wallpaper.celebritypc.com/ashley_judd/,Clean,
https://www.wallpaper.celebritypc.com/bianca_beauchamp/,Clean,
https://www.wallpaper.celebritypc.com/emmanuelle_chriqui/,Clean,
https://www.wallpaper.cyberfeeder.com/2011/08/hotsexy-sizzling-pictureswallpapersphotos-of-american-actormodelformer-pornographic-actress-sasha-grey/,Clean,
https://www.wallpapercompany.homedepot.com/,Clean,
https://www.wallpaperjunctiondownload.blogspot.com/2011/03/russell-brand-wallpapers-russell-brand.html,Clean,
https://www.wallpapers.brothersoft.com/harry-stockwell-57889.html,Clean,
https://www.wallpapers.photo4everyone.com/Emmanuelle-Chriqui/,Clean,
https://www.wallpapers4you.org/edith-labelle/,Clean,
https://www.wallpapers4you.org/rachelle-lefevre/,Clean,
https://www.wallpapers4you.org/seanna-mitchell/,Clean,
https://www.wallpaperstock.net/blackguard---beer-barrel-wallpapers_w15412.html,Clean,
https://www.wallsofjerichoholic.blogspot.com/2011/11/high-noon-countdown-el-generico-vs.html,Clean,
https://www.wallygeorge.com/,Clean,
https://www.wallywashis.name/mp3/%E5%B5%90/ARASHIC/,Clean,
https://www.wallywoodart.blogspot.com/,Clean,
https://www.wallywoodart.blogspot.com/2011/08/george-washington-carver-art.html,Clean,
https://www.wallyyonamine.com/,Clean,
https://www.walshfamilybantrybay.com/ireland_to_nevada_-_cousins,Clean,
https://www.walshfamilybantrybay.com/patrick_walshs_siblings,Clean,
https://www.walsingfolk.deviantart.com/,Clean,
https://www.waltdisney-pictures.blogspot.com/2010/04/walt-disney-pictures-logo-collection.html,Clean,
https://www.waltdisneyconfessions.tumblr.com/,Clean,
https://www.walter-lantz-foundation.idilogic.aidpage.com/walter-lantz-foundation/,Clean,
https://www.waltercraig.com/history.html,Clean,
https://www.walterfootball.com/collegebasketball2011preview_texastech.php,Clean,
https://www.walterfootball.com/draft2010_1.php,Clean,
https://www.walterfootball.com/draft2011.php,Clean,
https://www.walterfootball.com/offseason2009cin.php,Clean,
https://www.walterfootball.com/offseason2010kc.php,Clean,
https://www.walterfootball.com/offseason2010oak.php,Clean,
https://www.walterfootball.com/offseason2011kc.php,Clean,
https://www.walterfootball.com/offseason2011oak.php,Clean,
https://www.walterhawkins.org/,Clean,
https://www.walterlantz.wikia.com/wiki/Charlie_Chicken,Clean,
https://www.walterlantz.wikia.com/wiki/Woody_Woodpecker,Clean,
https://www.walterlove.deviantart.com/,Clean,
https://www.waltermwilliams79.com/,Clean,
https://www.walterplessonsoccer.blogspot.com/,Clean,
https://www.walterspresents.blogspot.com/,Clean,
https://www.waltertetley.com/,Clean,
https://www.walterzoomiesworld.blogspot.com/,Clean,
https://www.waltonsbutchers.co.uk/,Clean,
https://www.waltz.ordway.org/festival/projects/school/,Clean,
https://www.wamu.org/news/11/03/17/activists_call_for_enhanced_early_education.php,Clean,
https://www.wanafoto.blogspot.com/2010/07/jacques-henri-lartigue-floating-world.html,Clean,
https://www.wanda-norwood.gonetoosoon.org/,Clean,
https://www.wandanara.sextape.com/,Clean,
https://www.wander-wege.blogspot.com/,Clean,
https://www.wanderer.blog.lemonde.fr/category/abbado/,Clean,
https://www.wanderingcommuter.blogspot.com/2009/10/are-philippine-gay-indie-films-really.html,Clean,
https://www.wanderland.myswitzerland.com/en/orte_detail.cfm?id=342720,Clean,
https://www.wanderlust.hubpages.com/hub/Best-Places-To-Visit-In-Pennsylvania,Clean,
https://www.wanews.fortunecity.com/roch-theriault.html,Clean,
https://www.wanhui-motor.en.alibaba.com/,Clean,
https://www.wanklyn-patterson.blogspot.com/,Clean,
https://www.wap.azia.forum24.ru/?1-19-0-00000142-000-10001-0,Clean,
https://www.waphotography.net/,Clean,
https://www.wapstan.dmusic.com/,Clean,
https://www.war-is-illegal.com/,Clean,
https://www.war.wikia.com/wiki/Category:GFDL,Clean,
https://www.war.wikia.com/wiki/Hundred_Years%27_War,Clean,
https://www.war.wikia.com/wiki/Template:Infobox_Military_Conflict,Clean,
https://www.war.wikia.com/wiki/World_War_II,Clean,
https://www.warbirdsforum.yuku.com/topic/960/t/Telescopic-sight-on-F4F-3-F2a.html,Clean,
https://www.warchild13.com/Movies/page7.html,Clean,
https://www.warcraft3.filefront.com/file/The_Last_Guardian;118071,Clean,
https://www.warcriminalswatch.org/index.php/the-culpable/36-the-culprits/69-jay-bybee,Clean,
https://www.wardchiro.com/,Clean,
https://www.wardin.jaiku.com/,Clean,
https://www.wardmelvillebaseball.stackvarsity.com/alumni/Default.asp,Clean,
https://www.wardmelvillebaseball.stackvarsity.com/news/article.asp?id=299824,Clean,
https://www.wardsboergoats.com/,Clean,
https://www.warehambranch.com/JohnCary14.aspx,Clean,
https://www.wareseeker.com/Utilities/lavalys-everest-home-edition-1.10.zip/61548,Clean,
https://www.wareseeker.com/download/lavalys-everest-home-edition-1.10.rar/61548,Clean,
https://www.wareseeker.com/free-980-am-kmbz/,Clean,
https://www.wareseeker.com/free-catchword/,Clean,
https://www.wareseeker.com/free-fraternite-matin-abidjan-fratmat/,Clean,
https://www.wareseeker.com/free-hercules-the-legendary-journeys-episodes/,Clean,
https://www.wareseeker.com/free-horror-films/,Clean,
https://www.wareseeker.com/free-imavision-audio-capture-device-driver/,Clean,
https://www.wareseeker.com/free-iowa-hawkeyes-football-team/,Clean,
https://www.wareseeker.com/free-jehane-benoit-recipes/,Clean,
https://www.wareseeker.com/free-jehane-benoit/,Clean,
https://www.wareseeker.com/free-journal-de-montreal-necrologie/,Clean,
https://www.wareseeker.com/free-kmzu-radio/,Clean,
https://www.wareseeker.com/free-lianna-klassen/,Clean,
https://www.wareseeker.com/free-lynda-bellingham/,Clean,
https://www.wareseeker.com/free-montreal-gazette-obituaries/,Clean,
https://www.wareseeker.com/free-necrologie-journal-de-montreal/,Clean,
https://www.wareseeker.com/free-oakland-raiders/,Clean,
https://www.wareseeker.com/free-oklahoma-sooners-football-theme-2.00/,Clean,
https://www.wareseeker.com/free-roi/,Clean,
https://www.wareseeker.com/free-time-zone-map-north-america-printable/,Clean,
https://www.wareseeker.com/free-vadas-martas/,Clean,
https://www.wareseeker.com/free-wtlw/,Clean,
https://www.wareseeker.com/the-farce-of-the-penguins-soundtrack/,Clean,
https://www.wareseeker.com/the-holy-of-holies/,Clean,
https://www.wareseeker.com/the-holy-qurbana/,Clean,
https://www.waress.blogspot.com/,Clean,
https://www.warez-collector.blogspot.com/2009/01/alias-complete-season-1-5.html,Clean,
https://www.warezforum.info/ebooks-tutorials/2405992-syd-segal-simply-sydney-2009-e.html,Clean,
https://www.warezforum.info/music/117173-all-shall-perish-awaken-dreamers-2008-a.html,Clean,
https://www.warezqueens.com/board/showthread.php?4760-Pan-Pipes-Best-Pan-Pipes-Album-In-The-World-Ever-4CD,Clean,
https://www.warhammer40k.wikia.com/wiki/Ultramar,Clean,
https://www.warholm.nu/Royalfamily.html,Clean,
https://www.warisacrime.org/bybee,Clean,
https://www.warisacrime.org/node/21536,Clean,
https://www.warmemscot.s4.bizhat.com/viewtopic.php?t=59,Clean,
https://www.warmemscot.s4.bizhat.com/warmemscot-ftopic663.html,Clean,
https://www.warmingglow.uproxx.com/2010/07/stop-trying-to-deconstruct-steve-brule,Clean,
https://www.warmingglow.uproxx.com/2011/07/why-is-pan-am-is-at-comic-con,Clean,
https://www.warneckeranch.com/?page_id=19,Clean,
https://www.warnerboots.blogspot.com/,Clean,
https://www.warnerbros2004.warnerbros.com/,Clean,
https://www.warnerbros2010.warnerbros.com/,Clean,
https://www.warnerbros2010.warnerbros.com/hfpa/,Clean,
https://www.warnerbros2011.warnerbros.com/,Clean,
https://www.warnerbroscanada.com/,Clean,
https://www.warnerbrosmovieworld.webs.com/,Clean,
https://www.warnercnr.colostate.edu/paul-gleason-scholarship/,Clean,
https://www.warnercnr.colostate.edu/~doherty/,Clean,
https://www.warnerelectric.com/,Clean,
https://www.warnerhomevideo.com/,Clean,
https://www.warnerrecordscontact.com/,Clean,
https://www.warrenforum.net/index.php?topic=910.0,Clean,
https://www.warrenkinsella.com/,Clean,
https://www.warrenkinsella.com/2011/08/jack-layton-2/,Clean,
https://www.warrenkinsella.com/about/,Clean,
https://www.warrensburg.k12.mo.us/vw/vw2000/Barkley/barkley.html,Clean,
https://www.warrensweeney.nowcasting.com/,Clean,
https://www.warriorbandblog.blogspot.com/,Clean,
https://www.warriorbandfans.com/,Clean,
https://www.warriorgospelband.com/,Clean,
https://www.warriormarching.com/,Clean,
https://www.warriorsmovie.co.uk/interviews/david-patrick-kelly/,Clean,
https://www.warsaw-airport.com/,Clean,
https://www.warsaw-indiana.apartmenthomeliving.com/,Clean,
https://www.warsaw.gayguide.net/,Clean,
https://www.warsawairfare.com/,Clean,
https://www.warsawbiblechurch.org/,Clean,
https://www.warsawcaves.com/,Clean,
https://www.warsawhealthandrehab.com/,Clean,
https://www.warsawhousing.com/,Clean,
https://www.warsawpubliclibraryhome.blogspot.com/,Clean,
https://www.warsawtaxi.com/,Clean,
https://www.warsawtraveller.info/,Clean,
https://www.warsawuprising.com/,Clean,
https://www.warsawwave.com/,Clean,
https://www.warship-pics.blogspot.com/2009/01/canada-halifax-class-frigate-gallery.html,Clean,
https://www.warships1discussionboards.yuku.com/topic/2587/Old-warships-in-Halifax-habour,Clean,
https://www.warships1discussionboards.yuku.com/topic/7744/t/Will-Canada-leave-the-destroyer-business.html?page=2,Clean,
https://www.warsoflouisxiv.blogspot.com/,Clean,
https://www.warszawa.getto.pl/index.php?mod=osoby_wiecej&idx=K&lang=en,Clean,
https://www.warszawa.getto.pl/index.php?mod=osoby_wiecej&idx=R&lang=en,Clean,
https://www.was.mur.at/,Clean,
https://www.wasc.pointloma.edu/Content/Athletics/WomensBasketball/Archives/Summer_Slam_Basketball_Tournament.htm,Clean,
https://www.wash.wsd.wednet.edu/supplies.html,Clean,
https://www.washcapitals.com/,Clean,
https://www.washcoplanning.org/comprehensive.htm,Clean,
https://www.washedupcelebrities.blogspot.com/2007/08/chris-makepeace.html,Clean,
https://www.washingmachinerepaircardiff.co.uk/,Clean,
https://www.washingstatechristiantalentcontest.blogspot.com/,Clean,
https://www.washington-countyoregon.com/,Clean,
https://www.washington-dc-homes.longandfoster.com/,Clean,
https://www.washington-map.org/,Clean,
https://www.washington.ancestryregister.com/TOULOUSE00006.htm,Clean,
https://www.washington.mogenweb.org/cemetery/ststephensa.html,Clean,
https://www.washington.nationals.mlb.com/was/history/timeline1.jsp,Clean,
https://www.washington.schooltree.org/high/counties-page1.html,Clean,
https://www.washington.schooltree.org/public/Issaquah-High-092526.html,Clean,
https://www.washington.state-parks.co/,Clean,
https://www.washington.statelawyers.com/Cities/,Clean,
https://www.washington.statelawyers.com/Cities/City_Detail.cfm/CityID:350,Clean,
https://www.washington.statelawyers.com/Counties/,Clean,
https://www.washingtondc-irrigation-sprinkler-landscape-lighting.com/,Clean,
https://www.washingtondc.bcg.com/,Clean,
https://www.washingtondc.craigslist.org/nva/bfs/2676239741.html,Clean,
https://www.washingtondc.craigslist.org/nva/msg/2683056488.html,Clean,
https://www.washingtondc.craigslist.org/nva/msg/2697326186.html,Clean,
https://www.washingtondc.menupages.com/restaurants/bullfeathers/,Clean,
https://www.washingtondc.peoplebot.net/,Clean,
https://www.washingtondcjazznetwork.ning.com/profiles/blogs/jazz-radio-1,Clean,
https://www.washingtondinner.com/bellingham/,Clean,
https://www.washingtondinner.com/covington/,Clean,
https://www.washingtondinner.com/issaquah/,Clean,
https://www.washingtondinner.com/maple-valley/,Clean,
https://www.washingtonexaminer.com/blogs/beltway-confidential/2010/10/campaign-manager-rep-patrick-murphy-d-pa-tied-deceptive-absentee-b,Clean,
https://www.washingtonexaminer.com/blogs/yeas-nays/2011/11/americas-most-wanted-returns-december,Clean,
https://www.washingtonexaminer.com/local/crime-punishment/2011/09/police-investigating-death-attacks-transgender-people,Clean,
https://www.washingtonexaminer.com/local/dc/6-10-richest-counties-us-are-dc-area,Clean,
https://www.washingtonexaminer.com/local/maryland/2011/11/frederick-lawrence-scott,Clean,
https://www.washingtonexaminer.com/news/2011/11/safrica-top-politician-faces-bribery-accusations?category=18,Clean,
https://www.washingtonexaminer.com/not-found?page=0%2C0%2C0%2C0%2C0%2C0%2C1&category=18%20ForceRecrawl%3A%200&destination=news%2F2011%2F10%2Fwheeling-jesuit-programs-study-mining-research,Clean,
https://www.washingtonexaminer.com/not-found?page=0%2C0%2C0%2C0%2C0%2C0%2C1&destination=breaking%2Fimmigration-debate-rages-at-town-hall-forum-by-spanish-language-broadcaster-univision-93834794.html,Clean,
https://www.washingtonexaminer.com/not-found?page=0%2C0%2C0%2C0%2C0%2C0%2C1&destination=news%2F2011%2F10%2Fkodiak-musician-drumming-music-education,Clean,
https://www.washingtonexaminer.com/opinion/2011/08/union-label-doesnt-stick-vws-tennessee-plant,Clean,
https://www.washingtonexaminer.com/politics/immigration-obama-backs-mexico-not-arizona,Clean,
https://www.washingtonexaminer.com/sports/teams/united/2011/11/mls-cup-final-preview-los-angeles-galaxy-vs-houston-dynamo,Clean,
https://www.washingtonhighways.blogspot.com/2008/04/washington-state-route-5.html,Clean,
https://www.washingtonhighways.blogspot.com/2009/06/washington-state-route-21.html,Clean,
https://www.washingtonhighways.blogspot.com/2009/07/washington-state-route-22.html,Clean,
https://www.washingtonhighways.blogspot.com/2009/11/washington-state-route-90.html,Clean,
https://www.washingtonhighways.blogspot.com/2009/12/washington-state-route-97.html,Clean,
https://www.washingtonislandmusicfestival.com/,Clean,
https://www.washingtonlife.smugmug.com/2009-photos/NochedeGala/9664306_ept9d/10/656518266_9F3R7,Clean,
https://www.washingtonmaps.net/,Clean,
https://www.washingtonpremierfc.com/,Clean,
https://www.washingtonradiology.com/radiologists/greenberg.asp,Clean,
https://www.washingtonseattlemission.blogspot.com/,Clean,
https://www.washingtonsportsnetwork.com/blog/?category_name=soccer,Clean,
https://www.washingtonstate.rivals.com/,Clean,
https://www.washingtonstate.rivals.com/viewcoach.asp?coach=2167&year=2011,Clean,
https://www.washingtonstate.scout.com/,Clean,
https://www.washingtonstategoodsam.kendra.com/,Clean,
https://www.washingtonstatetours.com/,Clean,
https://www.washingtonwine.org/,Clean,
https://www.washlaw.edu/forint/asia/china.html,Clean,
https://www.washlaw.edu/lfirms/index.php?p=h,Clean,
https://www.washougal.katu.com/news/crime/442594-prosecutors-victim-could-have-seen-hit-and-run-suspect-flee,Clean,
https://www.washtenawcountywebsite.com/,Clean,
https://www.wasm.org/,Clean,
https://www.wasm2011.org/,Clean,
https://www.wasserman.foodpages.ca/,Clean,
https://www.wassonandassoc.com/,Clean,
https://www.wasssports.blogspot.com/2009/08/canada-basketball-sr-mens-team-update.html,Clean,
https://www.wasssports.blogspot.com/2010/09/cis-non-conference-schedule.html,Clean,
https://www.wasssports.blogspot.com/2010/10/lakehead-thunderbirds-preview.html,Clean,
https://www.watch-baseball-basketball-football-rugby-hockey-soccer-tennis.com/live-stream-new-york-red-bulls-vancouver-whitecaps-10-09-2011/,Clean,
https://www.watch-baseball-basketball-football-rugby-hockey-soccer-tennis.com/live-streaming-kansas-city-royals-minnesota-twins-28-09-2011/,Clean,
https://www.watch-baseball-basketball-football-rugby-hockey-soccer-tennis.com/live-streaming-stoke-city-vs-tottenham-hotspur-tv-watch-20-september-2011/,Clean,
https://www.watch-baseball-basketball-football-rugby-hockey-soccer-tennis.com/watch-new-zealand-vs-canada-live-01-october-2011/,Clean,
https://www.watch-cowboys-and-aliens-movie-online.blogspot.com/,Clean,
https://www.watch-download-hindi-movies-online.blogspot.com/2011/03/game-hindi-movie-watch-online-free.html,Clean,
https://www.watch-football-live.net/Team/COLLEGE/watch-iowa-state-cyclones-football-games-live-online.asp,Clean,
https://www.watch-football-live.net/Team/COLLEGE/watch-kansas-state-wildcats-football-games-live-online.asp,Clean,
https://www.watch-football-matches.com/,Clean,
https://www.watch-funny-movies.com/watch_movie/Money_Train/,Clean,
https://www.watch-glee-the-3d-concert-movie.blogspot.com/,Clean,
https://www.watch-one-day-movie-online.blogspot.com/,Clean,
https://www.watch-star-plus-indian-tv-channel.blogspot.com/,Clean,
https://www.watch.birds.cornell.edu/feederwatch-cams/camera/view?cameraID=C100045,Clean,
https://www.watch.ctv.ca/so-you-think-you-can-dance-canada/season-4---auditions/so-you-think-you-can-dance-canada-toronto-auditions-highlights/,Clean,
https://www.watch.redsoftcinema.com/?tag=candace-washington,Clean,
https://www.watch.squidtv.net/americas/canada.html,Clean,
https://www.watchbluemountainstate.net/,Clean,
https://www.watchbluemountainstate.net/season-2/,Clean,
https://www.watchcowboysaliensonlinemegavideo.blogspot.com/,Clean,
https://www.watchcowboysandaliensmovieonline.blogspot.com/,Clean,
https://www.watchdog.net/static/index/02/index_04570.html,Clean,
https://www.watchdog.net/static/index/02/index_04835.html,Clean,
https://www.watchdog.net/static/index/02/index_04879.html,Clean,
https://www.watchdog.net/static/index/03/index_06351.html,Clean,
https://www.watchdog.net/static/index/03/index_06687.html,Clean,
https://www.watchdog.net/static/index/03/index_07565.html,Clean,
https://www.watchdog.net/static/index/03/index_07654.html,Clean,
https://www.watchdog.net/static/index/04/index_10085.html,Clean,
https://www.watchdog.net/static/index/05/index_11203.html,Clean,
https://www.watchdog.net/static/index/06/index_13699.html,Clean,
https://www.watchdog.net/static/index/06/index_13992.html,Clean,
https://www.watchdog.net/static/index/07/index_14839.html,Clean,
https://www.watchdog.net/static/index/07/index_14968.html,Clean,
https://www.watchdog.net/static/index/07/index_15405.html,Clean,
https://www.watchdog.org/39/earl-ray-tomblin-and-gambling/,Clean,
https://www.watchfilmsfree.net/,Clean,
https://www.watchfreemovieonlinestream.blogspot.com/2011/06/watch-jane-eyre-2011-online-free-stream.html,Clean,
https://www.watchfreeonlinetvchannels.blogspot.com/,Clean,
https://www.watchgamefilm.com/,Clean,
https://www.watching-films.blogspot.com/2008/09/bolero-bo-derek-1984.html,Clean,
https://www.watching-tv.ew.com/2009/10/21/sons-of-anarchy-season-2-episode-7/,Clean,
https://www.watching-tv.ew.com/2010/02/24/craig-ferguson-stephen-fry/,Clean,
https://www.watching-tv.ew.com/2011/09/25/pan-am-christina-ricci/,Clean,
https://www.watching-tv.ew.com/2011/11/22/sons-of-anarchy-ep-12-clay-shot/,Clean,
https://www.watchinghorrorfilmsfrombehindthecouch.blogspot.com/2009/03/session-9.html,Clean,
https://www.watchingrobertpickton88015.yuku.com/topic/1888/4315-Charlotte-Street-Kansas-City-Mo-Robert-Berdella-Butcher,Clean,
https://www.watchmedance.com/,Clean,
https://www.watchmen.wikia.com/wiki/Apollonia_Vanova,Clean,
https://www.watchmissuniverse2010.blogspot.com/,Clean,
https://www.watchmissuniverse2010online.blogspot.com/2010/06/miss-universe-2010-top-15-prediction.html,Clean,
https://www.watchmissuniverse2010online.blogspot.com/2010/07/miss-universe-2010-contestants.html,Clean,
https://www.watchmojo.com/index.php?id=9420,Clean,
https://www.watchmovieset.wordpress.com/2011/07/09/the-eagle-2011/,Clean,
https://www.watchoneday.info/,Clean,
https://www.watchonedayfree.multiply.com/,Clean,
https://www.watchonedayonlinefree.wordpress.com/,Clean,
https://www.watchonlinegameofthrones.blogspot.com/2011/05/game-of-thrones-episode-1-game-of.html,Clean,
https://www.watchstanleycupfinals.com/,Clean,
https://www.watchthaboondocks.blogspot.com/,Clean,
https://www.watchthewalkingdeadseason2.blogspot.com/,Clean,
https://www.watchtv.uz.ua/milan-vs-cesena-live-streaming-24-september-2011/,Clean,
https://www.watchtvchannels.net/channel/6347/Rotana-Cinema,Clean,
https://www.watchtvlive.info/watch-wwe-elimination-chamber-2011-live-online/,Clean,
https://www.watchundergroundcinema.blogspot.com/2010/03/watch-in-mood-for-love.html,Clean,
https://www.watchxmenfirstclass.com/,Clean,
https://www.watcocompanies.hrsmart.com/cgi-bin/a/alljobs.cgi?qty=50,Clean,
https://www.water.salina-ks.gov/,Clean,
https://www.water.salina-ks.gov/index.cfm?CID=9,Clean,
https://www.water.usgs.gov/,Clean,
https://www.waterbug.com/catalog/index.php?cPath=21,Clean,
https://www.watercolour-artist.blogspot.com/,Clean,
https://www.watercorporation.com.au/,Clean,
https://www.waterdamageremoval.com/,Clean,
https://www.waterdialogue.com/people/black-veatch-people/,Clean,
https://www.waterford.bandcamp.com/album/say-ok,Clean,
https://www.waterfordmuseumblog.blogspot.com/2009/10/haunted-history-walking-tour-in.html,Clean,
https://www.waterforpeopledc.org/,Clean,
https://www.waterfrontpropertysale.com/california,Clean,
https://www.watergate.info/chronology/05-05-31_deep-throat.shtml,Clean,
https://www.watergatevillage.com/,Clean,
https://www.waterguy.us/NWSFreqs.html,Clean,
https://www.waterline-ships.co.uk/index.php?cPath=78&sort=3a&page=3,Clean,
https://www.waterlooregionmuseum.com/collections/research/church-listings.aspx,Clean,
https://www.waterloowolvesaaa.wordpress.com/,Clean,
https://www.watermillcottages.blogspot.com/,Clean,
https://www.waterproofwintergloves.com/,Clean,
https://www.watersdorseydesigns.com/,Clean,
https://www.watertreading.blogspot.com/2009/03/howard-dully.html,Clean,
https://www.waterwarcrimes.blogspot.com/2010/02/british-columbia-government-insider.html,Clean,
https://www.waterwarcrimes.blogspot.com/2010_01_01_archive.html,Clean,
https://www.watsonacehardware.com/,Clean,
https://www.watsonmills.net/,Clean,
https://www.watsonwatring.com/,Clean,
https://www.wattsmith.wordpress.com/,Clean,
https://www.wave.com/,Clean,
https://www.wave.webaim.org/,Clean,
https://www.wavepolymertechnology.com/,Clean,
https://www.wavetransform.com/,Clean,
https://www.wavewarriors.com.au/,Clean,
https://www.wavewind-energy.com/,Clean,
https://www.wax.fm/browse_artists/J.html,Clean,
https://www.waxingthecity.com/,Clean,
https://www.wayansbrosspot.net/,Clean,
https://www.wayansbrosspot.proboards.com/,Clean,
https://www.wayawaya.livejournal.com/6645.html,Clean,
https://www.wayfinding.net/scottishsettlement.htm,Clean,
https://www.waylandsmalley.com/,Clean,
https://www.wayne.academia.edu/MichaelOwens,Clean,
https://www.wayne.edu/,Clean,
https://www.wayne.nygenweb.net/history/sightings1i.html,Clean,
https://www.waynecountywebsite.com/,Clean,
https://www.waynefarley.com/aviation/2009/10/air-traffic-controllers-celebrate-atc-day/,Clean,
https://www.waynefarley.com/aviation/2011/10/international-day-of-the-air-traffic-controller-2011/,Clean,
https://www.waynehenson.com/,Clean,
https://www.waynemichaelreich.com/,Clean,
https://www.waynenelson.com/,Clean,
https://www.waynerobsondash.blogspot.com/,Clean,
https://www.wayneroustan.com/experience.html,Clean,
https://www.waynetownship.com/council.htm,Clean,
https://www.wayofdesign.com/blog/?p=262,Clean,
https://www.wayoutwestaustin.com/?p=5400,Clean,
https://www.wayoutwestsc.com/,Clean,
https://www.wazman.hubpages.com/hub/Symphonic-Black-Metal-bands,Clean,
https://www.wazopia.blogspot.com/2005/01/east-cleveland-1966-where-did-everyone.html,Clean,
https://www.wb-jackfrost.warnerbros.com/,Clean,
https://www.wba.toonzone.net/,Clean,
https://www.wbau.wikia.com/wiki/Warner_Bros._Cartoons_Golden_Jubilee_24_Karat_Collection,Clean,
https://www.wbclassof1988.com/,Clean,
https://www.wbffshows.com/gallery/2009-wbff-world-championship/,Clean,
https://www.wbfsmanager.codeplex.com/,Clean,
https://www.wbjtoday.com/blog/hot-dog-vendors-wenatchee-food-wave/7031/,Clean,
https://www.wbk.ca/articleIndex.html,Clean,
https://www.wblaunch.biz/,Clean,
https://www.wbpostproduction.warnerbros.com/,Clean,
https://www.wbtz-fm.tritondigitalmedia.com/,Clean,
https://www.wbuk.com/,Clean,
https://www.wc.k12.mo.us/HSAnnouncements.htm,Clean,
https://www.wc.rootsweb.ancestry.com/cgi-bin/igm.cgi?db=bobstg&id=I2904&op=REG,Clean,
https://www.wc.rootsweb.ancestry.com/cgi-bin/igm.cgi?op=AHN&db=4215&id=I168082,Clean,
https://www.wc.rootsweb.ancestry.com/cgi-bin/igm.cgi?op=AHN&db=acadianroy&id=I1,Clean,
https://www.wc.rootsweb.ancestry.com/cgi-bin/igm.cgi?op=AHN&db=armandcyr1&id=I2549,Clean,
https://www.wc.rootsweb.ancestry.com/cgi-bin/igm.cgi?op=AHN&db=baldwintrees&id=I1,Clean,
https://www.wc.rootsweb.ancestry.com/cgi-bin/igm.cgi?op=AHN&db=bbivona&id=I2,Clean,
https://www.wc.rootsweb.ancestry.com/cgi-bin/igm.cgi?op=AHN&db=bobstg&id=I139269,Clean,
https://www.wc.rootsweb.ancestry.com/cgi-bin/igm.cgi?op=AHN&db=bourguignon&id=I978,Clean,
https://www.wc.rootsweb.ancestry.com/cgi-bin/igm.cgi?op=AHN&db=caswellcounty&id=I23332,Clean,
https://www.wc.rootsweb.ancestry.com/cgi-bin/igm.cgi?op=AHN&db=connectlinks&id=I8787,Clean,
https://www.wc.rootsweb.ancestry.com/cgi-bin/igm.cgi?op=AHN&db=dsavignac&id=I12481,Clean,
https://www.wc.rootsweb.ancestry.com/cgi-bin/igm.cgi?op=AHN&db=grenouille&id=I7918,Clean,
https://www.wc.rootsweb.ancestry.com/cgi-bin/igm.cgi?op=AHN&db=laroc&id=I018067,Clean,
https://www.wc.rootsweb.ancestry.com/cgi-bin/igm.cgi?op=AHN&db=laroc&id=I033504,Clean,
https://www.wc.rootsweb.ancestry.com/cgi-bin/igm.cgi?op=AHN&db=laroc&id=I063929,Clean,
https://www.wc.rootsweb.ancestry.com/cgi-bin/igm.cgi?op=AHN&db=petemore&id=I106,Clean,
https://www.wc.rootsweb.ancestry.com/cgi-bin/igm.cgi?op=AHN&db=rcp53&id=I84037,Clean,
https://www.wc.rootsweb.ancestry.com/cgi-bin/igm.cgi?op=AHN&db=ron&id=I33,Clean,
https://www.wc.rootsweb.ancestry.com/cgi-bin/igm.cgi?op=AHN&db=sauve-chartrand&id=I884,Clean,
https://www.wc.rootsweb.ancestry.com/cgi-bin/igm.cgi?op=AHN&db=simplicity&id=I30109,Clean,
https://www.wc.rootsweb.ancestry.com/cgi-bin/igm.cgi?op=AHN&db=tmebl&id=I60434,Clean,
https://www.wc.rootsweb.ancestry.com/cgi-bin/igm.cgi?op=AHN&db=yot&id=I2547,Clean,
https://www.wc.rootsweb.ancestry.com/cgi-bin/igm.cgi?op=DESC&db=4215&id=I117516,Clean,
https://www.wc.rootsweb.ancestry.com/cgi-bin/igm.cgi?op=DESC&db=4215&id=I23755,Clean,
https://www.wc.rootsweb.ancestry.com/cgi-bin/igm.cgi?op=DESC&db=aaa123&id=I6405,Clean,
https://www.wc.rootsweb.ancestry.com/cgi-bin/igm.cgi?op=DESC&db=annloranger&id=I2299,Clean,
https://www.wc.rootsweb.ancestry.com/cgi-bin/igm.cgi?op=DESC&db=aubinroger&id=I8567,Clean,
https://www.wc.rootsweb.ancestry.com/cgi-bin/igm.cgi?op=DESC&db=avery2&id=I06490,Clean,
https://www.wc.rootsweb.ancestry.com/cgi-bin/igm.cgi?op=DESC&db=bobstg&id=I2315,Clean,
https://www.wc.rootsweb.ancestry.com/cgi-bin/igm.cgi?op=DESC&db=bobstg&id=I3456,Clean,
https://www.wc.rootsweb.ancestry.com/cgi-bin/igm.cgi?op=DESC&db=chgoteddy&id=I5173,Clean,
https://www.wc.rootsweb.ancestry.com/cgi-bin/igm.cgi?op=DESC&db=conqueror&id=I7449,Clean,
https://www.wc.rootsweb.ancestry.com/cgi-bin/igm.cgi?op=DESC&db=cynthiadaigle&id=I000290,Clean,
https://www.wc.rootsweb.ancestry.com/cgi-bin/igm.cgi?op=DESC&db=delcy&id=I060546,Clean,
https://www.wc.rootsweb.ancestry.com/cgi-bin/igm.cgi?op=DESC&db=dprobert&id=I72,Clean,
https://www.wc.rootsweb.ancestry.com/cgi-bin/igm.cgi?op=DESC&db=edmond-smothers&id=I11100,Clean,
https://www.wc.rootsweb.ancestry.com/cgi-bin/igm.cgi?op=DESC&db=fgal&id=I1274,Clean,
https://www.wc.rootsweb.ancestry.com/cgi-bin/igm.cgi?op=DESC&db=fgal&id=I221,Clean,
https://www.wc.rootsweb.ancestry.com/cgi-bin/igm.cgi?op=DESC&db=fgal&id=I22129,Clean,
https://www.wc.rootsweb.ancestry.com/cgi-bin/igm.cgi?op=DESC&db=fgal&id=I599,Clean,
https://www.wc.rootsweb.ancestry.com/cgi-bin/igm.cgi?op=DESC&db=janes&id=I22,Clean,
https://www.wc.rootsweb.ancestry.com/cgi-bin/igm.cgi?op=DESC&db=jbkeene&id=I2289,Clean,
https://www.wc.rootsweb.ancestry.com/cgi-bin/igm.cgi?op=DESC&db=jenn222&id=I1690,Clean,
https://www.wc.rootsweb.ancestry.com/cgi-bin/igm.cgi?op=DESC&db=jmljr&id=I58625,Clean,
https://www.wc.rootsweb.ancestry.com/cgi-bin/igm.cgi?op=DESC&db=kazza&id=I96965,Clean,
https://www.wc.rootsweb.ancestry.com/cgi-bin/igm.cgi?op=DESC&db=kellyt&id=I00183,Clean,
https://www.wc.rootsweb.ancestry.com/cgi-bin/igm.cgi?op=DESC&db=kpoirier&id=I000075,Clean,
https://www.wc.rootsweb.ancestry.com/cgi-bin/igm.cgi?op=DESC&db=laroc&id=I014431,Clean,
https://www.wc.rootsweb.ancestry.com/cgi-bin/igm.cgi?op=DESC&db=laroc&id=I014983,Clean,
https://www.wc.rootsweb.ancestry.com/cgi-bin/igm.cgi?op=DESC&db=laroc&id=I028126,Clean,
https://www.wc.rootsweb.ancestry.com/cgi-bin/igm.cgi?op=DESC&db=moon00&id=I2300,Clean,
https://www.wc.rootsweb.ancestry.com/cgi-bin/igm.cgi?op=DESC&db=rdenardo&id=I6259,Clean,
https://www.wc.rootsweb.ancestry.com/cgi-bin/igm.cgi?op=DESC&db=reserve57&id=I00557,Clean,
https://www.wc.rootsweb.ancestry.com/cgi-bin/igm.cgi?op=DESC&db=rodeobob&id=I1712,Clean,
https://www.wc.rootsweb.ancestry.com/cgi-bin/igm.cgi?op=DESC&db=sauron&id=I1241,Clean,
https://www.wc.rootsweb.ancestry.com/cgi-bin/igm.cgi?op=DESC&db=t1049&id=I05450,Clean,
https://www.wc.rootsweb.ancestry.com/cgi-bin/igm.cgi?op=DESC&db=tmccord&id=I05956,Clean,
https://www.wc.rootsweb.ancestry.com/cgi-bin/igm.cgi?op=DESC&db=truax&id=I08333,Clean,
https://www.wc.rootsweb.ancestry.com/cgi-bin/igm.cgi?op=DESC&db=va3bjp&id=I3291,Clean,
https://www.wc.rootsweb.ancestry.com/cgi-bin/igm.cgi?op=DESC&db=va3bjp&id=I3321,Clean,
https://www.wc.rootsweb.ancestry.com/cgi-bin/igm.cgi?op=DESC&db=wdartez&id=I3429,Clean,
https://www.wc.rootsweb.ancestry.com/cgi-bin/igm.cgi?op=DESC&db=wdartez&id=I508,Clean,
https://www.wc.rootsweb.ancestry.com/cgi-bin/igm.cgi?op=DESC&db=wream&id=I07115,Clean,
https://www.wc.rootsweb.ancestry.com/cgi-bin/igm.cgi?op=GET&db=amfonda&id=ind00285,Clean,
https://www.wc.rootsweb.ancestry.com/cgi-bin/igm.cgi?op=GET&db=butchrose&id=I07142,Clean,
https://www.wc.rootsweb.ancestry.com/cgi-bin/igm.cgi?op=GET&db=grandpapack&id=I1,Clean,
https://www.wc.rootsweb.ancestry.com/cgi-bin/igm.cgi?op=GET&db=lesdel&id=I049,Clean,
https://www.wc.rootsweb.ancestry.com/cgi-bin/igm.cgi?op=GET&db=rnelson&id=I25483,Clean,
https://www.wc.rootsweb.ancestry.com/cgi-bin/igm.cgi?op=GET&db=whfogle&id=I1294,Clean,
https://www.wc.rootsweb.ancestry.com/cgi-bin/igm.cgi?op=REG&db=3586&id=I2084,Clean,
https://www.wc.rootsweb.ancestry.com/cgi-bin/igm.cgi?op=REG&db=4215&id=I155496,Clean,
https://www.wc.rootsweb.ancestry.com/cgi-bin/igm.cgi?op=REG&db=441&id=I416913,Clean,
https://www.wc.rootsweb.ancestry.com/cgi-bin/igm.cgi?op=REG&db=:1311126&id=I9869,Clean,
https://www.wc.rootsweb.ancestry.com/cgi-bin/igm.cgi?op=REG&db=:1731137&id=I00007,Clean,
https://www.wc.rootsweb.ancestry.com/cgi-bin/igm.cgi?op=REG&db=:2299723&id=I1,Clean,
https://www.wc.rootsweb.ancestry.com/cgi-bin/igm.cgi?op=REG&db=:2526021&id=I1145,Clean,
https://www.wc.rootsweb.ancestry.com/cgi-bin/igm.cgi?op=REG&db=:2526021&id=I25,Clean,
https://www.wc.rootsweb.ancestry.com/cgi-bin/igm.cgi?op=REG&db=:2526021&id=I3490,Clean,
https://www.wc.rootsweb.ancestry.com/cgi-bin/igm.cgi?op=REG&db=:2698526&id=I17,Clean,
https://www.wc.rootsweb.ancestry.com/cgi-bin/igm.cgi?op=REG&db=:3171352&id=I6578,Clean,
https://www.wc.rootsweb.ancestry.com/cgi-bin/igm.cgi?op=REG&db=:a57447&id=I288,Clean,
https://www.wc.rootsweb.ancestry.com/cgi-bin/igm.cgi?op=REG&db=aubin9&id=I1118,Clean,
https://www.wc.rootsweb.ancestry.com/cgi-bin/igm.cgi?op=REG&db=aubinroger&id=I13777,Clean,
https://www.wc.rootsweb.ancestry.com/cgi-bin/igm.cgi?op=REG&db=aubinroger&id=I3507,Clean,
https://www.wc.rootsweb.ancestry.com/cgi-bin/igm.cgi?op=REG&db=aubinroger&id=I4310,Clean,
https://www.wc.rootsweb.ancestry.com/cgi-bin/igm.cgi?op=REG&db=aubinroger&id=I7011,Clean,
https://www.wc.rootsweb.ancestry.com/cgi-bin/igm.cgi?op=REG&db=aubinroger&id=I7480,Clean,
https://www.wc.rootsweb.ancestry.com/cgi-bin/igm.cgi?op=REG&db=bobstg&id=I18007,Clean,
https://www.wc.rootsweb.ancestry.com/cgi-bin/igm.cgi?op=REG&db=bobstg&id=I18161,Clean,
https://www.wc.rootsweb.ancestry.com/cgi-bin/igm.cgi?op=REG&db=bobstg&id=I2253,Clean,
https://www.wc.rootsweb.ancestry.com/cgi-bin/igm.cgi?op=REG&db=bobstg&id=I3258,Clean,
https://www.wc.rootsweb.ancestry.com/cgi-bin/igm.cgi?op=REG&db=bobstg&id=I6028,Clean,
https://www.wc.rootsweb.ancestry.com/cgi-bin/igm.cgi?op=REG&db=bobstg&id=I9676,Clean,
https://www.wc.rootsweb.ancestry.com/cgi-bin/igm.cgi?op=REG&db=bobstg&id=I97315,Clean,
https://www.wc.rootsweb.ancestry.com/cgi-bin/igm.cgi?op=REG&db=bushongbeardsley&id=I3775,Clean,
https://www.wc.rootsweb.ancestry.com/cgi-bin/igm.cgi?op=REG&db=danarae&id=I262,Clean,
https://www.wc.rootsweb.ancestry.com/cgi-bin/igm.cgi?op=REG&db=debs_history&id=I24358,Clean,
https://www.wc.rootsweb.ancestry.com/cgi-bin/igm.cgi?op=REG&db=dehelsel&id=I77601,Clean,
https://www.wc.rootsweb.ancestry.com/cgi-bin/igm.cgi?op=REG&db=dentfam&id=I3820,Clean,
https://www.wc.rootsweb.ancestry.com/cgi-bin/igm.cgi?op=REG&db=dvincent&id=I2,Clean,
https://www.wc.rootsweb.ancestry.com/cgi-bin/igm.cgi?op=REG&db=eepperson&id=I00460,Clean,
https://www.wc.rootsweb.ancestry.com/cgi-bin/igm.cgi?op=REG&db=fgal&id=I216,Clean,
https://www.wc.rootsweb.ancestry.com/cgi-bin/igm.cgi?op=REG&db=fgal&id=I40021,Clean,
https://www.wc.rootsweb.ancestry.com/cgi-bin/igm.cgi?op=REG&db=gdtreat3&id=I1260,Clean,
https://www.wc.rootsweb.ancestry.com/cgi-bin/igm.cgi?op=REG&db=hagerj&id=I212628,Clean,
https://www.wc.rootsweb.ancestry.com/cgi-bin/igm.cgi?op=REG&db=hindskw&id=I1101,Clean,
https://www.wc.rootsweb.ancestry.com/cgi-bin/igm.cgi?op=REG&db=hindskw&id=I4220,Clean,
https://www.wc.rootsweb.ancestry.com/cgi-bin/igm.cgi?op=REG&db=ildaunewtest&id=I258,Clean,
https://www.wc.rootsweb.ancestry.com/cgi-bin/igm.cgi?op=REG&db=isaac327&id=I102,Clean,
https://www.wc.rootsweb.ancestry.com/cgi-bin/igm.cgi?op=REG&db=jamesstewart&id=I01775,Clean,
https://www.wc.rootsweb.ancestry.com/cgi-bin/igm.cgi?op=REG&db=janeausten&id=I21,Clean,
https://www.wc.rootsweb.ancestry.com/cgi-bin/igm.cgi?op=REG&db=jmann49&id=I10169,Clean,
https://www.wc.rootsweb.ancestry.com/cgi-bin/igm.cgi?op=REG&db=knorthup&id=I11008,Clean,
https://www.wc.rootsweb.ancestry.com/cgi-bin/igm.cgi?op=REG&db=kpoirier&id=I071103,Clean,
https://www.wc.rootsweb.ancestry.com/cgi-bin/igm.cgi?op=REG&db=kripp&id=I52655,Clean,
https://www.wc.rootsweb.ancestry.com/cgi-bin/igm.cgi?op=REG&db=lcowenrw&id=I135,Clean,
https://www.wc.rootsweb.ancestry.com/cgi-bin/igm.cgi?op=REG&db=lisamarlyn&id=I1077,Clean,
https://www.wc.rootsweb.ancestry.com/cgi-bin/igm.cgi?op=REG&db=m-leblanc&id=I5222,Clean,
https://www.wc.rootsweb.ancestry.com/cgi-bin/igm.cgi?op=REG&db=madawaska&id=I18641,Clean,
https://www.wc.rootsweb.ancestry.com/cgi-bin/igm.cgi?op=REG&db=moon00&id=I8963,Clean,
https://www.wc.rootsweb.ancestry.com/cgi-bin/igm.cgi?op=REG&db=paulhuntress&id=I87,Clean,
https://www.wc.rootsweb.ancestry.com/cgi-bin/igm.cgi?op=REG&db=phalene&id=I1678,Clean,
https://www.wc.rootsweb.ancestry.com/cgi-bin/igm.cgi?op=REG&db=pierref&id=I5319,Clean,
https://www.wc.rootsweb.ancestry.com/cgi-bin/igm.cgi?op=REG&db=pierregirouard&id=I161,Clean,
https://www.wc.rootsweb.ancestry.com/cgi-bin/igm.cgi?op=REG&db=renfroe&id=I01959,Clean,
https://www.wc.rootsweb.ancestry.com/cgi-bin/igm.cgi?op=REG&db=rivardcousins&id=I01801,Clean,
https://www.wc.rootsweb.ancestry.com/cgi-bin/igm.cgi?op=REG&db=rivardcousins&id=I15413,Clean,
https://www.wc.rootsweb.ancestry.com/cgi-bin/igm.cgi?op=REG&db=roberge&id=I4382,Clean,
https://www.wc.rootsweb.ancestry.com/cgi-bin/igm.cgi?op=REG&db=romalda&id=I695,Clean,
https://www.wc.rootsweb.ancestry.com/cgi-bin/igm.cgi?op=REG&db=ron&id=I535,Clean,
https://www.wc.rootsweb.ancestry.com/cgi-bin/igm.cgi?op=REG&db=royharper&id=I484,Clean,
https://www.wc.rootsweb.ancestry.com/cgi-bin/igm.cgi?op=REG&db=rvhodges&id=I4064,Clean,
https://www.wc.rootsweb.ancestry.com/cgi-bin/igm.cgi?op=REG&db=sexton&id=I15262,Clean,
https://www.wc.rootsweb.ancestry.com/cgi-bin/igm.cgi?op=REG&db=snows&id=I0411,Clean,
https://www.wc.rootsweb.ancestry.com/cgi-bin/igm.cgi?op=REG&db=stiddemdavid&id=I1344,Clean,
https://www.wc.rootsweb.ancestry.com/cgi-bin/igm.cgi?op=REG&db=trower&id=I6337,Clean,
https://www.wc.rootsweb.ancestry.com/cgi-bin/igm.cgi?op=REG&db=vendingace&id=I12375,Clean,
https://www.wc.rootsweb.ancestry.com/cgi-bin/igm.cgi?op=REG&db=wdhosey&id=I39795,Clean,
https://www.wc.rootsweb.ancestry.com/cgi-bin/igm.cgi?op=REG&db=wilsongene&id=I02184,Clean,
https://www.wc.rootsweb.ancestry.com/cgi-bin/igm.cgi?op=REG&db=wolfordsheppard&id=I077720,Clean,
https://www.wc.rootsweb.ancestry.com/cgi-bin/igm.cgi?op=REG&db=yvettemj&id=I2614,Clean,
https://www.wc.rootsweb.ancestry.com/cgi-bin/igm.cgi?op=REG&db=zacathan01&id=I277,Clean,
https://www.wc.rootsweb.ancestry.com/cgi-bin/igm.cgi?op=REG&db=zim&id=I070,Clean,
https://www.wc.rootsweb.ancestry.com/cgi-bin/igm.cgi?op=SHOW&db=2-l_coderre&recno=1454,Clean,
https://www.wc.rootsweb.ancestry.com/cgi-bin/igm.cgi?op=SHOW&db=mctavish&recno=4556,Clean,
https://www.wc.rootsweb.ancestry.com/cgi-bin/igm.cgi?op=SHOW&db=siriterjesen&recno=0,Clean,
https://www.wc.rootsweb.ancestry.com/cgi-bin/igm.cgi?op=SHOW&db=stewart&recno=19042,Clean,
https://www.wc.rootsweb.ancestry.com/cgi-bin/igm.cgi?op=SHOW&db=wdhosey&surname=Hosey%2C+Robbie,Clean,
https://www.wc.rootsweb.ancestry.com/cgi-bin/igm.cgi?op=SRCH&db=wolfordsheppard&surname=S,Clean,
https://www.wcb.neit.edu/technews/sum2000/deanlist/R.htm,Clean,
https://www.wcc.wilkescc.edu/schedules/fall2011.html,Clean,
https://www.wcfcourier.com/sports/college/iowa/iowa-football-hawkeyes-back-on-track-after-win/article_274e720a-0913-11e1-aa1b-001cc4c002e0.html,Clean,
https://www.wcfields.org/slaphappy-vol-3-featuring-bobby-vernon-neil-burns-jimmy-adams-billy-dooley-jack-duffy-larry-semon-stan-laurel-oliver-hardy-eric-campbell-bud-duncan-wallace-lupino-george-rowe-bud-jamison.html,Clean,
https://www.wcfish.tributes.com/show/Will-Garwood-91909776,Clean,
https://www.wcflunatall.com/,Clean,
https://www.wchs.warsaw.k12.in.us/,Clean,
https://www.wchs.woodfordschools.org/wcsp/baseball/WCIT.html,Clean,
https://www.wcliberty.com/,Clean,
https://www.wcm-birding.blogspot.com/2010_04_01_archive.html,Clean,
https://www.wcm40.napco.com/,Clean,
https://www.wcorha.org/Locations/StRitasMedicalCenter.aspx,Clean,
https://www.wcos.wordpress.com/,Clean,
https://www.wcp-promotion.com/index.html,Clean,
https://www.wcrhl.com/,Clean,
https://www.wcrnews.wordpress.com/2010/07/17/fast-pitch-softball-champs-fundraising-for-regionals/,Clean,
https://www.wcsdt.wordpress.com/,Clean,
https://www.wct88.com/Business/,Clean,
https://www.wcuhockey.com/viewalum.aspx,Clean,
https://www.wcwrules4lyf.wordpress.com/2008/03/19/,Clean,
https://www.wcwrules4lyf.wordpress.com/2008/03/19/superbrawl-iii/,Clean,
https://www.wcwrules4lyf.wordpress.com/2008/04/24/slamboree-1993-a-legends-reunion/,Clean,
https://www.wd6.info/embers/,Clean,
https://www.wdee.com/,Clean,
https://www.wdeleon.blogspot.com/,Clean,
https://www.wdfw.wa.gov/,Clean,
https://www.wdfyfe.wordpress.com/2011/03/28/8-simple-rules-for-ghosts/,Clean,
https://www.wdio.com/,Clean,
https://www.wdt-law.com/james_tilley.htm,Clean,
https://www.wdtprs.com/blog/2010/10/national-catholic-reporter-bitter-about-cardinal-burke-i-repeat-cardinaler/,Clean,
https://www.wdtprs.com/blog/2011/07/thomas-jefferson-v-alexander-hamilton/,Clean,
https://www.wdtprs.com/blog/2011/10/platitude-cookie-alert/,Clean,
https://www.wdtprs.com/blog/2011/11/your-reports-about-your-all-saints-and-all-souls-masses-indulgences/,Clean,
https://www.wdvl.internet.com/Internet/Commerce/,Clean,
https://www.wdwcentral.wordpress.com/2008/11/30/the-windows-on-main-street-roy-e-disney/,Clean,
https://www.wdwinfo.com/,Clean,
https://www.wdxx.com/search/?q=abc-studios-tours-new-york,Clean,
https://www.wdxx.com/search/?q=aldo-shoes-store-locations-in-maryland,Clean,
https://www.we-sell-them.com/,Clean,
https://www.we3d.net/ethan-hawke-welcomes-his-fourth-child/,Clean,
https://www.weallbe.blogspot.com/2009/04/malcolm-x-missing-chapters.html,Clean,
https://www.wearerealindians.blogspot.com/,Clean,
https://www.wearewerewolves.bandcamp.com/,Clean,
https://www.weather.cnn.com/weather/forecast.jsp,Clean,
https://www.weather.cnn.com/weather/forecast.jsp?zipCode=783328268286,Clean,
https://www.weather.msn.com/local.aspx?wealocations=wc:CAXX0301,Clean,
https://www.weather.msn.com/local.aspx?wealocations=wc:USNJ0275&q=Long+Branch%2c+NJ,Clean,
https://www.weather.msn.com/region.aspx?wealocations=Pacific+Ocean,Clean,
https://www.weather.msn.com/tenday.aspx?wealocations=wc:9763130&q=Miyako-jima%2c+JPN+forecast:tenday,Clean,
https://www.weather.sg.msn.com/region.aspx?wealocations=Okinawa,Clean,
https://www.weather.uk.msn.com/local.aspx?&wealocations=wc%3aUKXX1649&q=Bromley%2c+England&setunit=F,Clean,
https://www.weather.uk.msn.com/local.aspx?wealocations=wc:8579297&q=Clermont%2c+FRA,Clean,
https://www.weather.uk.msn.com/local.aspx?wealocations=wc:CAXX0301&q=Montreal%2c+CAN,Clean,
https://www.weather.uk.msn.com/local.aspx?wealocations=wc:UKXX0132&q=Scunthorpe%2c+England,Clean,
https://www.weather.uk.msn.com/region.aspx?wealocations=Ballymena,Clean,
https://www.weather.uk.msn.com/region.aspx?wealocations=England,Clean,
https://www.weather.uk.msn.com/region.aspx?wealocations=Northern%20Ireland,Clean,
https://www.weather.uk.msn.com/region.aspx?wealocations=Pacific%20Ocean,Clean,
https://www.weather.uk.msn.com/tenday.aspx?wealocations=wc:CAXX0301&q=Montreal%2c+CAN+forecast:tenday,Clean,
https://www.weather.uk.msn.com/tenday.aspx?wealocations=wc:UKXX1649&q=Bromley%2c+England+forecast:tenday,Clean,
https://www.weather.yahoo.com/,Clean,
https://www.weather.yahoo.com/?p=Daipo,Clean,
https://www.weather.yahoo.com/canada/quebec/cabano-3661/,Clean,
https://www.weather.yahoo.com/canada/quebec/montreal-3534/,Clean,
https://www.weather.yahoo.com/england/greater-london/bromley-14109/,Clean,
https://www.weather.yahoo.com/japan/,Clean,
https://www.weather.yahoo.com/japan/okinawa-prefecture/kadena-cho-1117373/,Clean,
https://www.weather.yahoo.com/martinique/fort-de-france/fort-de-france-110467/,Clean,
https://www.weather.yahoo.com/mexico/chihuahua/rosales-140943/,Clean,
https://www.weather.yahoo.com/mexico/chihuahua/saucillo-147399/,Clean,
https://www.weather.yahoo.com/mexico/jalisco/el-saucillo-122400/,Clean,
https://www.weather.yahoo.com/south-africa/mpumalanga/witbank-1591643/,Clean,
https://www.weather.yahoo.com/united-states/california/burbank-2371863/,Clean,
https://www.weather.yahoo.com/united-states/california/mammoth-lakes-2444595/,Clean,
https://www.weather.yahoo.com/united-states/california/oakland-2463583/,Clean,
https://www.weather.yahoo.com/united-states/california/san-leandro-2488095/,Clean,
https://www.weather.yahoo.com/united-states/florida/orlando-2466256/,Clean,
https://www.weather.yahoo.com/united-states/georgia/augusta-2357383/,Clean,
https://www.weather.yahoo.com/united-states/georgia/macon-2443844/,Clean,
https://www.weather.yahoo.com/united-states/maine/bangor-2358941/,Clean,
https://www.weather.yahoo.com/united-states/missouri/kansas-city-2430683/,Clean,
https://www.weather.yahoo.com/united-states/nevada/mesquite-2449854/,Clean,
https://www.weather.yahoo.com/united-states/north-carolina/chapel-hill-2378134/,Clean,
https://www.weather.yahoo.com/united-states/ohio/columbus-2383660/,Clean,
https://www.weather.yahoo.com/united-states/oklahoma/norman-2460448/,Clean,
https://www.weather.yahoo.com/united-states/texas/albany-2352641/,Clean,
https://www.weather.yahoo.com/united-states/virginia/fairfax-2401348/,Clean,
https://www.weather.yahoo.com/united-states/washington/kent-2431667/,Clean,
https://www.weather.yahoo.com/united-states/washington/maple-valley-2445301/,Clean,
https://www.weatherchannelwirelessweatherstation.blogspot.com/,Clean,
https://www.weatherstone61.wordpress.com/2011/09/11/close-up-of-mount-rainier-from-the-skyline-trail-above-paradise-lodge/,Clean,
https://www.web-japan.org/nipponia/nipponia18/en/topic/index.html,Clean,
https://www.web-japan.org/region/pref/fukuoka.html,Clean,
https://www.web-ster.net/ohioelks/54/,Clean,
https://www.web-ster.net/ohioelks/dom9900.html,Clean,
https://www.web-version.com/afm/AFM-2010.html,Clean,
https://www.web.53educationlending.com/stafford.asp,Clean,
https://www.web.alsa.org/site/TR/Walks/NorthernNewEngland?team_id=191003&pg=team&fr_id=7425,Clean,
https://www.web.artprice.com/artistdetails.aspx?idArti=MTA1Njg0Mjg0NTg0MTU=&artist=Marcelle+FERRON&src=3,Clean,
https://www.web.artprice.com/artistdetails.aspx?idArti=MTIwMzIyOTE2NTY5NTEt&artist=Frederick+George+WILLS&src=3,Clean,
https://www.web.artprice.com/artistdetails.aspx?idArti=MTQ4MDQwODg2ODE0NDc=&artist=Fernand+LEDUC&src=3,Clean,
https://www.web.artprice.com/artistdetails.aspx?idArti=MjQyNDMwNDMzOTAyODQ1LQ==&artist=Janice+GILL&src=3,Clean,
https://www.web.artprice.com/artistdetails.aspx?idArti=NDE4ODUwNTEwMDY1NTU=&artist=Clarence+Alphonse+GAGNON&src=3,Clean,
https://www.wingchunmac.com/about/,Clean,
https://www.wingchunmac.com/training/,Clean,
https://www.winghamminorhockey.com/Contact/,Clean,
https://www.winjumsshadyacres.com/lecenter.html,Clean,
https://www.wink.zerista.com/event/member?item_id=1137181,Clean,
https://www.winkychan.livejournal.com/34866.html,Clean,
https://www.winmentalhealth.com/movies_psychological.php,Clean,
https://www.winnershrangers.com/,Clean,
https://www.winnipegjetslegends.blogspot.com/,Clean,
https://www.winnipegjetslegends.blogspot.com/2011/03/danny-geoffrion.html,Clean,
https://www.winnipegjetslegends.blogspot.com/2011/03/jimmy-mann.html,Clean,
https://www.winnipegmagic.com/,Clean,
https://www.winnipegnightlife.ca/tag/stereo-nightclub/,Clean,
https://www.winonastatebasketball.blogspot.com/2008_12_01_archive.html,Clean,
https://www.winpublib.org/lists/dvdsublist.htm,Clean,
https://www.winslowsbbq.com/,Clean,
https://www.winsomegriffin.com/Cone/Benbow2.html,Clean,
https://www.winterbobgraham.blogspot.com/,Clean,
https://www.wintergloves-foo.blogspot.com/,Clean,
https://www.winterrosecottagebedbreakfastbathurst.street-directory.com.au/,Clean,
https://www.winterrosedesigns.blogspot.com/,Clean,
https://www.winterroseeq.com/,Clean,
https://www.winterrosehoa.com/,Clean,
https://www.wintersisd.org/,Clean,
https://www.winteryknight.wordpress.com/2010/04/01/jason-lisle-and-hugh-ross-debate-the-age-of-the-earth/,Clean,
https://www.winusvilottery.com/,Clean,
https://www.winusvilottery.com/helpful-links.htm,Clean,
https://www.winx.name/?w=Henri_Bourassa,Clean,
https://www.winx.name/?w=Kick_Buttowski,Clean,
https://www.wipfilms.net/rape-and-revenge-films/dark-tide-1994/,Clean,
https://www.wipfilms.net/teensploitation-films/survival-run/,Clean,
https://www.wipfilms.net/women-in-prison-films/ebony-ivory-jade/,Clean,
https://www.wipfilms.net/women-in-prison-films/last-dance/,Clean,
https://www.wipfilms.net/women-in-prison-films/women-in-fury/,Clean,
https://www.wire.arts.ubc.ca/uncategorized/the-future-of-cbcradio-canada-a-conversation-with-president-hubert-t-lacroix/,Clean,
https://www.wireimage.com/celebrities/alexander-siddig,Clean,
https://www.wireimage.com/celebrities/alfre-woodard,Clean,
https://www.wireimage.com/celebrities/blair-underwood,Clean,
https://www.wireimage.com/celebrities/shemar-moore,Clean,
https://www.wireless.fcc.gov/auctions/default.htm?job=auction_summary&id=17,Clean,
https://www.wireless.fcc.gov/services/index.htm?job=service_bandplan&id=general_mobile,Clean,
https://www.wireless.fcc.gov/services/index.htm?job=service_home&id=lmds,Clean,
https://www.wirelessandmobilenews.com/2008/04/apc-buys-mvno-movida.html,Clean,
https://www.wirelessinternetboosterantenna.blogspot.com/,Clean,
https://www.wirk.radio.com/2011/10/19/dolly-parton-photos-101811/,Clean,
https://www.wisconsin.inetgiant.com/madison/addetails/big-walnut-logs-and-maple-oak-locust-and-pine-for-sale-madison-and-area-200/10639913,Clean,
https://www.wisconsin.rivals.com/cviewplayer.asp?Player=424526,Clean,
https://www.wisconsin.rivals.com/cviewplayer.asp?Player=44501,Clean,
https://www.wisconsin.schooltree.org/public/John-Muir-Middle-096976.html,Clean,
https://www.wisconsinology.blogspot.com/2008/01/ward-allen-and-albert-alley-cat.html,Clean,
https://www.wiscoy.com/home/cabotpage.html,Clean,
https://www.wisdomculture.com/perform_singer_songwriter_bio.html,Clean,
https://www.wiseguysinteractive.com/,Clean,
https://www.wishartlab.com/,Clean,
https://www.wishawjuniors.com/page25.htm,Clean,
https://www.wishingchair.net/,Clean,
https://www.wislb.org/?p=752,Clean,
https://www.wisn.cityvoter.com/kewpee/biz/26621,Clean,
https://www.wissrech.iam.uni-bonn.de/,Clean,
https://www.wist.info/campbell-thomas/13808/,Clean,
https://www.wist.info/inge-william-ralph/16245/,Clean,
https://www.wist.info/quotation-authors/,Clean,
https://www.wist.info/roosevelt-theodore/16285/,Clean,
https://www.wist.info/whitehead-alfred-north/16276/,Clean,
https://www.witbank.brick7.co.za/jobs,Clean,
https://www.witbank.locanto.co.za/,Clean,
https://www.witbank.minutemanpress.co.za/,Clean,
https://www.witbank.olx.co.za/,Clean,
https://www.witbank.postad.co.za/,Clean,
https://www.witbank.yalwa.co.za/,Clean,
https://www.witbank.yalwa.co.za/Schools/30512/,Clean,
https://www.witheternityinoureyes.blogspot.com/,Clean,
https://www.withfriendship.com/user/Nmicky/pacific-time-zone.php,Clean,
https://www.withfriendship.com/user/mithunss/edmund-kemper.php,Clean,
https://www.withfriendship.com/user/mithunss/lucas-till.php,Clean,
https://www.withfriendship.com/user/sathvi/alvin-karpis.php,Clean,
https://www.withleather.uproxx.com/2010/04/tiger-woods-is-a-creepy-neighbor,Clean,
https://www.withleather.uproxx.com/2011/04/is-leo-messi-the-new-charlie-sheen,Clean,
https://www.witnessthethickness.blogspot.com/,Clean,
https://www.wittcyni.info/,Clean,
https://www.wiuagr.com/,Clean,
https://www.wiw.worldskills.org/wiw/personnels/namesac,Clean,
https://www.wizard101.wikia.com/wiki/Category:Hats,Clean,
https://www.wizard6934.multiply.com/journal?&=&page_start=240,Clean,
https://www.wizards.american-soccer-news.com/?p=8,Clean,
https://www.wizards.com/default.asp?x=dnd/vv/20040515a,Clean,
https://www.wizards.com/default.asp?x=dnd/vv/20050715a,Clean,
https://www.wizbangblog.com/content/2008/10/17/national-anthem-cut-from-obama-rally-what-it-means.php,Clean,
https://www.wizbangpop.com/2007/12/11/quiet-riot-singer-died-of-cocaine-overdose.php,Clean,
https://www.wize.com/band-saws/brand/port,Clean,
https://www.wize.com/digital-camcorders/p2041216-epic-megagames-hd-action-video-camera-hd720p,Clean,
https://www.wize.com/education-and-reference/p190646-kutoka-interactive-eazyspeak-french-levels-1-and,Clean,
https://www.wj2d.tripod.com/bako.html,Clean,
https://www.wjag.com/,Clean,
https://www.wjbc.com/autopsy-shows-head-injuries-in-cullom-child-death/,Clean,
https://www.wjbc.com/police-investigate-cullom-fatal/,Clean,
https://www.wjon.com/june-marlowe-was-born-on-this-date-in-central-minnesota-history/,Clean,
https://www.wjon.com/tags/marco-scandella/,Clean,
https://www.wkel.ask2get.com/index.php?option=com_content&task=view&id=17&Itemid=31,Clean,
https://www.wkw-inthemoodforlove.com/,Clean,
https://www.wlfalwaysremember.org/incident-lists/186-james-riley-oakland-berkeley-hills.html,Clean,
https://www.wlio.org/,Clean,
https://www.wlio.titantv.com/apg/apg_grid.asp,Clean,
https://www.wliotv.buyitforhalf.com/,Clean,
https://www.wlkr.northcoastnow.com/category/on-air/listen-live/,Clean,
https://www.wlsam.com/sectional.asp?id=28931,Clean,
https://www.wm3.org/,Clean,
https://www.wmaandc.blogspot.com/2011/06/state-representative-aull-hired-as-vp.html,Clean,
https://www.wmbbb.org/,Clean,
https://www.wmbs-inc.com/,Clean,
https://www.wmbs.org/album/image/2344241,Clean,
https://www.wmbs.org/home,Clean,
https://www.wmbs590.com/employment.html,Clean,
https://www.wmda.mobi/sh/Huriti,Clean,
https://www.wmfloydgallery.com/,Clean,
https://www.wmmayhem.com/,Clean,
https://www.wmposters.com/catalog/product/farm-house-near-volney-virginia-in-central-appalachia_94485-wm6139506.aspx,Clean,
https://www.wmpoweruser.mobify.me/,Clean,
https://www.wmqbclub.com/,Clean,
https://www.wmugop.blogspot.com/2011/04/michigan-redistricting-state-house-part.html,Clean,
https://www.wmunderway.8m.com/galleryindex/galleryindex.htm,Clean,
https://www.wmunderway.8m.com/seaphoto/catalog/canada.html,Clean,
https://www.wmunderway.8m.com/seaphoto/catalog/new.html,Clean,
https://www.wn.com/%C3%89cole_secondaire_publique_Louis-Riel,Clean,
https://www.wn.com/'The_Forgotten_British_Gurkha_Charity'_established_in_UK,Clean,
https://www.wn.com/14th_century,Clean,
https://www.wn.com/15_inch_speaker,Clean,
https://www.wn.com/1776_(play),Clean,
https://www.wn.com/1819,Clean,
https://www.wn.com/1881,Clean,
https://www.wn.com/1897,Clean,
https://www.wn.com/1910s,Clean,
https://www.wn.com/1924_Republican_National_Convention,Clean,
https://www.wn.com/1928_in_Canada,Clean,
https://www.wn.com/1931_Hawke's_Bay_earthquake,Clean,
https://www.wn.com/1936_College_Football_All-America_Team,Clean,
https://www.wn.com/1938,Clean,
https://www.wn.com/1946_in_sports,Clean,
https://www.wn.com/1952_Davis_Cup,Clean,
https://www.wn.com/1963_NCAA_Men's_Division_I_Basketball_Tournament,Clean,
https://www.wn.com/1964_Davis_Cup,Clean,
https://www.wn.com/1968_New_York_Jets_season,Clean,
https://www.wn.com/1969_in_baseball,Clean,
https://www.wn.com/1970_Chevrolet_Monte_carlo,Clean,
https://www.wn.com/1972_NFL_season,Clean,
https://www.wn.com/1972_Republican_National_Convention,Clean,
https://www.wn.com/1978_Stanley_Cup_Finals,Clean,
https://www.wn.com/1980_NHL_Entry_Draft,Clean,
https://www.wn.com/1981_NCAA_Men's_Division_I_Basketball_Tournament,Clean,
https://www.wn.com/1981_World_Ice_Hockey_Championships,Clean,
https://www.wn.com/1983_Montreal_Expos_season,Clean,
https://www.wn.com/1983_Philadelphia_Phillies_season,Clean,
https://www.wn.com/1984_Republican_National_Convention,Clean,
https://www.wn.com/1987_Rugby_World_Cup,Clean,
https://www.wn.com/1989_FIFA_World_Youth_Championship_squads,Clean,
https://www.wn.com/1990_NCAA_Men's_Division_I_Basketball_Tournament,Clean,
https://www.wn.com/1991_FIFA_U-17_World_Championship,Clean,
https://www.wn.com/1991_Houston_Oilers_season,Clean,
https://www.wn.com/1994_NFL_season,Clean,
https://www.wn.com/1995_FIFA_World_Youth_Championship_squads,Clean,
https://www.wn.com/1996_Green_Bay_Packers_season,Clean,
https://www.wn.com/1997_NHL_Entry_Draft,Clean,
https://www.wn.com/2000_Canadian_Grand_Prix,Clean,
https://www.wn.com/2002_FIFA_World_Cup,Clean,
https://www.wn.com/2005_NCAA_Men's_Division_I_Basketball_Tournament,Clean,
https://www.wn.com/2006_FIFA_World_Cup_qualification_(CAF),Clean,
https://www.wn.com/2006_in_Film,Clean,
https://www.wn.com/2007_NHL_Entry_Draft,Clean,
https://www.wn.com/2007_U-20_World_Cup,Clean,
https://www.wn.com/2008_Major_League_Baseball_All-Star_Game,Clean,
https://www.wn.com/2008_NFL_season,Clean,
https://www.wn.com/2008_Republican_National_Convention,Clean,
https://www.wn.com/2010_FIFA_WORLD_Cup_K'naan__Wavin'_Flag__South_Africa_FIFA_World_Cup_2010_Official_Theme_Song,Clean,
https://www.wn.com/2010_FIFA_World_Cup_qualification_(UEFA),Clean,
https://www.wn.com/2010_Green_Bay_Packers_season,Clean,
https://www.wn.com/2010_La_Vernia_Talent_Show,Clean,
https://www.wn.com/2010_Major_League_Baseball_All-Star_Game,Clean,
https://www.wn.com/2010_Minnesota_State_Wrestling_Tournament_Highlights,Clean,
https://www.wn.com/2010_USA_South_Women's_Basketball_Tournament,Clean,
https://www.wn.com/2010_in_Film,Clean,
https://www.wn.com/2010‚Äì11_NBA_season,Clean,
https://www.wn.com/2011_IFAF_World_Cup,Clean,
https://www.wn.com/2011_NHL_Entry_Draft,Clean,
https://www.wn.com/2011_UCI_World_Cup_,Clean,
https://www.wn.com/20th_Century_Fox,Clean,
https://www.wn.com/24th_Infantry_Division_(United_States),Clean,
https://www.wn.com/2nd_Kontinental_Hockey_League_All-Star_Game,Clean,
https://www.wn.com/57th_Grey_Cup,Clean,
https://www.wn.com/81st_United_States_Congress,Clean,
https://www.wn.com/93rd_United_States_Congress,Clean,
https://www.wn.com/A2_motorway_(Slovenia),Clean,
https://www.wn.com/ABC_Family,Clean,
https://www.wn.com/ABC_Studios,Clean,
https://www.wn.com/ALDO_Groupe,Clean,
https://www.wn.com/ALPHONSE,Clean,
https://www.wn.com/AS_Montferrand,Clean,
https://www.wn.com/AVIS_DE_RECHERCHE,Clean,
https://www.wn.com/Abraham_de_Sola,Clean,
https://www.wn.com/Academy_Award_for_Best_Animated_Short_Film,Clean,
https://www.wn.com/Academy_Award_for_Best_Foreign_Language_Film,Clean,
https://www.wn.com/Adam_(name),Clean,
https://www.wn.com/Adam_Brown,Clean,
https://www.wn.com/Adare_Ran__by_Mervin_Perera,Clean,
https://www.wn.com/Adrion_Smith,Clean,
https://www.wn.com/Afrikan_Centered_Education_ACE_School_threatened_to_be_shutdown_Pt2_of_3,Clean,
https://www.wn.com/Ahmad_Al_Shalabi,Clean,
https://www.wn.com/Ahuntsic-Cartierville,Clean,
https://www.wn.com/Ai_(poet),Clean,
https://www.wn.com/Aida_(musical),Clean,
https://www.wn.com/Aimless_Love,Clean,
https://www.wn.com/Air_India_Express,Clean,
https://www.wn.com/Air_Medal,Clean,
https://www.wn.com/Air_Transat,Clean,
https://www.wn.com/Air_Transport_Association,Clean,
https://www.wn.com/Air_raid_siren_Gents_of_Leicester,Clean,
https://www.wn.com/Aircel_Dhoni_Ad,Clean,
https://www.wn.com/Al_Hrabosky,Clean,
https://www.wn.com/Alain_Lemieux,Clean,
https://www.wn.com/Alain_Montpetit_on_Musi-Video_Show_full_interview,Clean,
https://www.wn.com/Alain_le_coach,Clean,
https://www.wn.com/Alameda_County_Sheriff's_Office,Clean,
https://www.wn.com/Alandsfarjan,Clean,
https://www.wn.com/Alex_Toth,Clean,
https://www.wn.com/Alexander_Galt,Clean,
https://www.wn.com/Alexandre_Despatie,Clean,
https://www.wn.com/Alias_(TV_series),Clean,
https://www.wn.com/Allan_,Clean,
https://www.wn.com/Allan_Memorial_Institute,Clean,
https://www.wn.com/Allard,Clean,
https://www.wn.com/Alpha_Epsilon_Pi,Clean,
https://www.wn.com/Alphanim,Clean,
https://www.wn.com/Alvin_Karpis,Clean,
https://www.wn.com/Alvino_Rey,Clean,
https://www.wn.com/Alys_Robi,Clean,
https://www.wn.com/America's_Most_Wanted,Clean,
https://www.wn.com/American_Football_League,Clean,
https://www.wn.com/American_Jews,Clean,
https://www.wn.com/American_Professional_Soccer_League,Clean,
https://www.wn.com/American_television,Clean,
https://www.wn.com/Amir_Khadir,Clean,
https://www.wn.com/An_Evening_with_Fred_Astaire,Clean,
https://www.wn.com/Andrea_Ciliberti,Clean,
https://www.wn.com/Andrew_Gold,Clean,
https://www.wn.com/Andrew_Moray,Clean,
https://www.wn.com/Andy_Russell_(singer),Clean,
https://www.wn.com/Angela_Chang,Clean,
https://www.wn.com/Anglican_Roman_Catholic_International_Commission,Clean,
https://www.wn.com/Angus_MacDonald_(footballer),Clean,
https://www.wn.com/Annabelle,Clean,
https://www.wn.com/Annabelle_(singer),Clean,
https://www.wn.com/Anne_Poirier,Clean,
https://www.wn.com/Annie_Villeneuve__J'imagine_=_Nikki_Yanofsky__I_Believe,Clean,
https://www.wn.com/Anthony_Garcia,Clean,
https://www.wn.com/Antonio_Davis,Clean,
https://www.wn.com/Aozora_Pedal,Clean,
https://www.wn.com/Aprendiendo_a_Bailar_Salsa_en_Puerto_Rico_2010!!!,Clean,
https://www.wn.com/Arashi_(song),Clean,
https://www.wn.com/Are_You_Alright?__Lucinda_Williams,Clean,
https://www.wn.com/Argentine_films_of_1965,Clean,
https://www.wn.com/Aria_(film),Clean,
https://www.wn.com/Ariel_Helwani,Clean,
https://www.wn.com/Arizona_Wildcats_men%27s_basketball,Clean,
https://www.wn.com/Ash_Wednesday_fires,Clean,
https://www.wn.com/Association_football,Clean,
https://www.wn.com/Association_for_Intercollegiate_Athletics_for_Women,Clean,
https://www.wn.com/Aston_Villa,Clean,
https://www.wn.com/Aston_villa_v_Inter_Milan_1990_part_1,Clean,
https://www.wn.com/Atonement_(film),Clean,
https://www.wn.com/Attila_(1954_film),Clean,
https://www.wn.com/Aum_Namah_Sivaya,Clean,
https://www.wn.com/Autoroute_(Quebec),Clean,
https://www.wn.com/Aye_Chihuahua,Clean,
https://www.wn.com/B-25_Mitchell,Clean,
https://www.wn.com/BEST_Youth_Basketball_Training_Program_in_Portland_Oregon_Featuring_Maurice_Lucas,Clean,
https://www.wn.com/BIRKS_WORKS,Clean,
https://www.wn.com/BMX_Crash!_Eddy_King,Clean,
https://www.wn.com/Babang_Luksa,Clean,
https://www.wn.com/Bajo_un_mismo_rostro,Clean,
https://www.wn.com/Ballymena,Clean,
https://www.wn.com/Ballymena_Academy,Clean,
https://www.wn.com/Bank_of_Montreal,Clean,
https://www.wn.com/Bank_of_Sierra_Leone,Clean,
https://www.wn.com/Bannister,Clean,
https://www.wn.com/Bannister_Mall,Clean,
https://www.wn.com/Barbara_Bennett,Clean,
https://www.wn.com/Barcelona_SC,Clean,
https://www.wn.com/Barcelona_Sporting_Club,Clean,
https://www.wn.com/Barking_Power_Station,Clean,
https://www.wn.com/Barnet,Clean,
https://www.wn.com/Barry_Winchell,Clean,
https://www.wn.com/Barstow_High_School,Clean,
https://www.wn.com/Basilica_of_St_Denis,Clean,
https://www.wn.com/Basketball_at_the_1984_Summer_Olympics,Clean,
https://www.wn.com/Basketball_at_the_2008_Summer_Olympics_-_Men,Clean,
https://www.wn.com/Battle_of_Jumonville_Glen,Clean,
https://www.wn.com/Beach_Volleyball_Cheerleaders,Clean,
https://www.wn.com/Beast,Clean,
https://www.wn.com/Beatty,Clean,
https://www.wn.com/Beauce_Quebec,Clean,
https://www.wn.com/Beauharnois,Clean,
https://www.wn.com/Beautiful_Creatures,Clean,
https://www.wn.com/Belgian,Clean,
https://www.wn.com/Belgian_National_Road_Race_Championships,Clean,
https://www.wn.com/Belhassen_Trabelsi,Clean,
https://www.wn.com/Bell_Canada,Clean,
https://www.wn.com/Bell_TV,Clean,
https://www.wn.com/Belo_Jezero,Clean,
https://www.wn.com/Ben_Turner_(actor),Clean,
https://www.wn.com/Ben_Wright_(American_actor),Clean,
https://www.wn.com/Benny_Moten,Clean,
https://www.wn.com/Benoit_Pelletier,Clean,
https://www.wn.com/Bernard_Harcourt,Clean,
https://www.wn.com/Bernard_Lacoste,Clean,
https://www.wn.com/Bernier,Clean,
https://www.wn.com/Besan√ßon,Clean,
https://www.wn.com/Best_High_School_Football_Band_in_Texas,Clean,
https://www.wn.com/Betty_Grable,Clean,
https://www.wn.com/Bicycle_Law_and_Practice,Clean,
https://www.wn.com/Big_Dance,Clean,
https://www.wn.com/Big_Horse_Productions,Clean,
https://www.wn.com/Big_Ten_Conference_Men's_Basketball_Tournament,Clean,
https://www.wn.com/Bill_Mack,Clean,
https://www.wn.com/Bing_Crosby,Clean,
https://www.wn.com/Bishop_Eddie_Long_Seeking_Settlement_in_Child_Molestation_Case,Clean,
https://www.wn.com/Bishop_of_Oxford,Clean,
https://www.wn.com/Black_Canadians,Clean,
https://www.wn.com/Black_Eagle_(film),Clean,
https://www.wn.com/Bloc_Qu√©b√©cois,Clean,
https://www.wn.com/Block_Communications,Clean,
https://www.wn.com/Blue_Bonnets_Raceway,Clean,
https://www.wn.com/Blue_John_Canyon,Clean,
https://www.wn.com/Blue_Ridge_Mall,Clean,
https://www.wn.com/Bluffton_University,Clean,
https://www.wn.com/Bob_Backlund,Clean,
https://www.wn.com/Bob_Campbell_(photographer),Clean,
https://www.wn.com/Bob_Geigel,Clean,
https://www.wn.com/Bobby_Dollas,Clean,
https://www.wn.com/Bobby_Jarzombek,Clean,
https://www.wn.com/Bois_de_Boulogne,Clean,
https://www.wn.com/Boku_no_Imouto,Clean,
https://www.wn.com/Boland,Clean,
https://www.wn.com/Bombardier_Inc,Clean,
https://www.wn.com/Boys_Basketball_Highlights_Maryland_Invitational_Tournament_AAU_MIT,Clean,
https://www.wn.com/Brad_Gilbert,Clean,
https://www.wn.com/Brad_Komminsk,Clean,
https://www.wn.com/Bradford,Clean,
https://www.wn.com/Bradford_City,Clean,
https://www.wn.com/Brazil_national_football_team,Clean,
https://www.wn.com/Breathless_Trailer,Clean,
https://www.wn.com/Brian_Johnson,Clean,
https://www.wn.com/Brian_Moore,Clean,
https://www.wn.com/Brigadier_general_(United_States),Clean,
https://www.wn.com/Briggs_Stratton,Clean,
https://www.wn.com/British_Columbia,Clean,
https://www.wn.com/British_royalty,Clean,
https://www.wn.com/Bromley,Clean,
https://www.wn.com/Bronwyn,Clean,
https://www.wn.com/Browne_Park,Clean,
https://www.wn.com/Bruce_Haynes,Clean,
https://www.wn.com/Bruno_Walter,Clean,
https://www.wn.com/Brussel_Airline,Clean,
https://www.wn.com/Bud_Anderson,Clean,
https://www.wn.com/Burning_of_the_Parliament_Buildings_in_Montreal,Clean,
https://www.wn.com/Butterflies_(TV_series),Clean,
https://www.wn.com/Buzzard,Clean,
https://www.wn.com/C%C3%A9gep_de_Saint-Laurent,Clean,
https://www.wn.com/C%C3%A9gep_de_Valleyfield,Clean,
https://www.wn.com/C%C3%A9gep_du_Vieux_Montr%C3%A9al,Clean,
https://www.wn.com/C-drik_Fermont,Clean,
https://www.wn.com/CEGEP,Clean,
https://www.wn.com/CFTF-TV,Clean,
https://www.wn.com/CGI_Group,Clean,
https://www.wn.com/CHCH-TV,Clean,
https://www.wn.com/CHOM-FM,Clean,
https://www.wn.com/CIME-FM,Clean,
https://www.wn.com/CISM-FM,Clean,
https://www.wn.com/CJAD,Clean,
https://www.wn.com/CJNT-TV,Clean,
https://www.wn.com/CJPM-TV,Clean,
https://www.wn.com/CKAC,Clean,
https://www.wn.com/CKAC_(AM),Clean,
https://www.wn.com/CKOI,Clean,
https://www.wn.com/COME_AND_SEE_RDF_1,Clean,
https://www.wn.com/CONCACAF_Gold_Cup,Clean,
https://www.wn.com/Cadjehoun_Airport,Clean,
https://www.wn.com/Caitlin,Clean,
https://www.wn.com/Caldecott_tunnel,Clean,
https://www.wn.com/California_State_Route_99,Clean,
https://www.wn.com/California_State_Senate,Clean,
https://www.wn.com/Canada_at_the_1976_Summer_Olympics,Clean,
https://www.wn.com/Canada_at_the_1988_Summer_Olympics,Clean,
https://www.wn.com/Canada_cup_1987_Gretzky_Lemieux,Clean,
https://www.wn.com/Canada_men%27s_national_ice_hockey_team,Clean,
https://www.wn.com/Canada_national_basketball_team,Clean,
https://www.wn.com/Canadian_Figure_Model_CHRISTY_WOLFE_diymusclecom_FEMALE_BODYBUILDER,Clean,
https://www.wn.com/Canadian_Figure_Skating_Championships,Clean,
https://www.wn.com/Canadian_Football_League,Clean,
https://www.wn.com/Canadian_House_of_Commons,Clean,
https://www.wn.com/Canadian_National_Railway,Clean,
https://www.wn.com/Canadian_PGA_Championship,Clean,
https://www.wn.com/Canadian_Pacific_Railway,Clean,
https://www.wn.com/Canadian_football,Clean,
https://www.wn.com/Canadian_national_men's_basketball_team,Clean,
https://www.wn.com/Canadiens_de_Montreal__parodie,Clean,
https://www.wn.com/Canal_Indigo,Clean,
https://www.wn.com/Canal_Myst√®re,Clean,
https://www.wn.com/Canal_Vie,Clean,
https://www.wn.com/Capture_of_Fort_Ticonderoga,Clean,
https://www.wn.com/Cardiac_Arrest,Clean,
https://www.wn.com/Carlo_Fontana,Clean,
https://www.wn.com/Carlos_Brito_talks_about_AB_InBev's_GMT_program,Clean,
https://www.wn.com/Carnegie_Hall,Clean,
https://www.wn.com/Carole_Lombard,Clean,
https://www.wn.com/Caroline_Mon_amour,Clean,
https://www.wn.com/Carrefour_Angrignon,Clean,
https://www.wn.com/Cartoon_KAT-TUN,Clean,
https://www.wn.com/Cartoon_Network,Clean,
https://www.wn.com/Cartoon_Network_Studios,Clean,
https://www.wn.com/Category:1890_establishments_in_the_United_Kingdom,Clean,
https://www.wn.com/Category:18th-century_Roman_Catholic_bishops,Clean,
https://www.wn.com/Category:1913_establishments_in_Norway,Clean,
https://www.wn.com/Category:1960s_pornographic_films,Clean,
https://www.wn.com/Category:1964_births,Clean,
https://www.wn.com/Category:1985_births,Clean,
https://www.wn.com/Category:1990s_drama_films,Clean,
https://www.wn.com/Category:2000s_pornographic_films,Clean,
https://www.wn.com/Category:20th_Century_Fox_films,Clean,
https://www.wn.com/Category:American_child_actors,Clean,
https://www.wn.com/Category:American_comedians,Clean,
https://www.wn.com/Category:American_coming-of-age_films,Clean,
https://www.wn.com/Category:American_dramatists_and_playwrights,Clean,
https://www.wn.com/Category:American_fantasy-comedy_films,Clean,
https://www.wn.com/Category:American_film_actors,Clean,
https://www.wn.com/Category:American_independent_record_labels,Clean,
https://www.wn.com/Category:American_novels_adapted_into_films,Clean,
https://www.wn.com/Category:American_pornographic_film_actors,Clean,
https://www.wn.com/Category:American_rock_singers,Clean,
https://www.wn.com/Category:American_romantic_comedy_films,Clean,
https://www.wn.com/Category:American_silent_film_actors,Clean,
https://www.wn.com/Category:American_silent_films,Clean,
https://www.wn.com/Category:American_stand-up_comedians,Clean,
https://www.wn.com/Category:American_television_actors,Clean,
https://www.wn.com/Category:British_films,Clean,
https://www.wn.com/Category:Democratic_Party_Presidents_of_the_United_States,Clean,
https://www.wn.com/Category:Documentary_films_about_World_War_II,Clean,
https://www.wn.com/Category:England_youth_international_footballers,Clean,
https://www.wn.com/Category:English-language_films,Clean,
https://www.wn.com/Category:English_electronic_music_groups,Clean,
https://www.wn.com/Category:English_people_of_South_African_descent,Clean,
https://www.wn.com/Category:Erotic_films,Clean,
https://www.wn.com/Category:Erotic_thriller_films,Clean,
https://www.wn.com/Category:Fellows_of_the_Royal_Society,Clean,
https://www.wn.com/Category:Female_pornographic_film_actors,Clean,
https://www.wn.com/Category:Finnish_heavy_metal_singers,Clean,
https://www.wn.com/Category:Grammy_Award_winners,Clean,
https://www.wn.com/Category:Indian_dramatists_and_playwrights,Clean,
https://www.wn.com/Category:Italian_pornographic_film_actors,Clean,
https://www.wn.com/Category:Jewish_actors,Clean,
https://www.wn.com/Category:Jewish_comedians,Clean,
https://www.wn.com/Category:Nigeria_international_footballers,Clean,
https://www.wn.com/Category:Performers_of_Christian_hip_hop_music,Clean,
https://www.wn.com/Category:Populated_places_in_California_by_county,Clean,
https://www.wn.com/Category:Pornographic_film_actors_from_California,Clean,
https://www.wn.com/Category:Privately_held_companies_of_the_United_States,Clean,
https://www.wn.com/Category:Recipients_of_the_Distinguished_Flying_Cross_(United_States),Clean,
https://www.wn.com/Category:Republic_of_Ireland_international_footballers,Clean,
https://www.wn.com/Category:Texas_A&M_Aggies_men's_basketball_players,Clean,
https://www.wn.com/Category:United_States_Army_Air_Forces_officers,Clean,
https://www.wn.com/Category:United_States_Army_generals,Clean,
https://www.wn.com/Category:University_of_North_Carolina_at_Chapel_Hill_alumni,Clean,
https://www.wn.com/Category:Wesleyan_University_alumni,Clean,
https://www.wn.com/Category:Year_of_birth_missing_(living_people),Clean,
https://www.wn.com/Catfishing_the_Minnesota,Clean,
https://www.wn.com/Catherine_E_Snow,Clean,
https://www.wn.com/Catherine_Lacoste,Clean,
https://www.wn.com/Central_European_Time,Clean,
https://www.wn.com/Central_Station_(Montreal),Clean,
https://www.wn.com/Centre_Pierre_Charbonneau,Clean,
https://www.wn.com/Chad_Lapointe,Clean,
https://www.wn.com/Challenge_Cup,Clean,
https://www.wn.com/Champ_Car,Clean,
https://www.wn.com/Champ_Car_World_Series,Clean,
https://www.wn.com/Champions_League,Clean,
https://www.wn.com/Chantal_Biya_Premiere_Dame_Cameroun,Clean,
https://www.wn.com/Chantal_Goya_Ce_matin_un_lapin,Clean,
https://www.wn.com/Chapeaumelon,Clean,
https://www.wn.com/Charles_Brown_(musician),Clean,
https://www.wn.com/Charles_Earland,Clean,
https://www.wn.com/Charles_IV_of_Spain,Clean,
https://www.wn.com/Charles_Johnson,Clean,
https://www.wn.com/Charles_Richet,Clean,
https://www.wn.com/Charles_Shaughnessy,Clean,
https://www.wn.com/Charles_Taylor_(philosopher),Clean,
https://www.wn.com/Charles_de_Gaulle_Airport,Clean,
https://www.wn.com/Chevrier_Park-n-Ride_(AMT),Clean,
https://www.wn.com/Chevrolet_Apache_1955,Clean,
https://www.wn.com/Chevrolet_Cavalier,Clean,
https://www.wn.com/Chevrolet_El_Camino,Clean,
https://www.wn.com/Chevrolet_Monte_Carlo,Clean,
https://www.wn.com/Chevy_El_Camino_Fest,Clean,
https://www.wn.com/Chi_Alpha_Lambda,Clean,
https://www.wn.com/Chicago_Blackhawks,Clean,
https://www.wn.com/Chicago_Fire_SC,Clean,
https://www.wn.com/Chicago_Rush,Clean,
https://www.wn.com/Chief_Justice_of_Canada,Clean,
https://www.wn.com/Chief_executive_officer,Clean,
https://www.wn.com/Chihuahua_(state),Clean,
https://www.wn.com/Choucoune_(song),Clean,
https://www.wn.com/Chris_Thomas,Clean,
https://www.wn.com/Christina_Broccolini,Clean,
https://www.wn.com/Christmas_Midnight_Mass_at_St_Patrick's_Cathedral,Clean,
https://www.wn.com/Christopher_Connelly_(actor),Clean,
https://www.wn.com/Church_of_St_James,Clean,
https://www.wn.com/Cincinnati_Reds,Clean,
https://www.wn.com/City_of_Glen_Eira,Clean,
https://www.wn.com/Clark_County_Nevada,Clean,
https://www.wn.com/Claude_Charron,Clean,
https://www.wn.com/Claude_Perrault,Clean,
https://www.wn.com/Cleveland_Gladiators,Clean,
https://www.wn.com/Club_Deportivo_Olimpia,Clean,
https://www.wn.com/Coach_Gun,Clean,
https://www.wn.com/Cole_Miller,Clean,
https://www.wn.com/Colleen_Dewhurst,Clean,
https://www.wn.com/Colorado_Rapids,Clean,
https://www.wn.com/Columbia_Records,Clean,
https://www.wn.com/Columbus%2C_Ohio_Metropolitan_Area,Clean,
https://www.wn.com/Columbus_Short,Clean,
https://www.wn.com/Command_and_General_Staff_College,Clean,
https://www.wn.com/Communes_of_France,Clean,
https://www.wn.com/CommunityAmerica_Credit_Union_TV_Spot_2010_Jen,Clean,
https://www.wn.com/Compasso_d'Oro,Clean,
https://www.wn.com/Connee_Boswell,Clean,
https://www.wn.com/Content_in_Correction,Clean,
https://www.wn.com/Continental_Airlines,Clean,
https://www.wn.com/Continental_Airlines_Flight_CO_111,Clean,
https://www.wn.com/Copa_CONMEBOL,Clean,
https://www.wn.com/Copa_Colombia,Clean,
https://www.wn.com/Copeland,Clean,
https://www.wn.com/Corey_Hart_Julie_Masse,Clean,
https://www.wn.com/Cosplay_Cyber_Latex_Dress_with_Bianca_Beauchamp_and_Marie-Claude_Bourbonnais_Otakuthon_2010,Clean,
https://www.wn.com/Count_Basie_Orchestra,Clean,
https://www.wn.com/Craig_Ferguson_Late_Late_Show_Musical_Opening_Wonderfull_Night,Clean,
https://www.wn.com/Craig_Valentine_Tribute,Clean,
https://www.wn.com/Cronus,Clean,
https://www.wn.com/Cuba_national_football_team,Clean,
https://www.wn.com/Cubby_O'Brien,Clean,
https://www.wn.com/Cummings,Clean,
https://www.wn.com/Curtis_Kenyon,Clean,
https://www.wn.com/Cypress_Street_Viaduct,Clean,
https://www.wn.com/C√¥te-Saint-Paul,Clean,
https://www.wn.com/Dan_Bigras,Clean,
https://www.wn.com/Dan_Gratton,Clean,
https://www.wn.com/Dan_in_Real_Life,Clean,
https://www.wn.com/Dana_(Mirna),Clean,
https://www.wn.com/Dana_Suesse,Clean,
https://www.wn.com/Dance_Avant_De_Tomber__Carol_Laure_And_Louise_LeCavalier_From_La_La_La_Human_Steps,Clean,
https://www.wn.com/Daniel_Johnson_Skateboarding,Clean,
https://www.wn.com/Daniel_Minea,Clean,
https://www.wn.com/Danielle_de_Vabre,Clean,
https://www.wn.com/Dara_O_Briain,Clean,
https://www.wn.com/Dave_Mello,Clean,
https://www.wn.com/David_Douglas_Duncan,Clean,
https://www.wn.com/David_Mann,Clean,
https://www.wn.com/David_Thomas,Clean,
https://www.wn.com/David_Walsh,Clean,
https://www.wn.com/David_Wilcox_at_2010_Avocational_Archaeology_Symposium,Clean,
https://www.wn.com/Davis_Cup,Clean,
https://www.wn.com/Davy_Crocket,Clean,
https://www.wn.com/De_La_Rue,Clean,
https://www.wn.com/Deborah_Mackenzie,Clean,
https://www.wn.com/Defiance,Clean,
https://www.wn.com/Dejvickedivadlo,Clean,
https://www.wn.com/Delroy_Lindo,Clean,
https://www.wn.com/Delta_Sigma_Theta,Clean,
https://www.wn.com/Desjardins_Group,Clean,
https://www.wn.com/Dessau,Clean,
https://www.wn.com/Destroy_(band),Clean,
https://www.wn.com/Diables_Rouges,Clean,
https://www.wn.com/Diane_Dufresne,Clean,
https://www.wn.com/Didier_Reynders,Clean,
https://www.wn.com/Diego_Ayala,Clean,
https://www.wn.com/Dimitri_Soudas,Clean,
https://www.wn.com/Dino_Bravo,Clean,
https://www.wn.com/Disney's_Villains,Clean,
https://www.wn.com/Disney_Junior,Clean,
https://www.wn.com/Disney_XD,Clean,
https://www.wn.com/Disney_XD_Latin_America,Clean,
https://www.wn.com/Distinguished_Flying_Cross_(United_Kingdom),Clean,
https://www.wn.com/Distinguished_Service_Medal_(Army),Clean,
https://www.wn.com/Distinguished_Service_Medal_(United_Kingdom),Clean,
https://www.wn.com/DjCelestron,Clean,
https://www.wn.com/Don_Barksdale,Clean,
https://www.wn.com/Don_Everly,Clean,
https://www.wn.com/Donald_Sangster,Clean,
https://www.wn.com/Doug_Perry,Clean,
https://www.wn.com/Dr_Macphail_Rell,Clean,
https://www.wn.com/Dron,Clean,
https://www.wn.com/Drone_(music),Clean,
https://www.wn.com/Duc_de_Montpensier,Clean,
https://www.wn.com/Dufresne,Clean,
https://www.wn.com/Dwight_Yorke,Clean,
https://www.wn.com/EDMONTON_ESKIMOS_CHEERTEAM,Clean,
https://www.wn.com/East_Fife_FC,Clean,
https://www.wn.com/Eastern_Standard_Time_Zone,Clean,
https://www.wn.com/Eastern_Time_Zone,Clean,
https://www.wn.com/Eaton_Centre,Clean,
https://www.wn.com/Ecole_Polytechnique,Clean,
https://www.wn.com/Ecuadorian_Girls,Clean,
https://www.wn.com/Ed_Sheeran__Little_Bird,Clean,
https://www.wn.com/Edouard_Cabane,Clean,
https://www.wn.com/Eduardo_Rodriguez_(actor),Clean,
https://www.wn.com/Edward_Tufte,Clean,
https://www.wn.com/Edwin_Hawkins,Clean,
https://www.wn.com/El_milagro_de_Candeal,Clean,
https://www.wn.com/Electric_power_distribution,Clean,
https://www.wn.com/Electricity_generation,Clean,
https://www.wn.com/Eleni,Clean,
https://www.wn.com/Elgin_Moray,Clean,
https://www.wn.com/Elizabeth_Cady_Stanton,Clean,
https://www.wn.com/Ella_Baker,Clean,
https://www.wn.com/Elyse_Pahler,Clean,
https://www.wn.com/Emergis,Clean,
https://www.wn.com/Emile_Nelligan,Clean,
https://www.wn.com/Emirates_(airline),Clean,
https://www.wn.com/En_un_mundo_nuevo,Clean,
https://www.wn.com/Eric_Berne,Clean,
https://www.wn.com/Eric_Berne_on_TA,Clean,
https://www.wn.com/Eric_Sykes,Clean,
https://www.wn.com/Eric_bouchard_show_de_boucane_camdrag_matane,Clean,
https://www.wn.com/Erika_Fuchs,Clean,
https://www.wn.com/Ernest_Henry_Wilson,Clean,
https://www.wn.com/Ernie_Lombardi,Clean,
https://www.wn.com/Ernie_Mills,Clean,
https://www.wn.com/Espace_musique,Clean,
https://www.wn.com/Eugene_Oregon_Mixed_Martial_Arts,Clean,
https://www.wn.com/Eulerian_path,Clean,
https://www.wn.com/Euskal_Herria_Estado_Policial_4,Clean,
https://www.wn.com/Excel_Entertainment,Clean,
https://www.wn.com/Extreme_Dodgeball,Clean,
https://www.wn.com/F1_2010_European_Grand_Prix_Valencia_Set_Up,Clean,
https://www.wn.com/FA_Youth_Cup_Finals_of_the_1970s,Clean,
https://www.wn.com/FIFI,Clean,
https://www.wn.com/FORD_F350,Clean,
https://www.wn.com/FRED_PHELPS,Clean,
https://www.wn.com/Fairfield_Stags_men's_basketball,Clean,
https://www.wn.com/Fairmount_Bagel,Clean,
https://www.wn.com/Family_(TV_channel),Clean,
https://www.wn.com/Famous_South_African_people,Clean,
https://www.wn.com/Farhan_Akhtar,Clean,
https://www.wn.com/Fat_Tone__Kansas_City_Rap_Artist_Killed_Local_Footage,Clean,
https://www.wn.com/FedEx_647_plane_crash,Clean,
https://www.wn.com/Fedex_Express,Clean,
https://www.wn.com/Fellowship_of_Christian_Athletes,Clean,
https://www.wn.com/Fernando_Pereira,Clean,
https://www.wn.com/Film_Roman,Clean,
https://www.wn.com/Film_producer,Clean,
https://www.wn.com/Finale_Ligue_des_Champions_Barcelone_vs_Manchester_United_But_Pedro,Clean,
https://www.wn.com/Florida_Gators_vs_Ohio_State_Buckeyes_BCS_Championship,Clean,
https://www.wn.com/Flyscooters_IL_Bello_50cc_MRP_upgrades,Clean,
https://www.wn.com/Fokker_Friendship,Clean,
https://www.wn.com/Folco_Lulli,Clean,
https://www.wn.com/Football_League_First_Division,Clean,
https://www.wn.com/Football_at_the_1924_Summer_Olympics,Clean,
https://www.wn.com/Football_at_the_Summer_Olympics,Clean,
https://www.wn.com/Ford_F-100,Clean,
https://www.wn.com/Ford_F-series,Clean,
https://www.wn.com/Ford_F1,Clean,
https://www.wn.com/Ford_Lobo,Clean,
https://www.wn.com/Forest_Lawn_Memorial_Park_(Glendale),Clean,
https://www.wn.com/Forest_Lawn_Memorial_Park_(Hollywood_Hills),Clean,
https://www.wn.com/Fort_Saint-Jean_(Quebec),Clean,
https://www.wn.com/Fort_Ticonderoga,Clean,
https://www.wn.com/Fort_Wayne,Clean,
https://www.wn.com/Forward_(association_football),Clean,
https://www.wn.com/Franc_Rode,Clean,
https://www.wn.com/France_Finale__Montreal_Fireworks_Competition_2007,Clean,
https://www.wn.com/Francis_J_Pierce,Clean,
https://www.wn.com/Francis_Xavier_(name),Clean,
https://www.wn.com/Francisco_da_Costa_Gomes,Clean,
https://www.wn.com/Franco_Cruciani,Clean,
https://www.wn.com/Fran√ßoise_Gauthier,Clean,
https://www.wn.com/Fraser_Gold_Rush,Clean,
https://www.wn.com/Fraser_Institute,Clean,
https://www.wn.com/Fred_Astaire,Clean,
https://www.wn.com/Fred_Van_Eps,Clean,
https://www.wn.com/Fred_West,Clean,
https://www.wn.com/Frederick_Todd,Clean,
https://www.wn.com/Freehold_Raceway,Clean,
https://www.wn.com/French_government_ministers,Clean,
https://www.wn.com/French_people,Clean,
https://www.wn.com/Frere_chasseur,Clean,
https://www.wn.com/Friday_Night_Lights_Speech_Prayer,Clean,
https://www.wn.com/GREEN_BAY_PACKERS__SUPER_BOWL_XLV_CHAMPIONS_PT_1,Clean,
https://www.wn.com/Gaels,Clean,
https://www.wn.com/Galaxy_Railways,Clean,
https://www.wn.com/Game_(2010_film),Clean,
https://www.wn.com/Gare_de_Calais-Ville,Clean,
https://www.wn.com/Gary_Collins_(actor),Clean,
https://www.wn.com/Gary_Moeller,Clean,
https://www.wn.com/GayVN_Awards,Clean,
https://www.wn.com/Genevieve_Simard,Clean,
https://www.wn.com/George_B_Post,Clean,
https://www.wn.com/George_Marshall,Clean,
https://www.wn.com/George_Painter,Clean,
https://www.wn.com/George_Sykes,Clean,
https://www.wn.com/Georges_Sylvain,Clean,
https://www.wn.com/Georges_Vanier_Secondary_School,Clean,
https://www.wn.com/Georgi_Dimitrov,Clean,
https://www.wn.com/Georgi_Kaloyanchev,Clean,
https://www.wn.com/Getchell_,Clean,
https://www.wn.com/Ghost_Girl_libro_de_Tonya_Hurley,Clean,
https://www.wn.com/Gilles_Gauthier,Clean,
https://www.wn.com/Gilles_Proulx,Clean,
https://www.wn.com/Gino_Brito,Clean,
https://www.wn.com/Giorgio_Lingua,Clean,
https://www.wn.com/Goal_(ice_hockey),Clean,
https://www.wn.com/Golden_Globe_Award_for_Best_Actress_-_Motion_Picture_Musical_or_Comedy,Clean,
https://www.wn.com/Goose,Clean,
https://www.wn.com/Graeme_Souness,Clean,
https://www.wn.com/Graham_Drinkwater,Clean,
https://www.wn.com/Grand_Central_Station,Clean,
https://www.wn.com/Grand_Trunk_Express,Clean,
https://www.wn.com/Grand_Trunk_Railway,Clean,
https://www.wn.com/Graphoanalysis,Clean,
https://www.wn.com/Greek_Canadian,Clean,
https://www.wn.com/Green_Bay_Packers__G-Force,Clean,
https://www.wn.com/Greg_Rusedski,Clean,
https://www.wn.com/Grenadier_Guards,Clean,
https://www.wn.com/Guerra_De_Corea,Clean,
https://www.wn.com/Guido_Cagnacci,Clean,
https://www.wn.com/Guido_Crepax,Clean,
https://www.wn.com/Guillaume_Lemay-Thivierge,Clean,
https://www.wn.com/Guy_Warren,Clean,
https://www.wn.com/HARVARD_BUSINESS_SCHOOL,Clean,
https://www.wn.com/HYMNE_NATIONAL_DU_QU√âBEC,Clean,
https://www.wn.com/H_Roe_Bartle,Clean,
https://www.wn.com/Ha_Tinh,Clean,
https://www.wn.com/Haku_(wrestler),Clean,
https://www.wn.com/Hamilton_Standard,Clean,
https://www.wn.com/Harland_and_Wolff,Clean,
https://www.wn.com/Harley_Race,Clean,
https://www.wn.com/Harmonium,Clean,
https://www.wn.com/Harrison_Ford,Clean,
https://www.wn.com/Hasta_Siempre,Clean,
https://www.wn.com/Hasta_siempre_Che_Guevara_Song_+_subtitles_English_Spanish,Clean,
https://www.wn.com/Hat_Yai_FC,Clean,
https://www.wn.com/Haunted_~_Casper,Clean,
https://www.wn.com/Hawaiian_Tropic,Clean,
https://www.wn.com/Hawke's_Bay,Clean,
https://www.wn.com/He_Has_Made_Me_Glad__Maranatha_Singers_%5Blyrics%5D,Clean,
https://www.wn.com/Heath_Slater,Clean,
https://www.wn.com/Heavy_metal_music,Clean,
https://www.wn.com/Heidi_Montag,Clean,
https://www.wn.com/Helen_Storrow,Clean,
https://www.wn.com/Henri_Bourassa,Clean,
https://www.wn.com/Henry_Brant,Clean,
https://www.wn.com/Henry_Cooper,Clean,
https://www.wn.com/Henry_IV_of_France,Clean,
https://www.wn.com/Henry_Jones,Clean,
https://www.wn.com/Henry_Starnes,Clean,
https://www.wn.com/Herb_Trawick,Clean,
https://www.wn.com/Hercules_Kyvelos,Clean,
https://www.wn.com/Hercules_vs_Samson,Clean,
https://www.wn.com/Hermes_House_Band__Country_Roads_Remix,Clean,
https://www.wn.com/Hermosas_Mujeres,Clean,
https://www.wn.com/Hey!_Say!_JUMP,Clean,
https://www.wn.com/Hidden_Secret_Documentary_The_Film,Clean,
https://www.wn.com/Hidden_secret_tights,Clean,
https://www.wn.com/High_schools_in_California,Clean,
https://www.wn.com/Highway_17_(Ontario),Clean,
https://www.wn.com/Highway_401_%28Ontario%29,Clean,
https://www.wn.com/Hockey_Central,Clean,
https://www.wn.com/Hockey_World_Cup,Clean,
https://www.wn.com/Hollywood_Records,Clean,
https://www.wn.com/Holy_Names_High_School_(Oakland),Clean,
https://www.wn.com/Holy_Trinity_Ethiopian_Orthodox_Tewahido_Church_New_York,Clean,
https://www.wn.com/Home_Improvement_(TV_series),Clean,
https://www.wn.com/Honore,Clean,
https://www.wn.com/Horace_Rumpole,Clean,
https://www.wn.com/Horatio_Alger,Clean,
https://www.wn.com/Horatio_Spafford,Clean,
https://www.wn.com/Horrie_Dargie,Clean,
https://www.wn.com/Hoshi_ni_Negai_o,Clean,
https://www.wn.com/Hot_Texas_Women!,Clean,
https://www.wn.com/House_of_Blues,Clean,
https://www.wn.com/Houston_Oilers,Clean,
https://www.wn.com/How_to_Get_Signed_to_a_Record_Label__Easiest_Way,Clean,
https://www.wn.com/Humpty_Dumpty_Snack_Foods,Clean,
https://www.wn.com/Hundred_Years'_War,Clean,
https://www.wn.com/Hungary_Davis_Cup_team,Clean,
https://www.wn.com/I-94_(ND),Clean,
https://www.wn.com/IL_SILENZIO__Trumpet_Solo,Clean,
https://www.wn.com/INTRO_MARCO_ANTONIO_SOLIZ-UNA_NOCHE_EN_MADRID,Clean,
https://www.wn.com/Ice_hockey_at_the_1968_Winter_Olympics,Clean,
https://www.wn.com/Idea_leuconoe,Clean,
https://www.wn.com/Illinois_House_of_Representatives,Clean,
https://www.wn.com/Illinois_high_school_boys_basketball_championship,Clean,
https://www.wn.com/Illiteracy_in_America,Clean,
https://www.wn.com/Ima_Cultural_Group,Clean,
https://www.wn.com/Independent_Catholic,Clean,
https://www.wn.com/Index_of_World_War_II_articles_(U),Clean,
https://www.wn.com/Indianapolis_Colts,Clean,
https://www.wn.com/International_Air_Transport_Association,Clean,
https://www.wn.com/International_League,Clean,
https://www.wn.com/Interstate_10,Clean,
https://www.wn.com/Interstate_29_in_Iowa,Clean,
https://www.wn.com/Interstate_35,Clean,
https://www.wn.com/Interstate_35_(Texas),Clean,
https://www.wn.com/Interstate_5_(California),Clean,
https://www.wn.com/Interstate_70,Clean,
https://www.wn.com/Interstate_71,Clean,
https://www.wn.com/Iowa_Hawkeyes_football,Clean,
https://www.wn.com/Iowa_Swimming,Clean,
https://www.wn.com/Iranian_High_Flyers,Clean,
https://www.wn.com/Ireland_Tourism,Clean,
https://www.wn.com/Irish_Ethnic_Cleansing_of_Protestants_in_Northern_Ireland,Clean,
https://www.wn.com/Isaac_Tigrett,Clean,
https://www.wn.com/Island_Records,Clean,
https://www.wn.com/Ivan_vs_RJ,Clean,
https://www.wn.com/J_League_2011,Clean,
https://www.wn.com/Jack_Clancy,Clean,
https://www.wn.com/Jack_Gregory,Clean,
https://www.wn.com/Jack_Riley_(actor),Clean,
https://www.wn.com/Jack_Rio_(film),Clean,
https://www.wn.com/Jack_White_(film_producer),Clean,
https://www.wn.com/Jackie_Chan_Sylvester_Stallone,Clean,
https://www.wn.com/Jacksonville_Jaguars,Clean,
https://www.wn.com/Jacksonville_Sharks,Clean,
https://www.wn.com/Jacques_Cartier,Clean,
https://www.wn.com/Jacques_Dextraze,Clean,
https://www.wn.com/Jacques_Dupuis,Clean,
https://www.wn.com/James_,Clean,
https://www.wn.com/James_Corden,Clean,
https://www.wn.com/James_Dunn_(actor),Clean,
https://www.wn.com/James_IV,Clean,
https://www.wn.com/James_L_Jones,Clean,
https://www.wn.com/James_McGill,Clean,
https://www.wn.com/James_Ross_@_Judith_Judy_McAllister__Executive_Director__Music__COGIC,Clean,
https://www.wn.com/James_Ross_@_Tony_Russell__Christian_Secular_Music__Bass_JAY-Z,Clean,
https://www.wn.com/James_Springer_White,Clean,
https://www.wn.com/James_Stewart_%28actor%29,Clean,
https://www.wn.com/James_Whitmore,Clean,
https://www.wn.com/James_Yimm_Lee,Clean,
https://www.wn.com/Jane_Wymark,Clean,
https://www.wn.com/Jani_Hurme,Clean,
https://www.wn.com/Janis_Paige,Clean,
https://www.wn.com/Japan_Airlines_Commercial,Clean,
https://www.wn.com/Japan_Transocean_Air,Clean,
https://www.wn.com/Jason_Everly,Clean,
https://www.wn.com/Javed_Akhtar,Clean,
https://www.wn.com/Jaws_1975_Trailer,Clean,
https://www.wn.com/Jay_McShann,Clean,
https://www.wn.com/Jean-Baptiste_Faure,Clean,
https://www.wn.com/Jean-Pierre_Normand,Clean,
https://www.wn.com/Jean_Harlow,Clean,
https://www.wn.com/Jean_Simmons,Clean,
https://www.wn.com/Jeanne-Le_Ber,Clean,
https://www.wn.com/Jeanne_Le_Ber,Clean,
https://www.wn.com/Jeanne_Sauv%C3%A9,Clean,
https://www.wn.com/Jelani_McCoy,Clean,
https://www.wn.com/Jeremy_Hanley,Clean,
https://www.wn.com/Jeremy_Paxman's_infamous_Michael_Howard_interview__BBC,Clean,
https://www.wn.com/Jerry_Anderson,Clean,
https://www.wn.com/Jerzy_Neyman,Clean,
https://www.wn.com/Jewish_Brigade,Clean,
https://www.wn.com/Jill_Schoelen,Clean,
https://www.wn.com/Jim_Russell_(musician),Clean,
https://www.wn.com/Jimmy_Johnstone__Celtic_Great,Clean,
https://www.wn.com/Joan_Robinson,Clean,
https://www.wn.com/Jocelyn_Thibault,Clean,
https://www.wn.com/Joe_Abreu,Clean,
https://www.wn.com/Joe_Bravo,Clean,
https://www.wn.com/Joe_Rullier,Clean,
https://www.wn.com/Joe_Weider,Clean,
https://www.wn.com/Johanne_Harrelle,Clean,
https://www.wn.com/John_A_Macdonald,Clean,
https://www.wn.com/John_Cabot,Clean,
https://www.wn.com/John_Cooper,Clean,
https://www.wn.com/John_Dunton,Clean,
https://www.wn.com/John_Hancock,Clean,
https://www.wn.com/John_Hayes_(radio),Clean,
https://www.wn.com/John_Hayes_Interview,Clean,
https://www.wn.com/John_Kander,Clean,
https://www.wn.com/John_MacAulay,Clean,
https://www.wn.com/John_Montefusco,Clean,
https://www.wn.com/John_Moore,Clean,
https://www.wn.com/John_Morrison_(wrestler),Clean,
https://www.wn.com/John_Payne_(actor),Clean,
https://www.wn.com/John_Payne_(singer),Clean,
https://www.wn.com/John_Ray_(Missouri),Clean,
https://www.wn.com/John_Redpath,Clean,
https://www.wn.com/John_Sharp_(Texas_politician),Clean,
https://www.wn.com/John_Weinzweig,Clean,
https://www.wn.com/John_Wildman,Clean,
https://www.wn.com/Johnny_&_Associates,Clean,
https://www.wn.com/Johnny_Kitagawa,Clean,
https://www.wn.com/Johnstone,Clean,
https://www.wn.com/Jomo_Cosmos,Clean,
https://www.wn.com/Jos_(given_name),Clean,
https://www.wn.com/Jose_da_Costa_Vieira,Clean,
https://www.wn.com/Joseph_Royal,Clean,
https://www.wn.com/Juan_Mendez,Clean,
https://www.wn.com/Jubilee_(Christian),Clean,
https://www.wn.com/Julie_Couillard,Clean,
https://www.wn.com/Jungle_Jim_(TV_series),Clean,
https://www.wn.com/Just_for_Laughs__Gags,Clean,
https://www.wn.com/Just_for_laughs,Clean,
https://www.wn.com/KAT-TUN_+_Jin_BABY_PICTURES!!_Promise_Song_~NEW,Clean,
https://www.wn.com/KCBS-TV,Clean,
https://www.wn.com/KCBS_(AM),Clean,
https://www.wn.com/KCTV,Clean,
https://www.wn.com/KCWE,Clean,
https://www.wn.com/KPIX-TV,Clean,
https://www.wn.com/KPRS,Clean,
https://www.wn.com/KQED-FM,Clean,
https://www.wn.com/KRS_Film_Distributors,Clean,
https://www.wn.com/KSMO-TV,Clean,
https://www.wn.com/KTVU,Clean,
https://www.wn.com/KWCH-TV,Clean,
https://www.wn.com/KYIN,Clean,
https://www.wn.com/Kaizer_Chiefs,Clean,
https://www.wn.com/Kaizer_Chiefs_Football_Club,Clean,
https://www.wn.com/Kalem_Company,Clean,
https://www.wn.com/Kamenashi_Kazuya,Clean,
https://www.wn.com/Kansas_City,Clean,
https://www.wn.com/Kansas_City_Chiefs_Touchdown_Song,Clean,
https://www.wn.com/Kansas_City_Comets,Clean,
https://www.wn.com/Kansas_City_Metropolitan_Area,Clean,
https://www.wn.com/Kansas_City_Mo_Mortgage_Refinance_Home_Equity_Loans_Kansas_City_Missouri_Mortgage_Jake_Ferder,Clean,
https://www.wn.com/Kansas_City_Power_and_Light_Building,Clean,
https://www.wn.com/Kansas_City_Royals,Clean,
https://www.wn.com/Kansas_City_Southern_Railway,Clean,
https://www.wn.com/Kansas_City_Star,Clean,
https://www.wn.com/Kansas_City_Symphony,Clean,
https://www.wn.com/Kansas_City_Terminal_Railway,Clean,
https://www.wn.com/Kansas_city_mo,Clean,
https://www.wn.com/Kanum,Clean,
https://www.wn.com/Kappa_Alpha_Psi,Clean,
https://www.wn.com/Kat_Williams_LIVE_in_Las_Vegas,Clean,
https://www.wn.com/Kate_McGarrigle,Clean,
https://www.wn.com/Ken_(name),Clean,
https://www.wn.com/Kenji_Nojima,Clean,
https://www.wn.com/Kentucky_Basketball_ABA,Clean,
https://www.wn.com/Kevin_Ellis,Clean,
https://www.wn.com/Kevin_MacLeod_Royalty_Free_Music,Clean,
https://www.wn.com/Kevin_O'Leary_(entrepreneur),Clean,
https://www.wn.com/Khamani_Griffin,Clean,
https://www.wn.com/Kick_Buttowski,Clean,
https://www.wn.com/Kick_Buttowski_2,Clean,
https://www.wn.com/Kiki,Clean,
https://www.wn.com/King_of_France,Clean,
https://www.wn.com/King_of_Navarre,Clean,
https://www.wn.com/Kit_Pellow,Clean,
https://www.wn.com/Kittitas_County%2C_Washington,Clean,
https://www.wn.com/Kutt_Calhoun,Clean,
https://www.wn.com/LA_PETITE_PATRIE,Clean,
https://www.wn.com/LE_CANAL_DU_MIDI,Clean,
https://www.wn.com/LE_PAROLE_UMBERTO_TOZZI,Clean,
https://www.wn.com/L_Ron_Hubbard,Clean,
https://www.wn.com/LaSalle_(Montreal),Clean,
https://www.wn.com/La_Bolduc,Clean,
https://www.wn.com/La_Casa_Del_Terror,Clean,
https://www.wn.com/La_Dentelli√®re,Clean,
https://www.wn.com/La_Meteo_bloopers,Clean,
https://www.wn.com/La_Presse_(Canada),Clean,
https://www.wn.com/La_Rotonde,Clean,
https://www.wn.com/La_Verendrye,Clean,
https://www.wn.com/La_pointe_de_la_Torche,Clean,
https://www.wn.com/La_serie_rosa,Clean,
https://www.wn.com/Laayoune_TV,Clean,
https://www.wn.com/Lac_Saint-Louis,Clean,
https://www.wn.com/Lachine_Canal,Clean,
https://www.wn.com/Lake_of_Two_Mountains,Clean,
https://www.wn.com/Lamar_Consolidated_Independent_School_District,Clean,
https://www.wn.com/Lamar_Hunt_US_Open_Cup,Clean,
https://www.wn.com/Lambda_Chi_Alpha,Clean,
https://www.wn.com/Landing_Ship_Tank,Clean,
https://www.wn.com/Larry_Norman,Clean,
https://www.wn.com/Larry_Steele,Clean,
https://www.wn.com/Lash_LaRue,Clean,
https://www.articles.sfgate.com/2011-06-19/living/29668564_1_uptown-hot-spot-white-ball,Clean,
https://www.articles.sfgate.com/2011-07-24/entertainment/29801682_1_classic-rock-kufx-ksjo,Clean,
https://www.articles.sfgate.com/2011-08-04/opinion/29849114_1_assembly-speaker-john-p-rez-assemblyman-anthony-portantino-assembly-dems,Clean,
https://www.articles.sfgate.com/2011-08-07/entertainment/29857602_1_oakland-raiders-new-owners-sound-management,Clean,
https://www.articles.sfgate.com/2011-08-12/bay-area/29879086_1_release-assemblyman-anthony-portantino-daily-calendar,Clean,
https://www.articles.sfgate.com/2011-08-26/bay-area/29929990_1_robert-maynard-bay-area-news-group-oakland-sign,Clean,
https://www.articles.sfgate.com/2011-08-26/news/29930054_1_referendum-sales-tax-major-online-retailers,Clean,
https://www.articles.sfgate.com/2011-08-27/news/29934355_1_melissa-krum-antoine-mackey-odell-roberson,Clean,
https://www.articles.sfgate.com/2011-08-31/entertainment/29947973_1_memorial-work-michael-arad-canopy,Clean,
https://www.articles.sfgate.com/2011-09-04/books/30108726_1_jane-fonda-vanessa-vadim-hanoi-jane,Clean,
https://www.articles.sfgate.com/2011-09-13/bay-area/30147817_1_ac-transit-bus-driver-north-oakland,Clean,
https://www.articles.sfgate.com/2011-09-18/home-and-garden/30167782_1_poster-design-wolfgang-s-vault-bill-graham,Clean,
https://www.articles.sfgate.com/2011-09-19/bay-area/30174315_1_caldecott-tunnel-tunneling-crew-new-tunnel,Clean,
https://www.articles.sfgate.com/2011-09-23/bay-area/30192390_1_ktvu-tv-guide-chronicle-reporter,Clean,
https://www.articles.sfgate.com/2011-09-25/entertainment/30192296_1_duran-duran-singer-simon-le-bon-band-members,Clean,
https://www.articles.sfgate.com/2011-09-25/home-and-garden/30196899_1_fall-plant-sale-merritt-college-native-plant,Clean,
https://www.articles.sfgate.com/2011-10-16/bay-area/30288405_1_oakland-mayor-jean-quan-batts-and-quan-news-conference,Clean,
https://www.articles.sfgate.com/2011-10-19/bay-area/30300673_1_william-lovan-ron-dellums-impending-police-raid,Clean,
https://www.articles.sfgate.com/2011-10-22/entertainment/30312250_1_helicopter-crash-bill-graham-bell-ranger,Clean,
https://www.articles.sfgate.com/2011-10-28/bay-area/30335320_1_mayor-jean-quan-oakland-mayor-police-chief-anthony-batts,Clean,
https://www.articles.sfgate.com/2011-10-29/news/30338015_1_shoplifting-18th-assembly-district-valley-and-dublin,Clean,
https://www.articles.sfgate.com/2011-11-01/sports/30348720_1_tony-la-russa-dodgers-dave-duncan,Clean,
https://www.articles.sfgate.com/2011-11-02/news/30358143_1_port-fruits-and-nuts-oakland,Clean,
https://www.articles.sfgate.com/2011-11-03/bay-area/30358022_1_oakland-protest-ac-transit-wwwactransitorg,Clean,
https://www.articles.sfgate.com/2011-11-03/entertainment/30358063_1_david-buechner-pianist-san-francisco-symphony,Clean,
https://www.articles.sfgate.com/2011-11-03/entertainment/30358079_1_bike-racks-bicycle-lane-golden-gate-park,Clean,
https://www.articles.sfgate.com/2011-11-03/news/30358043_1_oakland-port-middle-harbor-road-protest,Clean,
https://www.articles.sfgate.com/2011-11-06/entertainment/30362511_1_cuban-musicians-david-murray-macy-gray,Clean,
https://www.articles.sfgate.com/2011-11-16/bay-area/30408618_1_preliminary-hearing-assemblywoman-mary-hayashi-felony-grand-theft,Clean,
https://www.articles.sfgate.com/keyword/bubonic-plague,Clean,
https://www.articles.sfgate.com/keyword/caldecott-tunnel,Clean,
https://www.articles.sfgate.com/keyword/david-murray,Clean,
https://www.articles.sfgate.com/keyword/jerry-brown,Clean,
https://www.articles.sfgate.com/keyword/kgo-tv,Clean,
https://www.articles.sfgate.com/keyword/lake-temescal,Clean,
https://www.articles.sfgate.com/keyword/mills-college,Clean,
https://www.articles.sfgate.com/keyword/oakland-skates,Clean,
https://www.articles.sfgate.com/keyword/trans-world-airlines,Clean,
https://www.articles.sfgate.com/keyword/vincent-damphousse,Clean,
https://www.articles.sfgate.com/keyword/yonus-davis,Clean,
https://www.articles.sfgate.com/keyword/yusuf-bey,Clean,
https://www.articles.student.com/resources/college,Clean,
https://www.articles.sun-sentinel.com/1996-07-20/news/9607200006_1_twa-employee-flight-attendant-off-duty-twa-flight/2,Clean,
https://www.articles.sun-sentinel.com/1996-07-20/news/9607200006_1_twa-employee-flight-attendant-off-duty-twa-flight/3,Clean,
https://www.articles.sun-sentinel.com/1999-05-30/news/9905290461_1_kansas-board-catholic-university-boston-college,Clean,
https://www.articles.sun-sentinel.com/2001-09-09/sports/0109090162_1_steinberg-s-firm-david-dunn-assante,Clean,
https://www.articles.sun-sentinel.com/2002-10-20/news/0210170496_1_fau-ice-hockey-career-owls,Clean,
https://www.articles.sun-sentinel.com/2009-05-29/sports/0905300065_1_keith-byars-shula-nfl,Clean,
https://www.articles.sun-sentinel.com/2010-03-17/sports/fl-miami-fc-soccer-0318-20100317_1_miami-fc-traffic-sports-paulo-araujo,Clean,
https://www.articles.sun-sentinel.com/2010-06-09/sports/fl-miami-fc-strikers-name-0610-20100609_1_striker-likers-strikers-midfielder-fort-lauderdale-strikers,Clean,
https://www.articles.sun-sentinel.com/2010-08-24/news/fl-amanda-inman-court-20100824_1_sweltering-van-bus-driver-day-care,Clean,
https://www.articles.sun-sentinel.com/2010-11-16/news/fl-katies-kids-hearing-20101116_1_katie-s-kids-learning-center-katie-s-kids-van-driver,Clean,
https://www.articles.sun-sentinel.com/2011-08-30/sports/sfl-miami-heat-mark-cuban-s083011_1_heat-coach-erik-spoelstra-deshawn-stevenson-mario-chalmers,Clean,
https://www.articles.sun-sentinel.com/2011-10-01/sports/fl-soccer-strikers-playoff-1002-20111001_1_fc-edmonton-strikers-keeper-matt-glaeser-fc-tampa,Clean,
https://www.articles.sun-sentinel.com/2011-10-14/sports/fl-soccer-strikers-semis-box-1015-20111014_1_nasl-puerto-rico-islanders-fort-lauderdale-strikers,Clean,
https://www.articles.sun-sentinel.com/2011-11-07/business/fl-bank-america-fee-plea-20111107_1_overdraft-fees-anne-pace-debit,Clean,
https://www.articles.sun-sentinel.com/keyword/barry-winchell,Clean,
https://www.articles.sun-sentinel.com/keyword/danny-stubbs,Clean,
https://www.articles.sun-sentinel.com/keyword/keith-byars/featured/4,Clean,
https://www.articles.sun-sentinel.com/keyword/precious-doe,Clean,
https://www.articles.sun-sentinel.com/keyword/stacy-keach,Clean,
https://www.articles.sun-sentinel.com/keyword/warner-home-video,Clean,
https://www.articles.timesofindia.indiatimes.com/2011-03-11/news-interviews/28679752_1_kate-middleton-wedding-souvenir,Clean,
https://www.articles.timesofindia.indiatimes.com/2011-03-27/tv/29194331_1_kjo-secrets-show,Clean,
https://www.articles.timesofindia.indiatimes.com/2011-04-05/india/29384170_1_crackers-jalandhar-harbhajan-singh,Clean,
https://www.articles.timesofindia.indiatimes.com/2011-07-04/news-interviews/29733394_1_bipasha-basu-gaga-rohan-sippy,Clean,
https://www.articles.timesofindia.indiatimes.com/2011-07-16/news-interviews/29781507_1_first-film-aamir-khan-dream-actor,Clean,
https://www.articles.timesofindia.indiatimes.com/2011-07-20/news-interviews/29794244_1_blast-victims-farhan-akhtar-cinema-halls,Clean,
https://www.articles.timesofindia.indiatimes.com/2011-08-14/news-interviews/29884480_1_bhaag-milkha-bhaag-milkha-singh-farhan-akhtar,Clean,
https://www.articles.timesofindia.indiatimes.com/2011-09-06/news-interviews/30115746_1_fashion-line-kangna-ranaut-claims,Clean,
https://www.articles.timesofindia.indiatimes.com/2011-09-13/news-and-interviews/30148945_1_vishal-shekhar-dadlani-and-shekhar-ravjiani-friends,Clean,
https://www.articles.timesofindia.indiatimes.com/2011-10-06/news-interviews/30250203_1_films-delhi-belly-ram-sampath,Clean,
https://www.articles.timesofindia.indiatimes.com/2011-10-11/news-and-interviews/30266593_1_swarathma-jishnu-dasgupta-varun,Clean,
https://www.articles.timesofindia.indiatimes.com/keyword/abhinay-deo,Clean,
https://www.articles.timesofindia.indiatimes.com/keyword/boman-irani,Clean,
https://www.articles.timesofindia.indiatimes.com/keyword/sarah-jane-dias,Clean,
https://www.articles.timesofindia.indiatimes.com/keyword/shahana-goswami,Clean,
https://www.articles.timesofindia.indiatimes.com/keyword/tetley,Clean,
https://www.articles.tutorialonline.biz/portal/language-de/search_E,Clean,
https://www.articles.tutorialonline.biz/portal/language-en/search_D-000,Clean,
https://www.articles.tutorialonline.biz/portal/language-en/search_O,Clean,
https://www.articles.tutorialonline.biz/portal/language-en/search_Q,Clean,
https://www.articles.tutorialonline.biz/portal/language-en/search_V,Clean,
https://www.articles.tutorialonline.biz/portal/language-en/search_W-046,Clean,
https://www.articles.tutorialonline.biz/portal/language-en/search_Z,Clean,
https://www.articles.tutorialonline.biz/portal/language-eo/search_M,Clean,
https://www.articles.tutorialonline.biz/portal/language-es/search_*-000,Clean,
https://www.articles.tutorialonline.biz/portal/language-es/search_K,Clean,
https://www.articles.tutorialonline.biz/portal/language-fi/search_G,Clean,
https://www.articles.tutorialonline.biz/portal/language-fi/search_H,Clean,
https://www.articles.tutorialonline.biz/portal/language-fr/search_E,Clean,
https://www.articles.tutorialonline.biz/portal/language-fr/search_J,Clean,
https://www.articles.tutorialonline.biz/portal/language-fr/search_N,Clean,
https://www.articles.tutorialonline.biz/portal/language-fr/search_U,Clean,
https://www.articles.tutorialonline.biz/portal/language-fr/search_V,Clean,
https://www.articles.tutorialonline.biz/portal/language-fr/search_Y,Clean,
https://www.articles.tutorialonline.biz/portal/language-it/search_H,Clean,
https://www.articles.tutorialonline.biz/portal/language-nl/Zagorica%20(Trebnje),Clean,
https://www.articles.tutorialonline.biz/portal/language-nl/search_C,Clean,
https://www.articles.tutorialonline.biz/portal/language-nl/search_D,Clean,
https://www.articles.tutorialonline.biz/portal/language-nl/search_G,Clean,
https://www.articles.tutorialonline.biz/portal/language-nl/search_J,Clean,
https://www.articles.tutorialonline.biz/portal/language-nl/search_O,Clean,
https://www.articles.tutorialonline.biz/portal/language-nl/search_R,Clean,
https://www.articles.tutorialonline.biz/portal/language-nl/search_V,Clean,
https://www.articles.tutorialonline.biz/portal/language-nl/search_Z,Clean,
https://www.articles.tutorialonline.biz/portal/language-nl/search_Z-000,Clean,
https://www.articles.tutorialonline.biz/portal/language-pl/search_G,Clean,
https://www.articles.tutorialonline.biz/portal/language-pl/search_H-000,Clean,
https://www.articles.tutorialonline.biz/portal/language-pl/search_J,Clean,
https://www.articles.tutorialonline.biz/portal/language-pl/search_S-000,Clean,
https://www.articles.tutorialonline.biz/portal/language-pl/search_W,Clean,
https://www.articles.tutorialonline.biz/portal/language-pl/search_Z,Clean,
https://www.articles.tutorialonline.biz/portal/language-pt/search_F,Clean,
https://www.articles.tutorialonline.biz/portal/language-sv/search_G,Clean,
https://www.articles.tutorialonline.biz/portal/language-sv/search_H-000,Clean,
https://www.articles.webraydian.com/article398-In_search_of_Moon_Lake_a_Montana_Mission_Mountain_Oddessy.html,Clean,
https://www.articles.webraydian.com/article428-Descent_into_Dark_Canyon__Kids_Wild_Fishing_in_Colorados_Raggeds_Wilderness.html,Clean,
https://www.artiewhite.com/,Clean,
https://www.artillery-museum.ru/en/collection.html,Clean,
https://www.artillery.net/new/lastpost1.html,Clean,
https://www.artisanenterprises.net/?cat=13,Clean,
https://www.artisanfamilyofwines.com/,Clean,
https://www.artisantradition.ca/en/index.html,Clean,
https://www.artishotspot.blogspot.com/2009_10_01_archive.html,Clean,
https://www.artist-index.ebay.ca/artist-pages-books/index-F-371.html,Clean,
https://www.artist-index.ebay.com/artist-pages-movies/index-F-1.html,Clean,
https://www.artist-index.ebay.com/artist-pages-movies/index-V-7.html,Clean,
https://www.artist.christies.com/Liner-Carl-Walter-1914-1997-32605.aspx,Clean,
https://www.artist.maestro.fm/Jay%20Malinowski.html,Clean,
https://www.artista646.metroblog.com/magnus,Clean,
https://www.artistdata.sonicbids.com/andy-white/shows/florence-casa-del-popolo-di-settignano-nov-19-2011/714842,Clean,
https://www.artistdata.sonicbids.com/arsis/shows/montreal-les-foufounes-electriques-oct-14-2011/632543,Clean,
https://www.artistdata.sonicbids.com/blackalicious/shows/kansas-city-municipal-auditorium-music-hall-nov-6-2011/712681,Clean,
https://www.artistdata.sonicbids.com/decapitated/shows/montreal-les-foufounes-lectriques-oct-26-2011/670123,Clean,
https://www.artistdata.sonicbids.com/the-tea-party/biography/,Clean,
https://www.artistmanagementonline.com/,Clean,
https://www.artistposter.com/VARIOUS-ARTISTS-A-Z/Sempe-Jean_Jacques:::120_340.html,Clean,
https://www.artists.anthologysd.com/rb/goapele-february-23-2011/,Clean,
https://www.artists.ebay.com/The-Doobie-Brothers,Clean,
https://www.artists.letssingit.com/alice-in-chains-album-dirt-134x4g,Clean,
https://www.artists.letssingit.com/alicia-keys-lyrics-no-one-zmzhrt2,Clean,
https://www.artists.letssingit.com/alys-robi-nd2d5/pictures/,Clean,
https://www.artists.letssingit.com/anastacia-lyrics-left-outside-alone-n5hltct,Clean,
https://www.artists.letssingit.com/angie-stone-album-mahogany-soul-srxwvs,Clean,
https://www.artists.letssingit.com/anthony-hamilton-album-soulife-24d82z,Clean,
https://www.artists.letssingit.com/arashi-album-dream-alive-dbd6bk,Clean,
https://www.artists.letssingit.com/ataris-lyrics-so-long-astoria-22z1blr,Clean,
https://www.artists.letssingit.com/audioslave-album-out-of-exile-h4jnc5,Clean,
https://www.artists.letssingit.com/beyonce-lyrics-single-ladies-put-a-ring-on-it-mlj7mdm,Clean,
https://www.artists.letssingit.com/brick-lace-lyrics-whyd-you-lie-csgssf6,Clean,
https://www.artists.letssingit.com/christina-aguilera-album-stripped-8zf2hr,Clean,
https://www.artists.letssingit.com/coeur-de-pirate-z3qn4/overview,Clean,
https://www.artists.letssingit.com/colocs-les-album-les-colocs-n52q76,Clean,
https://www.artists.letssingit.com/colocs-les-fwtzr/biography,Clean,
https://www.artists.letssingit.com/dan-bigras-lyrics-une-vie-pour-naitre-8plpq1v,Clean,
https://www.artists.letssingit.com/deftones-album-saturday-night-wrist-8bzv7b,Clean,
https://www.artists.letssingit.com/diane-dufresne-lyrics-oxygene-149pqgv,Clean,
https://www.artists.letssingit.com/dune-lyrics-rainbow-to-the-stars-wfgf9f6,Clean,
https://www.artists.letssingit.com/elliott-smith-lyrics-twilight-3r6wtgn,Clean,
https://www.artists.letssingit.com/europe-album-prisoners-in-paradise-zpwpvz,Clean,
https://www.artists.letssingit.com/fat-tone-1k9jr/overview,Clean,
https://www.artists.letssingit.com/flipsyde-lyrics-happy-birthday-77p186p,Clean,
https://www.artists.letssingit.com/flipsyde-lyrics-when-it-was-good-431hrfl,Clean,
https://www.artists.letssingit.com/gabrielle-destroismaisons-v74j9/biography,Clean,
https://www.artists.letssingit.com/gabrielle-destroismaisons-v74j9/overview,Clean,
https://www.artists.letssingit.com/georges-brassens-lyrics-les-deux-oncles-wvnv88n,Clean,
https://www.artists.letssingit.com/gwen-stefani-4mtxn/overview,Clean,
https://www.artists.letssingit.com/gwen-stefani-lyrics-cool-5619bm2,Clean,
https://www.artists.letssingit.com/gwen-stefani-lyrics-hollaback-girl-vt32djv,Clean,
https://www.artists.letssingit.com/gwen-stefani-lyrics-rich-girl-feat-eve-d4k8ksr,Clean,
https://www.artists.letssingit.com/gyroscope-f3d4h/overview,Clean,
https://www.artists.letssingit.com/hello-kelly-album-the-modern-day-fades-away-wnmn51,Clean,
https://www.artists.letssingit.com/helping-haiti-lyrics-everybody-hurts-and-alexandra-burke-bon-jovi-cheryl-cole-james-blunt-james-morrison-jls-joe-mcelderry-kylie-minogue-leona-lewis-mariah-carey-michael-buble-mika-miley-cyrus-robbie-williams-rod-stewart-susan-boyle-take-that-and-westlife-x85rxgn,Clean,
https://www.artists.letssingit.com/hershey-felder-szj9z/biography,Clean,
https://www.artists.letssingit.com/justin-bieber-lyrics-one-time-rzkd72p,Clean,
https://www.artists.letssingit.com/kanye-west-r7qwc/overview,Clean,
https://www.artists.letssingit.com/kat-tun-lyrics-faraway-d5cbjqh,Clean,
https://www.artists.letssingit.com/kat-tun-lyrics-film-xqb8h4r,Clean,
https://www.artists.letssingit.com/lady-antebellum-lyrics-need-you-now-9rw4nrx,Clean,
https://www.artists.letssingit.com/lady-gaga-album-the-fame-2wbrh2,Clean,
https://www.artists.letssingit.com/linkin-park-album-hybrid-theory-4xzf9v,Clean,
https://www.artists.letssingit.com/madonna-lyrics-like-a-prayer-hckk6kp,Clean,
https://www.artists.letssingit.com/mae-album-singularity-5gjp1q,Clean,
https://www.artists.letssingit.com/marco-calliari-lyrics-we-no-speak-americano-mhm-remix-k3z2v5v,Clean,
https://www.artists.letssingit.com/marilyn-manson-album-the-golden-age-of-grotesque-spz2gl,Clean,
https://www.artists.letssingit.com/martine-st-clair-lyrics-danse-avec-moi-1vzs1v1,Clean,
https://www.artists.letssingit.com/martine-st-clair-lyrics-lavez-lavez-xr19kbc,Clean,
https://www.artists.letssingit.com/mashmakhan-lyrics-as-the-years-go-by-x829ggx,Clean,
https://www.artists.letssingit.com/meck-lyrics-feels-like-a-prayer-feat-madonna-74x647t,Clean,
https://www.artists.letssingit.com/melissa-auf-der-maur-m8n1s/overview,Clean,
https://www.artists.letssingit.com/ne-yo-ne-yo-libra-scale-album-cover-and-tracklisting-wvp3c/news/348193/1,Clean,
https://www.artists.letssingit.com/nicki-minaj-album-pink-friday-zp6m4z,Clean,
https://www.artists.letssingit.com/nikki-yanofsky-lyrics-i-believe-whxxd8h,Clean,
https://www.artists.letssingit.com/patricia-conroy-album-talking-to-myself-l1ghrg,Clean,
https://www.artists.letssingit.com/paul-piche-lyrics-lescalier-3nm8f75,Clean,
https://www.artists.letssingit.com/puddle-of-mudd-6jcnx/overview,Clean,
https://www.artists.letssingit.com/queen-latifah-album-the-dana-owens-album-mxrbpf,Clean,
https://www.artists.letssingit.com/r-kelly-lyrics-sex-me-pts-1-2-9c6jgqs,Clean,
https://www.artists.letssingit.com/richard-m-sherman-lyrics-i-wanna-be-like-you-and-bruce-reitherman-louis-prima-and-phil-harris-xcb8ffc,Clean,
https://www.artists.letssingit.com/rui-da-silva-lyrics-touch-me-hprkw4d,Clean,
https://www.artists.letssingit.com/sara-bareilles-lyrics-love-song-35x49nj,Clean,
https://www.artists.letssingit.com/sebastien-lefebvre-5tjjb/overview,Clean,
https://www.artists.letssingit.com/shakira-album-fijacion-oral-vol-1-mnfzfq,Clean,
https://www.artists.letssingit.com/simple-plan-album-simple-plan-6k5znk,Clean,
https://www.artists.letssingit.com/simple-plan-pm6c2/overview,Clean,
https://www.artists.letssingit.com/social-distortion-hard-times-and-nursery-rhymes-review-931j2/news/366987/1,Clean,
https://www.artists.letssingit.com/the-bilz-and-kashif-4kg68/overview,Clean,
https://www.artists.letssingit.com/the-black-eyed-peas-album-the-beginning-zmkghb,Clean,
https://www.artists.letssingit.com/the-offspring-album-americana-tvf19j,Clean,
https://www.artists.letssingit.com/tokio-hotel-z2d97/biography,Clean,
https://www.artists.letssingit.com/unwritten-law-album-elva-dzbqjg,Clean,
https://www.artists.letssingit.com/unwritten-law-wtn4m/overview,Clean,
https://www.artists.letssingit.com/vanessa-hudgens-lyrics-say-ok-fcqsrl5,Clean,
https://www.artists.letssingit.com/zaho-lkczm/albums,Clean,
https://www.artists.letssingit.com/zaho-lkczm/overview,Clean,
https://www.artists.robertgenn.com/artist/1355/,Clean,
https://www.artists.robertgenn.com/h/all/,Clean,
https://www.artists.ultimate-guitar.com/scarsonbroadway/,Clean,
https://www.artistsofmainstage.com/shows/marcus/Marcus-about.html,Clean,
https://www.artistwiki.com/backlash,Clean,
https://www.artistwiki.com/beast,Clean,
https://www.artistwiki.com/drew-ryan-scott,Clean,
https://www.artistwiki.com/eddie-griffin,Clean,
https://www.artistwiki.com/erase-errata,Clean,
https://www.artistwiki.com/foxboro-hot-tubs,Clean,
https://www.artistwiki.com/kate-anna-mcgarrigle,Clean,
https://www.artistwiki.com/kutt-calhoun,Clean,
https://www.artistwiki.com/lesbians-on-ecstasy,Clean,
https://www.artistwiki.com/lesbians-on-ecstasy/biography,Clean,
https://www.artistwiki.com/lime,Clean,
https://www.artistwiki.com/lo-key,Clean,
https://www.artistwiki.com/marcus-foster,Clean,
https://www.artistwiki.com/pebbles/biography,Clean,
https://www.artistwiki.com/sheila-e,Clean,
https://www.artistwiki.com/the-letter-black,Clean,
https://www.artistwiki.com/thestart,Clean,
https://www.artistwiki.com/tony-toni-tone,Clean,
https://www.artistwiki.com/wolf-parade,Clean,
https://www.artistwithin.com/,Clean,
https://www.artiswodehouse.com/,Clean,
https://www.artjunction.blogspot.com/2011/04/contact-2011-photography-in-junction.html,Clean,
https://www.artlibrary.vassar.edu/cgi-bin/ifla.pl,Clean,
https://www.artmatters.ca/wp/2010/05/steve-nash-and-julian-schnabel-video/,Clean,
https://www.artmovesparade.blogspot.com/,Clean,
https://www.artmusicdance.org/,Clean,
https://www.artnews.org/artist.php?i=1855,Clean,
https://www.artobserved.com/2009/08/go-see-new-york-the-female-gaze-women-look-at-women-featuring-roni-horn-diane-arbus-mickalene-thomas-louise-bourgeois-alice-neel-marilyn-minter-vanessa-beecroft-jenny-holzer-sarah-luca/,Clean,
https://www.artodyssey1.blogspot.com/2009/08/serge-marshennikov-serge-marshennikov.html,Clean,
https://www.artodyssey1.blogspot.com/2011/04/jason-wheatley.html,Clean,
https://www.artodyssey1.blogspot.com/2011/05/sam-leach.html,Clean,
https://www.artodyssey2.blogspot.com/,Clean,
https://www.artofdisneyeng.canalblog.com/,Clean,
https://www.artofgraffiti.net/2009/07/montra%C6%92a%C2%A9al-action-painting/,Clean,
https://www.artofgraffiti.net/2009/08/montra%C6%92a%C2%A9al-up/,Clean,
https://www.artofmourning.wordpress.com/2011/02/13/symbolism-sunday-ivy/,Clean,
https://www.artofmourning.wordpress.com/category/mourning-jewellery/,Clean,
https://www.artofwarmovie.warnerbros.com/,Clean,
https://www.artofwheels.wordpress.com/category/pontiac-gto/,Clean,
https://www.artonym.com/url/Meaghan-Rath,Clean,
https://www.artonym.com/url/Meaghan-Rath-Race,Clean,
https://www.artoutthere.blogspot.com/2008/11/jean-pierre-roy.html,Clean,
https://www.artsandfaith.com/t100/ikiru.html,Clean,
https://www.artsandscience.concordia.ca/,Clean,
https://www.artsandsciences.virginia.edu/religiousstudies/people/aas.html,Clean,
https://www.artsatire.com/,Clean,
https://www.artsbeat.blogs.nytimes.com/2009/07/21/jon-stewart-vs-brian-williams/,Clean,
https://www.artsbeat.blogs.nytimes.com/2011/03/11/montreal-symphony-orchestra-announces-inaugural-concerts-at-new-hall/,Clean,
https://www.artsbeat.blogs.nytimes.com/2011/09/07/a-name-for-the-montreal-symphony-orchestras-new-hall/,Clean,
https://www.artsbeat.blogs.nytimes.com/2011/10/13/academy-unveils-entrants-for-best-foreign-language-film/,Clean,
https://www.artsbeat.blogs.nytimes.com/tag/new-directorsnew-films/,Clean,
https://www.artsbeat.blogs.nytimes.com/tag/norman-mailer/,Clean,
https://www.artscan.cfa.cmu.edu/old_artscans/6-05-artscan.html,Clean,
https://www.artscan.net/,Clean,
https://www.artsforcause.org/,Clean,
https://www.artsinohio.com/,Clean,
https://www.artsletters.csusb.edu/,Clean,
https://www.artsunlight.com/artist-NP/N-P0012-Maurice-Brazil-Prendergast/N-P0012-Maurice-Brazil-Prendergast-ap1.html,Clean,
https://www.artv.us/,Clean,
https://www.artv82011.eventbrite.com/,Clean,
https://www.artvoice.com/issues/v5n34/see_you_there/thee_silver_mt_zion_memorial_orchestra_and_tralala_band,Clean,
https://www.artvoice.com/issues/v8n37/montreal_world_film_festival,Clean,
https://www.artworkbycsrogers.com/,Clean,
https://www.artyzm.com/e_theme.php?id=3,Clean,
https://www.artyzm.com/e_theme.php?id=5,Clean,
https://www.artyzm.com/e_titles.php?lit=P,Clean,
https://www.arwz.com/,Clean,
https://www.arxiv.org/abs/1011.4959,Clean,
https://www.arxiv.org/abs/1012.1305,Clean,
https://www.arxiv.org/abs/1012.1656,Clean,
https://www.arxiv.org/catchup?num=2000&archive=cond-mat&smonth=4&group=grp_&sday=14&order=reverse&method=without&syear=2010,Clean,
https://www.arxiv.org/multi?%2Ffind=Find&archive=astro-ph&field_1=au&query_1=kormendy,Clean,
https://www.aryona.livejournal.com/8009.html,Clean,
https://www.arz.wikipedia.org/wiki/%D9%82%D8%A7%D9%84%D8%A8:Infobox_Belgium_Municipality/doc,Clean,
https://www.arz.wikipedia.org/wiki/%D9%82%D8%A7%D9%84%D8%A8:Infobox_film/doc,Clean,
https://www.arz.wikipedia.org/wiki/%D9%82%D8%A7%D9%84%D8%A8:Infobox_religious_building/doc,Clean,
https://www.arz.wikipedia.org/wiki/%D9%82%D8%A7%D9%84%D8%A8:Navbox/doc,Clean,
https://www.as-volga.com/mp3/Rascalz.html,Clean,
https://www.as.gop.com/,Clean,
https://www.as400blog.blogspot.com/2005/09/ireport-opensource-java-reporting-tool.html,Clean,
https://www.as400blog.blogspot.com/2005/09/java-examples-jexamplescom.html,Clean,
https://www.asadakhan.wordpress.com/,Clean,
https://www.asaha.com/ebook/kMzU2MDY-/MICROECONOMICS_INTRODUCTION.pdf,Clean,
https://www.asamcgill.com/,Clean,
https://www.asanie.tripod.com/Harmonium.html,Clean,
https://www.asaphysicaltherapy.com/,Clean,
https://www.asb.ausd.net/index.php?option=com_content&task=view&id=539&Itemid=90,Clean,
https://www.asberman.wordpress.com/2011/01/12/catching-up-with-marla-pennington-rowan/,Clean,
https://www.asbestosnewsdaily.com/navyships/4314/pg/1/Attack%20Cargo%20Ships.html,Clean,
https://www.asbestosnewsdaily.com/navyships/4316/pg/1/Auxiliary%20Vessels.html,Clean,
https://www.asbinfra.com/,Clean,
https://www.asbmarketingsolutions.com/,Clean,
https://www.asc-limited.co.uk/,Clean,
https://www.asca.lockton-ins.com/pl,Clean,
https://www.ascensionchurch.com/,Clean,
https://www.ascensivelight.byregion.net/,Clean,
https://www.ascentgear.com/prod06.htm,Clean,
https://www.ascotjsmith.com/,Clean,
https://www.ascp.lockton-ins.com/,Clean,
https://www.ascrs2006.conferencefilms.com/,Clean,
https://www.ascrs2009.conferencefilms.com/,Clean,
https://www.ascrs2011.conferencefilms.com/,Clean,
https://www.ascsoccer.org/,Clean,
https://www.asd.agr.hr/?page=program,Clean,
https://www.asd1.schoolwires.com/17422051271925803/,Clean,
https://www.asearches.in/node/30094,Clean,
https://www.aseasf.com/,Clean,
https://www.aselia.wikia.com/wiki/Amelia_Campbell,Clean,
https://www.aselia.wikia.com/wiki/Lloyd_Irving,Clean,
https://www.asesite.org/,Clean,
https://www.aseviajes.com/category/andy-roddick,Clean,
https://www.aseviajes.com/category/bernadette-peters,Clean,
https://www.aseviajes.com/category/liz-sherman,Clean,
https://www.asfamerica.com/hockey.html,Clean,
https://www.asgajasboas.com/Melora/,Clean,
https://www.asgajasboas.com/categories/Melissa-Auf-der-Maur/4545/page1.html,Clean,
https://www.asgajasboas.com/hostess/,Clean,
https://www.asgajasboas.com/justus/,Clean,
https://www.asgardpress.com/11-kansas,Clean,
https://www.ash-wilson.com/,Clean,
https://www.ashaashish.blogspot.com/2011/04/shah-rukh-khan-and-gauri-at-ritesh.html,Clean,
https://www.ashbee.net/rada/grad03/gra.html,Clean,
https://www.ashby.k12.mn.us/High%20School/2HSFrame.htm,Clean,
https://www.ashbycc.wordpress.com/,Clean,
https://www.ashbycustomhomes.com/,Clean,
https://www.ashbyreads.blogspot.com/,Clean,
https://www.ashbyroundtable.com/,Clean,
https://www.ashcroftfamilyhistory.com/surname.htm,Clean,
https://www.asheducationbook.hematologylibrary.org/,Clean,
https://www.ashi.lockton-ins.com/,Clean,
https://www.ashjoielee.com/,Clean,
https://www.ashkrafton.com/,Clean,
https://www.ashl-les4glace.stats.pointstreak.com/players-list.html?leagueid=129&seasonid=5736&letter=L,Clean,
https://www.ashlandohiogenealogy.org/ashlandcountyschools/mapleton1963/mapletonhs1963a.html,Clean,
https://www.ashlandohiogenealogy.org/perrysvillehigh.html,Clean,
https://www.ashley-deviantart.deviantart.com/art/Tommy-Joe-Ratliff-Wallpaper-201707480,Clean,
https://www.ashley-judd.com/,Clean,
https://www.ashley-judd.com/images/,Clean,
https://www.ashleyanderson.suite101.com/kappa-kappa-gamma-fraternity-a150639,Clean,
https://www.ashleydawn.gonetoosoon.org/,Clean,
https://www.ashleyjudd-gallery.blogspot.com/,Clean,
https://www.ashleyjudd.celebscentral.net/,Clean,
https://www.ashleyjudd.com/,Clean,
https://www.ashleyjudd.xe.cx/,Clean,
https://www.ashleyjuddbiography.blogspot.com/,Clean,
https://www.ashleyjuddimages.blogspot.com/,Clean,
https://www.ashleyjuddnude.wetpaint.com/,Clean,
https://www.ashleymorwennadale.blogspot.com/,Clean,
https://www.ashleynichols.wordpress.com/,Clean,
https://www.ashleytisdale.2p.net/knowledgebase/browse/13/camilleleon.html,Clean,
https://www.ashokkrdey.com/,Clean,
https://www.ashoksaraf.com/reticulation-johnny-carson-karnak-turban/,Clean,
https://www.asi-steel.com/,Clean,
https://www.asi.careerhq.org/jobs/4576228/senior-account-manager-grassroots,Clean,
https://www.asia-team.net/index.php?page=Caratulas,Clean,
https://www.asia.playstation.com/move/sg/,Clean,
https://www.asiabeam.com/v/persons/Nagase_-Tomoya,Clean,
https://www.asiaenvironmentalpartners.com/,Clean,
https://www.asian-films.blogspot.com/,Clean,
https://www.asiancanadian.meetup.com/,Clean,
https://www.asiancanadian.org/,Clean,
https://www.asiancanadianlabouralliance.blogspot.com/,Clean,
https://www.asiancanadianprofilesatsamsteele.blogspot.com/,Clean,
https://www.asiancanadianwiki.org/wiki/Main_Page,Clean,
https://www.asiancanadianwritersworkshop.ca/,Clean,
https://www.asiancult.com/product_info.php?products_id=6056,Clean,
https://www.asianelements.net/,Clean,
https://www.asianfanatics.net/forum/topic/283450-movie-lust-caution-2007/,Clean,
https://www.asianfanatics.net/forum/topic/311460-arashi-satoshi-ohno/,Clean,
https://www.asianfanatics.net/forum/topic/311460-arashi-satoshi-ohno/page__st__240,Clean,
https://www.asianfanatics.net/forum/topic/311624-arashi-aiba-masaki/,Clean,
https://www.asianfanatics.net/forum/topic/314300-arashi-ninomiya-kazunari-aka-nino/,Clean,
https://www.asianfanatics.net/forum/topic/509945-heysay7-heysay-jump-yamada-ryosuke/,Clean,
https://www.asianfanatics.net/forum/topic/596357-ethan-ruan-and-gillian-chung-pair-up-for-new-drama-bai-quan-nv-wang/,Clean,
https://www.asianjapanesegirls.blogspot.com/,Clean,
https://www.asianmatches.blogspot.com/2011/10/urawa-red-diamonds-vs-kashima-antlers.html,Clean,
https://www.asianmediawiki.com/2010_(14th)_Fantasia_Film_Festival,Clean,
https://www.asianmediawiki.com/Category:2009_Japanese_films,Clean,
https://www.asianmediawiki.com/In_the_Pool,Clean,
http://kranskotaren.se/wordpress/wp-content/file/host/host,Malicious,
http://mail.emilydimitriadis.com/blog/wp-content/themes/host,Malicious,
http://electromecanicahn.com/wp-includes/js/tinymce/langs/,Malicious,
http://electromecanicahn.com/wp-includes/js/crop,Malicious,
http://electromecanicahn.com/wp-includes/images/smilies,Malicious,
http://e-zemun.rs/Remax/remax.htm,Malicious,
http://rainbowsystem.in/blowingwes/,Malicious,
http://cnhedge.cn/js/,Malicious,
http://cronoscapital.com.mx/tools/uploads/,Malicious,
http://cctrubiak.com/google,Malicious,
http://inover.com.tr/yonetim/humdrhper/,Malicious,
http://4000simin.or.kr/plus/html/bookmark/ii.php?.rand=13InboxLight.aspx?n=1774256418,Malicious,
http://4000simin.or.kr/plus/html/bookmark/ii.php?rand=13InboxLightaspxn.1774256418,Malicious,
http://edificiomiradorbaron.cl/SUPERB/FAV,Malicious,
http://4000simin.or.kr/plus/html/bookmark/ii.php?.rand=13InboxLight.aspx?n=1774256418&amp;email=&amp;fav.1=&amp;fid=1&amp;fid=4&amp;fid.1=&amp;fid.1252899642=&amp;fid.4.1252899642=&amp;rand=13InboxLightaspxn.1774256418&amp;rand.13InboxLight.aspxn.1774256418=,Malicious,
http://docfilefromme.pctoptancisi.com/newgdoc,Malicious,
http://somkidservice.com/images/stories/jobss/,Malicious,
http://izatrans.com/web/administrator/modules/mod_login/yahoosystem,Malicious,
http://3designcenter.com/blog/wp-admin/network/other/?bezno=&amp;idE02002954=&amp;urlreview,Malicious,
http://playlearnandcare.com/wp-content/configsample/smwr,Malicious,
http://gee-wagen.co.uk/gooo,Malicious,
http://4000simin.or.kr/plus/html/bookmark/ii.php?rand=13InboxLightaspxn.1774256418&fid.4.1252899642&fid=1&fav.1&rand.13InboxLight.aspxn.1774256418&fid.1252899642&fid.1&fav.1&email=&.rand=13InboxLight.aspx?n=1774256418&fid=4#n=1252899642&fid=1&fav=1,Malicious,
http://lacajaverde.com/wp-content/themes/update_ik/products,Malicious,
http://lacajaverde.com/wp-content/themes/update_ik,Malicious,
http://jwpictures.co.uk/wp-content/GoogleDrive/document/,Malicious,
http://action-entreprises.net/house/purchase,Malicious,
http://aali-rockymtn.org/modules/mod_mainmenu/tmpl/html,Malicious,
http://4000simin.or.kr/plus/html/bookmark/ii.php?rand=13InboxLightaspxn.1774256418&amp;fid.4.1252899642&amp;fid=1&amp;fav.1&amp;rand.13InboxLight.aspxn.1774256418&amp;fid.1252899642&amp;fid.1&amp;fav.1&amp;email=&amp;.rand=13InboxLight.aspx?n=1774256418&amp;fid=4,Malicious,
http://popupbarbados.com/wp-includes/fonts,Malicious,
http://popupbarbados.com/wp-includes/certificates,Malicious,
http://51mct.com/js/?http://us.battle.net/login/en/?ref=http://qszrysyus.battle.net/d3/en,Malicious,
http://static.zhongso.com/statichtml/0/461/461240.html?1329891499258,Malicious,
http://happy.80port.net/bbs/data/bestsite/2009/08/2013gdocs/,Malicious,
http://saliturocarpet.com/wp-content/plugins/akismet/item/s,Malicious,
http://recargas.16mb.com/brasil/pt/pagamento.php,Malicious,
http://recargas.16mb.com/brasil/pt/,Malicious,
http://uppermississippirivervalleyava.org/Images/jus,Malicious,
http://uppermississippirivervalleyava.org/Images/hon,Malicious,
http://shop.xn--m1aa7cb.kz/wp-content/cgi/cgi,Malicious,
http://somkidservice.com/images/stories/jobss,Malicious,
http://playlearnandcare.com/wp-content/configsample/smwr/,Malicious,
http://ly-can.com/main/img/css/loginAlibaba.php?userid=abuse@toplift.com,Malicious,
http://ly-can.com/main/img/css/loginAlibaba.php?userid=info@woodlandhp.co.uk,Malicious,
http://ly-can.com/main/img/css/loginAlibaba.php?userid=info@truckpartsolutions.com,Malicious,
http://ly-can.com/main/img/css/loginAlibaba.php?userid=info@spectraservices.com,Malicious,
http://ly-can.com/main/img/css/loginAlibaba.php?userid=info@roguecycle.com,Malicious,
http://ly-can.com/main/img/css/loginAlibaba.php?userid=abuse@ecrservice.co.uk,Malicious,
http://kranskotaren.se/wordpress/wp-includes/js/crop/document/,Malicious,
http://newengdsm.org/forums/index.php,Malicious,
http://newengdsm.org/forums/login.php,Malicious,
http://heartstrongyoga.com/main/lado/index.htm,Malicious,
http://megakop.si/admin/Image/some-updates-required/Apple/WebObjects/iTunesConnect.html,Malicious,
http://rogerstokesdrivertraining.info/wp-includes/images/we.htm,Malicious,
http://electromecanicahn.com/wp-includes/js/tinymce/langs,Malicious,
http://masternetsrl.com/components/com_content/models/sc/newp/ii.php?.rand=13InboxLight.aspx?n=1774256418&amp;email=&amp;fav.1=&amp;fid=1&amp;fid=4&amp;fid.1=&amp;fid.1252899642=&amp;fid.4.1252899642=&amp;rand=13InboxLightaspxn.1774256418&amp;rand.13InboxLight.aspxn.1774256418=,Malicious,
http://the-eawards.com/paypal/search.php,Malicious,
http://kranskotaren.se/wordpress/wp-includes/js/crop/document,Malicious,
http://reforma.com.tr/img/retina/shop/sync/sync,Malicious,
http://ajempi.com.br/2013/themes/zolamegadomen.php,Malicious,
http://ajempi.com.br/2013/themes/ndkmegadomen.php,Malicious,
http://springindustries.co.ke/Flames/,Malicious,
http://masternetsrl.com/components/com_content/models/sc/newp/ii.php?rand=13InboxLightaspxn.1774256418&amp;fid.4.1252899642&amp;fid=1&amp;fav.1&amp;rand.13InboxLight.aspxn.1774256418&amp;fid.1252899642&amp;fid.1&amp;fav.1&amp;email=&amp;.rand=13InboxLight.aspx?n=1774256418&amp;fid=4,Malicious,
http://rimis.lt/wp-includes,Malicious,
http://freesignsoftware.com/templates/atomic/amaaa/index.htm,Malicious,
http://masternetsrl.com/components/com_content/models/sc/newp/ii.php?rand=13InboxLightaspxn.1774256418&fid.4.1252899642&fid=1&fav.1&rand.13InboxLight.aspxn.1774256418&fid.1252899642&fid.1&fav.1&email=&.rand=13InboxLight.aspx?n=1774256418&fid=4#n=1252899642&fid=1&fav=1,Malicious,
http://joelblock.com/links/sss/index.htm,Malicious,
http://ivocaminhoes.com.br/images/notify/MaximumSecuritySSLTool/AccountVerificationProtocol/AccountingModulus/ExecuteLogging/Xjksdui638HVSJh7dsj420UIBIjkasadoaiokmf0019200114KJHSDlksdsaspo/Personal/AccountsNow/ChaseSecure/Ssl0/UpdateNow/XnfGUYDS830HJDkdfkuB788N76028JFJkbufhnVYToyd743hgUJ/Cgi-Bin/home/auth/index.html?69766f63616d696e686f65732e636f6d2e6272,Malicious,
http://izatrans.com/web/administrator/modules/mod_login/yahoosystem/,Malicious,
http://multireto.com/mr/modules/mod_mostread/tmpl/login.php,Malicious,
http://storstadensmaklarbyra.se/free3.html,Malicious,
http://urb-bearings.ro/GoogleDoc,Malicious,
http://annakraktour.pl/World/gucci2014/gdocs/pvalidate.html?ip=,Malicious,
http://annakraktour.pl/World/gucci2014/gdocs/processing.html?ip=91.196.95.34,Malicious,
http://video-meditations.ru/wp-admin/network/confirm,Malicious,
http://graduatecohorts.com/wp-includes/pomo/document.php,Malicious,
http://graduatecohorts.com/wp-includes/pomo/really2.php,Malicious,
http://annakraktour.pl/World/gucci2014/gdocs/processing.html?ip=176.14.251.107,Malicious,
http://extrascastingmexico.com/cql/file.htm,Malicious,
http://pak.digitalmanager.pk/XvagdGoogleDocument.JmaeY7terMkslFr6ksj76791aZxadheo.index/index.html,Malicious,
http://pak.digitalmanager.pk/XvagdGoogleDocument.JmaeY7terMkslFr6ksj76791aZxadheo.index/,Malicious,
http://shop.xn--m1aa7cb.kz/wp-content/cgi/cgi/index.htm,Malicious,
http://allora-tour.by/var/upload/file/upload.google.com/index.html,Malicious,
http://masternetsrl.com/components/com_content/models/sc/newp/ii.php,Malicious,
http://graduatecohorts.com/wp-includes/pomo/processing.html,Malicious,
http://3designcenter.com/blog/wp-admin/network/other/index.html?bezno=&amp;idE02002954=&amp;urlreview,Malicious,
http://arte-storia.zonel.com.mk/admin/account.html,Malicious,
http://energetska-izkaznica.dreamhosters.com/new/nez/am/,Malicious,
http://fencingkingslynn.co.uk/wp-admin/network/upgrade/index.ymail.html,Malicious,
http://fosforlumarket.com/system/config/googledocss/googledocss/,Malicious,
http://xn--yeilkkocukevi-ngb7t35dea.com/wp-content/languages/alibab.htm,Malicious,
http://3designcenter.com/blog/wp-includes/ID3/other/,Malicious,
http://filesonthe.net/CIxI7?e456rftyguhjnk?,Malicious,
http://carmenvictoria.com/newfiles/inbox,Malicious,
http://uppermississippirivervalleyava.org/Images/jus/,Malicious,
http://studiohdrimaps.com/wp-includes/images/Googledrive/Googledrive.htm,Malicious,
http://spijkersenspijkers.nl/paypal/cgi-bin/AccountsNow/PaypalSecurityProtocol/XfdhgkbKMUTKBUhbxkdbg8734jbmgKBhbfd79743ibyYFNVCbjfd4353000JGVNVGbdhbfdhmNTGVFVGBKHbnDTYCVNBMHKJnfdjndnfdhx10/Updates/Cgi-Bin/dc1c23a03c/home,Malicious,
http://newsulaiman.angelfire.com/login.srf.htm,Malicious,
http://gmsz-marineandcontracting.com/cgi/Docs/really2.php,Malicious,
http://gmsz-marineandcontracting.com/cgi/Docs/processing.html,Malicious,
http://199.204.248.106/~teeshirt/sfr/connexion,Malicious,
http://alaynagider.blogcu.com/,Malicious,
http://jnzbtb.cn/images/?http://us.battle.net/login/en/?ref=http://xrvbmssus.battle.net/d3/en/index,Malicious,
http://jnzbtb.cn/images,Malicious,
http://fosforlumarket.com/system/config/googledocss/googledocss/sss/,Malicious,
http://snegik.ru/adm/swfupload/account&amp;Secure.confirm-upload.ID-9000655446333/496ad4324c452cd4e33f5cfffe9ee695/login.php?action=billing_login=true&amp;_session;fd782fe2784d912004e93c8235614a13fd782fe2784d912004e93c8235614a13,Malicious,
http://meyer.ship.intnet.mu/file/google/user/file_doc.php,Malicious,
http://sheepshop.corefactor.pt/gd,Malicious,
http://fosforlumarket.com/system/config/googledocss/googledocss/sss,Malicious,
http://sheepshop.corefactor.pt/gd/,Malicious,
http://manu-chaput.net/webcalendar/docs/taxe/,Malicious,
http://vidimus.lt/bjfsv,Malicious,
http://graduatecohorts.com/wp-includes/pomo/dropbox/index.php,Malicious,
http://199.204.248.106/~teeshirt/sfr/connexion/loginAction.action.php?cmd=login,Malicious,
http://sheepshop.corefactor.pt/id/index.htm,Malicious,
http://sheepshop.corefactor.pt/id/,Malicious,
http://ricardoeletro.com.br.promo70off.com/produtos/98928348/iPad-Mini-ME278BZ-Tela-de-Retina-79-iOS7-Memoria-de-64GB-Wi-Fi-Chip-A7-Camera-HD-de-5MP-Cinza-Espacial-Apple/,Malicious,
http://ricardoeletro.com.br.promo70off.com/produtos/36868847/Motorola-Novo-Moto-G-DTV-Colors-Smartphone-Dual-Chip-TV-Android-44-Camera-8MP-Tela-HD-5-Quad-Core-12Ghz-16GB-3G-Wi-Fi-e-2-Capas-Coloridas/,Malicious,
http://ricardoeletro.com.br.promo70off.com/produtos/52234289/iPhone-6-16GB-Prata-Apple-iOs-81-Camera-8MP-Tela-de-47-3G4G-Wifi-e-GPS/,Malicious,
http://ricardoeletro.com.br.promo70off.com/RCL072014.html,Malicious,
http://zsyqzx.cn/js/?app=com-d3,Malicious,
http://facebookside.wapka.mobi/index.xhtml,Malicious,
http://stonewall.systemmetrics.com/mailwatch/viewpart.php?auth=65f7b6bad3f60692fbd55a59f3a8dd20&amp;load_remote=&amp;msgid=t3T9OHk4028573&amp;part=2&amp;to_address=abuse@oha.org,Malicious,
http://users.atw.hu/12dnek/Jelszolopas/1_elemei/logon.htm,Malicious,
http://users.atw.hu/steam-valve/,Malicious,
http://mystictravel.org/index1_eng.htm,Malicious,
http://jybh.net/js/,Malicious,
http://users.atw.hu/newmail/index.html,Malicious,
http://smsfreeee.tripod.com/index.html,Malicious,
http://users.atw.hu/newmail/index.html?atw_referer=http://www.newmail.atw.hu/,Malicious,
http://tube.monicpa.mn/wp-content/uploads/2014/01/personal/,Malicious,
http://carmenvictoria.com/libraries/document/,Malicious,
http://jnzbtb.cn/images/?app=com-d3,Malicious,
http://jnzbtb.cn/images/?http://us.battle.net/login/en/?ref=http%3A%2F%2Fxrvbmssus.battle.net%2Fd3%2Fen%2Findex&amp;app=com-d3,Malicious,
http://srmuk.co.uk/doc/DOCUMENT/google.docs/googledocs.2/index.html,Malicious,
http://akvariymist.ru/libraries/suntrust.html,Malicious,
http://shchelkunov.net/wp-content/gallery/googledocspinky/index.htm,Malicious,
http://revistafale.com.br/blog/115doc/index.htm,Malicious,
http://199.204.248.106/~teeshirt/sfr/connexion/,Malicious,
http://livingstonefellowship.co.za/update-paypal.com/webapps/8874f535c4/,Malicious,
http://potencialdigital.com/images/gallery/drpbox/,Malicious,
http://cadastru-cartefunciara.ro/wp-content/uploads/2013/cocfils/Doc/Google%20Docs.htm,Malicious,
http://hitsem.com/images/,Malicious,
http://jnzbtb.cn/images/?app=com-d3&amp;http://us.battle.net/login/en/?ref=http://xrvbmssus.battle.net/d3/en/index,Malicious,
http://prix-vivre-ensemble.fr/plugins/editors/tinymce/jscripts/tiny_mce/themes/simple/langs/googledoc/GoogleDocs.htm?3=,Malicious,
http://bmx01.mailperimeter.com/mailwatch/viewpart.php?auth=65f7b6bad3f60692fbd55a59f3a8dd20&amp;load_remote=&amp;msgid=t3T9OHk4028573&amp;part=2&amp;to_address=abuse@oha.org,Malicious,
http://ysgrp.com.cn/js/?http://us.battle.net/login/en/?ref=http://us.battle.net/d3/en/index,Malicious,
http://xn--yeilkkocukevi-ngb7t35dea.com/wp-content/uploads/2013/alibaba.htm,Malicious,
http://towertechinc.com/CFIDE/administrator/components/migration/_cf5import/caf_newdroits.html,Malicious,
http://jnzbtb.cn/images/?http://us.battle.net/login/en/?ref=http://xrvbmssus.battle.net/d3/en/index&amp;app=com-d3,Malicious,
http://fermosur.com/sgkb/ebanking.htm,Malicious,
http://unitedstatesreferral.com/mache/gucci2014/gdocs/document.html?ip=77.247.181.162,Malicious,
http://unitedstatesreferral.com/santos/gucci2014/gdocs/pvalidate.html,Malicious,
http://unitedstatesreferral.com/mache/gucci2014/gdocs/index.php?ip=77.247.181.162,Malicious,
http://unitedstatesreferral.com/mache/gucci2014/gdocs/,Malicious,
http://unitedstatesreferral.com/charles/gucci2014/gdocs/,Malicious,
http://watsonspestcontrol.com.au/loss/drpbxx/drpbxx/index.php,Malicious,
http://twentyonemm.com/wp-includes/js/thickbox/cn-yahoo/neo/launch/cn_sign-in.html,Malicious,
http://bogdanobradovic.com/components/com_newsfeeds/views/newsfeed/tmpl/update/css/web.html,Malicious,
http://ninoking.angelfire.com/Hotmail.html,Malicious,
http://lepelka.by/download_files/price/dyhdf/yaho/yahoo.html,Malicious,
http://gmsz-marineandcontracting.com/cgi/Docs/real2.php,Malicious,
http://gmsz-marineandcontracting.com/cgi/Docs/document.php,Malicious,
http://pak.digitalmanager.pk/3go.ogle.doclicmentJXzdnhy7jd-013sKskeujdhgoogleListDocumentMs316hndms/,Malicious,
http://carmenvictoria.com/newfiles/inbox/,Malicious,
http://troygray.com.au/themes/bar/drive/doc/document.php,Malicious,
http://pak.digitalmanager.pk/3go.ogle.doclicmentJXzdnhy7jd-013sKskeujdhgoogleListDocumentMs316hndms/index.html,Malicious,
http://wopsempresarial.com.br/document.htm,Malicious,
http://4tribes.com.au/wp-content/uploads/2012/11/en_usdirect=localangToSignIn/index.html?bidderblocklogin&amp;hc=1&amp;hm=uk%601d72f+j2b2vi%3C265bidderblocklogin&amp;hc=1&amp;hm=uk%601d72f+j2b2vi%3C265bidderblocklogin&amp;hc=1&amp;hm=uk%601d72f+j2b2vi%3C265,Malicious,
http://fotoarte.art.br/yapxp/confirmation.htm,Malicious,
http://cencocal.cl/logs/https:|www.paypal.com/au/Summary/61cca49a8b74e48497588ec9ec371cc9/home.php?cmd=_account&amp;dispatch=5885d80a13c0db1f8e051cb40a5393d96fec50118c72,Malicious,
http://cencocal.cl/logs/https:%7Cwww.paypal.com/au/Summary/61cca49a8b74e48497588ec9ec371cc9/home.php?cmd=_account&dispatch=5885d80a13c0db1f8e051cb40a5393d96fec50118c72,Malicious,
http://kranskotaren.se/wordpress/wp-content/log/host/host/,Malicious,
http://kranskotaren.se/wordpress/wp-content/file/host/host/,Malicious,
http://melekozge.net/melek/administrator/.gk/googledocttmm/googledoc/,Malicious,
http://melekozge.net/melek/administrator/.gk/googledocttmm/googledoc,Malicious,
http://gmsz-marineandcontracting.com/cgi/Docs/pvalidate.html,Malicious,
http://icyte.com/system/snapshots/fs1/f/1/0/8/f10881fa769b1b69eb47747e7ac9b99177d3d4ea,Malicious,
http://boras-bloggen.se/wp-admin/user/inds.htm,Malicious,
http://boras-bloggen.se/wp-includes/images/media/inds.htm,Malicious,
http://icyte.com/system/snapshots/fs1/f/1/0/8/f10881fa769b1b69eb47747e7ac9b99177d3d4ea/,Malicious,
http://allstarprintz.com/www/online-lloyds-eOFXuGNGzOryEPO-banking-eOFXuGNGzOryEPO/home.php?user-session-login=eOFXuGNGzOryEPO,Malicious,
http://kranskotaren.se/wordpress/wp-includes/images/,Malicious,
http://kranskotaren.se/wordpress/wp-includes/images/crystal/driver/driver/secure%20Login.htm,Malicious,
http://societyofwellness.com/blog/wp-content/uploads/2012/05/chs/,Malicious,
http://4000simin.or.kr/plus/html/bookmark/ii.php,Malicious,
http://dropcanvas.com/3mesr/1,Malicious,
http://vr19.ru/wp-content/themes/account-login-share-docs/index2.php,Malicious,
http://vr19.ru/wp-content/themes/account-login-share-docs/index2.php?cmd,Malicious,
http://joelblock.com/businessfinancing/Sign_in.html,Malicious,
http://arsactextil.com/it/cgi-bin/webscrcmd-_login-submit.dispatch=aHR0cDovL3N0b3JlLmFwcGxlLmNvbmI2OA&amp;r=SCDHYHP7CY4H9XK2HsaHR0cDovL3N0b3JlLmFwcGxlLmNvbS91c3wxYW9zZmU4OGZjNWIyNThhYWVhOTM5MzVjZjI2NTk1OGE3MWUwY2Y0MmI2OAt/aHR0cDovL3N0b3JlLmFwcGxlLmNvbmI2OA&amp;r=SCDHYHP7CY4H9XK2HsaHR0cDovL3N0b3JlLmFwcGxlLmNvbS91c3wxYW9zZmU4OGZjNWIyNThhYWVhOTM5MzVjZjI2NTk1OGE3MWUwY2Y0MmI2OAt/validation,Malicious,
http://sodeco.home.pl/pub/cache/css/css/y/,Malicious,
http://net149-220.mclink.it/recordings/includes/cr/update/user/,Malicious,
http://popupbarbados.com/wp-includes/fonts/index.php,Malicious,
http://nfchakgroup.com/tmp/Itau.com.br/atendimento/,Malicious,
http://slupt.upt.ro/images/start/wsignin1.html,Malicious,
http://jeanjacquesbridey.fr/templates/system/images/index.htm,Malicious,
http://carmenvictoria.com/new_world/Dropbox/,Malicious,
http://syengage.com/web/,Malicious,
http://walica.cz/mxx5j,Malicious,
http://allstarprintz.com/www/online-lloyds-4T6aJTIxmRURbXZ-banking-4T6aJTIxmRURbXZ/home.php?user-session-login=4T6aJTIxmRURbXZ,Malicious,
http://allstarprintz.com/www/,Malicious,
http://rthomasphotography.com/Supplies/Supplier/weblogin.html,Malicious,
http://t.hncsbs.com/login/inde.asp,Malicious,
http://testwebsc.v-info.info/aqqle.php,Malicious,
http://futuresecuritytech.com/db/box/index.php,Malicious,
http://primapaten.com/blessifile,Malicious,
http://leetitus.mobi/d/index.htm.php,Malicious,
http://iniok.com/Commercebank/index.html,Malicious,
http://briantucker.biz/wp-admin/owotide/Y%20index.html,Malicious,
http://fotoarte.art.br/yapxp/kelly.html,Malicious,
http://phototalk.biz/wp-admin/network/doc,Malicious,
http://simasoluciones.com.mx/wp-admin/js/languages/english/file/sam_out.php,Malicious,
http://darktoxicity.com/wp-includes/css/blackC/account.htm,Malicious,
http://simasoluciones.com.mx/wp-includes/js/tinymce/themes/modern/ebe-yah.php,Malicious,
http://simasoluciones.com.mx/wp-admin/js/languages/english/file/sam_yah.php,Malicious,
http://shaktihomeja.com/g_doc/file_doc.php?l=_JeHFUq_VJOXJoGYDw_OXK0K0QWHtoGYDw_Product-UserID&amp;userid=&amp;userid_JeHJOXK0IDw_JOXK0IDD=,Malicious,
http://bjcurio.com/js/index.htm?,Malicious,
http://noenoehawaii.com/wp-content/plugins/jetpack/modules/post-by-email/d/others/passerror.php?rand=13InboxLightaspxn.1774256418,Malicious,
http://annakraktour.pl/World/gucci2014/gdocs/pvalidate.html?ip=184.173.227.142,Malicious,
http://fashionphotographycourse.com/wp-admin/css/wp-admin.php,Malicious,
http://primapaten.com/blessifile/,Malicious,
http://shaktihomeja.com/g_doc/file_doc.php?l=_JeHFUq_VJOXJoGYDw_OXK0K0QWHtoGYDw_Product-UserID&amp;userid=&amp;userid_JeHJOXK0IDw_JOXK0IDD,Malicious,
http://annakraktour.pl/World/gucci2014/gdocs/processing.html?ip=184.173.227.142,Malicious,
http://annakraktour.pl/World/gucci2014/gdocs/document.html?ip=,Malicious,
http://annakraktour.pl/World/gucci2014/gdocs/pvalidate.html?ip=184.173.227.138,Malicious,
http://annakraktour.pl/World/gucci2014/gdocs/processing.html?ip=149.20.54.227,Malicious,
http://annakraktour.pl/World/gucci2014/gdocs/document.html?ip=184.173.227.138,Malicious,
http://annakraktour.pl/World/gucci2014/gdocs/document.html?ip,Malicious,
http://slidcorabia.ro/administrator/includes/trulia/,Malicious,
http://slidcorabia.ro/administrator/includes/trulia,Malicious,
http://annakraktour.pl/World/gucci2014/gdocs/processing.html?ip,Malicious,
http://annakraktour.pl/World/gucci2014/gdocs/pvalidate.html?ip=54.200.95.226,Malicious,
http://annakraktour.pl/World/gucci2014/gdocs/processing.html?ip=80.85.84.72,Malicious,
http://annakraktour.pl/World/gucci2014/gdocs/processing.html?ip=184.173.227.138,Malicious,
http://annakraktour.pl/World/gucci2014/gdocs/document.html?ip=54.200.95.226,Malicious,
http://noenoehawaii.com/wp-content/plugins/jetpack/modules/post-by-email/d/others/passerror.php?.rand=13InboxLight.aspx?n=1774256418&email=&fav.1=&fid=1&fid=4&fid.1=&fid.1252899642=&fid.4.1252899642=&rand=13InboxLightaspxn.1774256418&rand.13InboxLight.asp,Malicious,
http://reputeo.ch/wp-content/themes/,Malicious,
http://albel.intnet.mu/File/file_doc.php?l=_JeHFUq_VJOXJoGYDw_OXK0K0QWHtoGYDw_Product-UserID,Malicious,
http://noenoehawaii.com/wp-content/plugins/jetpack/modules/post-by-email/d/others/ii.php?rand=13InboxLightaspxn.1774256418&amp;fid.4.1252899642&amp;fid=1&amp;fav.1&amp;rand.13InboxLight.aspxn.1774256418&amp;fid.1252899642&amp;fid.1&amp;fav.1&amp;email=&amp;.rand=13InboxLight.aspx?n=1774256418&amp;fid=4,Malicious,
http://noenoehawaii.com/wp-content/plugins/jetpack/modules/post-by-email/d/others/ii.php?rand=13InboxLightaspxn.1774256418&amp;fid.4.1252899642&amp;fid=1&amp;fav.1&amp;rand.13InboxLight.aspxn.1774256418&amp;fid.1252899642&amp;fid.1&amp;fav.1&amp;email=&amp;.rand=13InboxLight.aspx?n=17742564,Malicious,
http://noenoehawaii.com/wp-content/plugins/jetpack/modules/post-by-email/d/others?rand=13InboxLightaspxn.1774256418&amp;fid.4.1252899642&amp;fid=1&amp;fav.1&amp;rand.13InboxLight.aspxn.1774256418&amp;fid.1252899642&amp;fid.1&amp;fav.1&amp;email=&amp;.rand=13InboxLight.aspx?n=1774256418&amp;fid=,Malicious,
http://noenoehawaii.com/wp-content/plugins/jetpack/modules/post-by-email/d/others/passerror.php?rand=13InboxLightaspxn.1774256418&amp;fid.4.1252899642&amp;fid=1&amp;fav.1&amp;rand.13InboxLight.aspxn.1774256418&amp;fid.1252899642&amp;fid.1&amp;fav.1&amp;email=&amp;.rand=13InboxLight.aspx?n=1,Malicious,
http://noenoehawaii.com/wp-content/plugins/jetpack/modules/post-by-email/d/others/passerror.php,Malicious,
http://noenoehawaii.com/wp-content/plugins/jetpack/modules/post-by-email/d/others/,Malicious,
http://noenoehawaii.com/wp-content/plugins/jetpack/modules/post-by-email/d/others/ii.php?rand=13InboxLightaspxn.1774256418&fid.4.1252899642&fid=1&fav.1&rand.13InboxLight.aspxn.1774256418&fid.1252899642&fid.1&fav.1&email=&.rand=13InboxLight.aspx?n=1774256418&fid=4#n=1252899642&fid=1&fav=1,Malicious,
http://noenoehawaii.com/wp-content/plugins/jetpack/modules/post-by-email/d/,Malicious,
http://annakraktour.pl/World/gucci2014/gdocs/processing.html?ip=54.200.95.226,Malicious,
http://noenoehawaii.com/wp-content/plugins/jetpack/modules/post-by-email/d/others/ii.php?rand=13InboxLightaspxn.1774256418&fid.4.1252899642&fid=1&fav.1&rand.13InboxLight.aspxn.1774256418&fid.1252899642&fid.1&fav.1&email=&.rand=13InboxLight.aspx?n=1774256418&fid=4,Malicious,
http://noenoehawaii.com/wp-content/plugins/jetpack/modules/post-by-email/d/others/ii.php,Malicious,
http://annakraktour.pl/World/gucci2014/gdocs/processing.html?ip=184.173.227.143,Malicious,
http://annakraktour.pl/World/gucci2014/gdocs/pvalidate.html?ip=149.20.54.229,Malicious,
http://annakraktour.pl/World/gucci2014/gdocs/processing.html?ip=77.247.181.162,Malicious,
http://annakraktour.pl/World/gucci2014/gdocs/processing.html?ip=178.62.113.173,Malicious,
http://annakraktour.pl/World/gucci2014/gdocs/processing.html?ip=149.20.54.228,Malicious,
http://annakraktour.pl/World/gucci2014/gdocs/document.html?ip=54.148.213.181,Malicious,
http://annakraktour.pl/World/gucci2014/gdocs/document.html?ip=149.20.54.229,Malicious,
http://joelblock.com/ilg/Sign_in.html,Malicious,
http://shvily.com/dsia/cerm.ani/nrs/bcem.php,Malicious,
http://worldssafest.com/sikiru/goog.com/googledocs1,Malicious,
http://worldssafest.com/sikiru/goog.com/googledocs1/index.html,Malicious,
http://annakraktour.pl/World/gucci2014/gdocs/processing.html?ip=54.148.213.181,Malicious,
http://mayorstime.com/docs/dropbox/index.php,Malicious,
http://spilll.net/css/form/,Malicious,
http://teatrto.art.pl/11/demeter.plutus.php,Malicious,
http://concordwest88.com/css/yui/ii.php?.rand=13InboxLight.aspx?n=1774256418&amp;email=&amp;fav.1=&amp;fid=1&amp;fid=4&amp;fid.1=&amp;fid.1252899642=&amp;fid.4.1252899642=&amp;rand=13InboxLightaspxn.1774256418&amp;rand.13InboxLight.aspxn.1774256418=,Malicious,
http://annakraktour.pl/World/gucci2014/gdocs/processing.html?ip=149.20.54.229,Malicious,
http://atcgoaltending.com/wp-content/plugins/event-registration/getproductrequest.htm,Malicious,
http://gee-wagen.co.uk/gooo/,Malicious,
http://farmhousespa.com/spa-images/index2.php,Malicious,
http://ricardoeletro.com.br.promo70off.com/produtos/19453585/Motorola-Novo-Moto-G-DTV-Colors-Smartphone-Dual-Chip-TV-Android-44-Camera-8MP-Tela-HD-5-Quad-Core-12Ghz-16GB-3G-Wi-Fi-e-2-Capas-Coloridas,Malicious,
http://goodwillministry.org/wp-includes/impp/sup2/sup2/20bf33d7fd8691e287b54aae51e25b7c/mpp/,Malicious,
http://goodwillministry.org/wp-includes/imgg/sup2/sup2/45d5c113f1a5a02113d2a6f94d4556f3/mpp/,Malicious,
http://mialaidminsarvers.eu.pn/index.html,Malicious,
http://concordwest88.com/css/yui/ii.php?rand=13InboxLightaspxn.1774256418&amp;fid.4.1252899642&amp;fid=1&amp;fav.1&amp;rand.13InboxLight.aspxn.1774256418&amp;fid.1252899642&amp;fid.1&amp;fav.1&amp;email=&amp;.rand=13InboxLight.aspx?n=1774256418&amp;fid=4,Malicious,
http://concordwest88.com/css/yui/ii.php?rand,Malicious,
http://concordwest88.com/css/yui/ii.php?rand=13InboxLightaspxn.1774256418&fid.4.1252899642&fid=1&fav.1&rand.13InboxLight.aspxn.1774256418&fid.1252899642&fid.1&fav.1&email=&.rand=13InboxLight.aspx?n=1774256418&fid=4#n=1252899642&fid=1&fav=1,Malicious,
http://concordwest88.com/css/yui/,Malicious,
http://account-gmailcom.yetkinforum.com/h1-gmail-oturum-ac,Malicious,
http://uytinviet.com/74t3nf4gv4,Malicious,
http://myplay.cc/wp-content/plugins/,Malicious,
http://vivantis.es/noticias/modules/mod_breadcrumbs/tmpl/default.html,Malicious,
http://auction-korea.co.kr/technote7/peace/,Malicious,
http://concordwest88.com/css/yui/ii.php?email=abuse@websitedynamics.com,Malicious,
http://concordwest88.com/css/yui/ii.php?rand=13InboxLightaspxn.1774256418,Malicious,
http://3designcenter.com/blog/wp-admin/network/other/index.html?urlreview=c85d3b39-7768-42ad-837b-cc7469803d4c,Malicious,
http://3designcenter.com/blog/wp-admin/network/other/index.html?urlreview=,Malicious,
http://aiservices.biz/webmail/,Malicious,
http://albel.intnet.mu/File/index.php,Malicious,
http://uppermississippirivervalleyava.org/Images/iuser,Malicious,
http://slidcorabia.ro/administrator/includes/trulia/index.html,Malicious,
http://wildlogic.com/yahooservers.accountsactivation.request.accounts.mail.yahoo.revalidationserver.logonprvatedataconfirmationscreen.dataverification.code.hhgftyd5634do9o877789766/,Malicious,
http://strataconsulting.com.au/wp-admin/js/dropbox/,Malicious,
http://navkarparivar.in/mail,Malicious,
http://unitedstatesreferral.com/santos/gucci2014/gdocs/pvalidate.html?ssl=yes,Malicious,
http://unitedstatesreferral.com/santos/gucci2014/gdocs/processing.html?ip=95.130.15.96,Malicious,
http://unitedstatesreferral.com/santos/gucci2014/gdocs/,Malicious,
http://unitedstatesreferral.com/mache/gucci2014/gdocs/document.html,Malicious,
http://unitedstatesreferral.com/charles/gucci2014/gdocs/pvalidate.html?ssl=yes,Malicious,
http://cabinet-stomatologic-cluj.com/wp-content/page.html,Malicious,
http://uppermississippirivervalleyava.org/Images/wata/,Malicious,
http://uppermississippirivervalleyava.org/Images/hon/,Malicious,
http://uppermississippirivervalleyava.org/Images/iuser/,Malicious,
http://top-rankedmarketing.com/imagesworknewdocpluginsimages/2014gdocs/,Malicious,
http://sachver-flores.de/%20./hereformoney.docs/,Malicious,
http://oxfordlimoservice.com/Info/G-DOC/G-DOC/,Malicious,
http://navkarparivar.in/mail/index.html,Malicious,
http://pcsphp.plainwellschools.org/phpMyAdmin/config/v/googledocs/ent.htm,Malicious,
http://navkarparivar.in/mail/,Malicious,
http://mail.naturalzestyenterprise.com/sent/gd/,Malicious,
http://mail.aeonvape.com/sent/gd/,Malicious,
http://mail.aeonhortus.com/sent/gd/,Malicious,
http://blog.btlcreative.com/ali/doc/pvalidate.html,Malicious,
http://albel.intnet.mu/File/file_doc.php,Malicious,
http://albel.intnet.mu/File/download_doc.php?l=_JeHFUq_VJOXJoGYDw_OXK0K0QWHtoGYDw_Product-UserID&amp;userid_JeHJOXK0IDw_JOXK0IDD&amp;userid=,Malicious,
http://conasida.org.sv/libraries/joomlacms/tradekeyhtml.html?action=tradealert_tracking_click,Malicious,
http://unitedstatesreferral.com/santos/gucci2014/gdocs/document.html?ssl=yes,Malicious,
http://unitedstatesreferral.com/santos/gucci2014/gdocs,Malicious,
http://unitedstatesreferral.com/charles/gucci2014/gdocs,Malicious,
http://unitedstatesreferral.com/charles/gucci2014/gdocs/document.html?ssl=yes,Malicious,
http://smallislandent.com/mboc/wp-content/themes/newstoday/images/bill.aol.com.php,Malicious,
http://ijeie.in/templates/atomic/Alibaba.html,Malicious,
http://albel.intnet.mu/File/file_doc.php?l=_JeHFUq_VJOXJoGYDw_OXK0K0QWHtoGYDw_Product-UserID&userid_JeHJOXK0IDw_JOXK0IDD&userid=,Malicious,
http://albel.intnet.mu/File/,Malicious,
http://aprilklinge.com/wp-includes/fonts/alidex.htm,Malicious,
http://blog.btlcreative.com/ali/doc/really2.php,Malicious,
http://blog.btlcreative.com/ali/doc/processing.html,Malicious,
http://auction-korea.co.kr/technote7/peace/index.htm,Malicious,
http://irallcpartners.com/js/,Malicious,
http://trafficjackingcodereview.com/nmnv/acctupdate.html,Malicious,
http://concordwest88.com/css/yui/ii.php?email=abuse@websitedynamics.com&amp;.rand=13vqcr8bp0gud&amp;lc=1033&amp;id=64855&amp;mkt=en-us&amp;cbcxt=mai&amp;snsc=1,Malicious,
http://g-p.lv/index.htm,Malicious,
http://eng.chamber.pl/hotmail/Login.html,Malicious,
http://sarkanykard.hu/tabor/images/tabor.html,Malicious,
http://bobax.hu/uj/Login/login.jsp.php,Malicious,
http://4thismoment.com/App/app.php,Malicious,
http://gites-des-cruz.fr/modules/mod_mainmenu/tmpl/corfig.php,Malicious,
http://serwer1374165.home.pl/radmaxweb/components/com_jnews/includes/jquery/aol.htm,Malicious,
http://mtspring.com/~gazybis/login.jsp.htm,Malicious,
http://marlinwash.com/drop/cgi-bin/dropbox/P/confirmation/download/now/dropbox/,Malicious,
http://sinohosting.com.cn/demo/wp-includes/fonts/Hotmail/Sign_in.html,Malicious,
http://annakraktour.pl/World/gucci2014/gdocs/document.html?ssl=yes,Malicious,
http://gsbikes.com/images/?ref=http://lzhjqkcus.battle.net/d3/en,Malicious,
http://gsbikes.com/images?ref=http://lzhjqkcus.battle.net/d3/en,Malicious,
http://paceinfonet.org/wp-admin/network/dboxlog/knd/Dropbox.html,Malicious,
http://manufacturamagura.ro/swiss/dpbx/index.php,Malicious,
http://tenai.net/images/?ref=http://gotwdsfus.battle.net/d3/en,Malicious,
http://sarkanykard.hu/tests/unit/unit.html,Malicious,
http://mybrokerservices.com.au/wp-admin/js/instructions/up,Malicious,
http://bobcareyphoto.com/wp-includes/images/media/domain2/,Malicious,
http://bobcareyphoto.com/wp-includes/images/media/domain2/webmail/WebMail.php?rand=13InboxLightaspxn.1774256418&amp;fid.4.1252899642&amp;fid=1&amp;fav.1&amp;rand.13InboxLight.aspxn.1774256418&amp;fid.1252899642&amp;fid.1&amp;fav.1&amp;email=abuse@cableservice.com&amp;.rand=13InboxLight.as,Malicious,
http://concordwest88.com/css/yui/ii.php?email=abuse@dhcs.ca.gov&amp;.rand=13vqcr8bp0gud&amp;lc=1033&amp;id=64855&amp;mkt=en-us&amp;cbcxt=mai&amp;snsc=1,Malicious,
http://bobcareyphoto.com/wp-includes/images/media/domain2/index.php?,Malicious,
http://aclpumps.com/jewel/show/,Malicious,
http://aclpumps.com/jewel/show,Malicious,
http://bobcareyphoto.com/wp-includes/images/media/domain2/webmail/WebMail.php?rand=13InboxLightaspxn.1774256418&amp;fid.4.1252899642&amp;fid=1&amp;fav.1&amp;rand.13InboxLight.aspxn.1774256418&amp;fid.1252899642&amp;fid.1&amp;fav.1&amp;email=abuse@cableservice.com&amp;.rand=13InboxLight.aspx?n=1774256418&amp;fid=4,Malicious,
http://bobcareyphoto.com/wp-includes/images/media/domain2/index.php?email=abuse@cableservice.com,Malicious,
http://dogansoyelektrik.com/index.htm,Malicious,
http://manufacturamagura.ro/swiss/dpbx/,Malicious,
http://manufacturamagura.ro/swiss/dpbx,Malicious,
http://seven11paints.com/download/,Malicious,
http://bobcareyphoto.com/wp-includes/images/media/domain2/webmail/WebMail.php?rand=13InboxLightaspxn.1774256418&amp;fid.4.1252899642&amp;fid=1&amp;fav.1&amp;rand.13InboxLight.aspxn.1774256418&amp;fid.1252899642&amp;fid.1&amp;fav.1&amp;email=&amp;.rand=13InboxLight.aspx?n=1774256418&amp;fid=4,Malicious,
http://bobcareyphoto.com/wp-includes/images/media/domain2/webmail/,Malicious,
http://lacajaverde.com/wp-content/themes/update_ik/yinput/id.php,Malicious,
http://bobcareyphoto.com/wp-includes/images/media/domain2/webmail?rand=13InboxLightaspxn.1774256418&amp;fid.4.1252899642&amp;fid=1&amp;fav.1&amp;rand.13InboxLight.aspxn.1774256418&amp;fid.1252899642&amp;fid.1&amp;fav.1&amp;email=&amp;.rand=13InboxLight.aspx?n=1774256418&amp;fid=4,Malicious,
http://bobcareyphoto.com/wp-includes/images/media/domain2/index.php,Malicious,
http://bobcareyphoto.com/wp-includes/images/media/domain2/webmail/WebMail.php?rand=13InboxLightaspxn.1774256418&amp;fid.4.1252899642&amp;fid=1&amp;fav.1&amp;rand.13InboxLight.aspxn.1774256418&amp;fid.1252899642&amp;fid.1&amp;fav.1&amp;email=abuse@hologic.com&amp;.rand=13InboxLight.aspx?n=1774256418&amp;fid=4,Malicious,
http://lacajaverde.com/wp-content/themes/update_ik/yinput/id.php?l=_JeHFUq_VJOXK0QWHtoGYDw_Product-UserID,Malicious,
http://miramedical.com/zm.htm,Malicious,
http://store.zoovet.ru/modules/comment/index1.html?cmd,Malicious,
http://lacajaverde.com/wp-content/themes/update_ik/yinput/id.php?l=_JeHFUq_VJOXK0QWHtoGYDw_Product-UserID&amp;userid=abuse@hospitalityresourcenetwork.com,Malicious,
http://lacajaverde.com/wp-content/themes/update_ik/yinput/id.php?l=_JeHFUq_VJOXK0QWHtoGYDw_Product-UserID&amp;userid=,Malicious,
http://spotcampus.com/wp-includes/js/swfupload/plugins/payca/df4999908cfcdeae4e678d512cf3b434/,Malicious,
http://spotcampus.com/wp-includes/js/swfupload/ppl/dir/,Malicious,
http://linckrunningteam.com.ar/libraries/googledocs/,Malicious,
http://cgercf.return.to/,Malicious,
http://sabe-sabe.com/statement/dpbx,Malicious,
http://118haku.com/paypal/5bf1b8133dc6b6bba71622c0b51048ca/,Malicious,
http://webdizajn-ar.com/general/NewGoogleDocs/yahoo.html,Malicious,
http://lacajaverde.com/wp-content/themes/update_ik/products/viewer.php?l=_JeHFUq_VJOXK0QWHtoGYDw_Product-UserID&amp;userid=abuse@hospitalityresourcenetwork.com,Malicious,
http://lacajaverde.com/wp-content/themes/update_ik/index.php,Malicious,
http://lacajaverde.com/wp-content/themes/update_ik/products/viewer.php?l=_JeHFUq_VJOXK0QWHtoGYDw_Product-UserID&amp;userid=,Malicious,
http://vakantieindelden.nl/nieuw/news/help/halii1/,Malicious,
http://sabe-sabe.com/statement/dpbx/,Malicious,
http://sabe-sabe.com/Hardcopy_wzincveInco/instructions/up,Malicious,
http://meyer.ship.intnet.mu/matt/file/g_doc/,Malicious,
http://51mct.com/js/?ref=http://qszrysyus.battle.net/d3/en/,Malicious,
http://alspizzahouse.com/css/form.php,Malicious,
http://aberry-rich.com/template/fonts/royalbank/index.php,Malicious,
http://aberry-rich.com/tem/drpbxx/drpbxx/,Malicious,
http://hosting2icc.com/passionedgecomd/data.php,Malicious,
http://ginzibg.com/Verify/wwwchase.comcustomerid-384377/66b57628ccbdfef5b255d336895b8f76/,Malicious,
http://sabe-sabe.com/cm/instructions/up/,Malicious,
http://sabe-sabe.com/FILES/dpbx,Malicious,
http://aberry-rich.com/tem/drpbxx/drpbxx/index.php,Malicious,
http://fundacabletv.com.ve/takeit/2013googledocs,Malicious,
http://sabe-sabe.com/invest_co/instructions/up,Malicious,
http://sabe-sabe.com/FILES/dpbx/,Malicious,
http://ceptelefonuteknikserviskayseri.com/servis/aztech/7b348d81de3e3980ea039572b2ca8419/,Malicious,
http://ceptelefonuteknikserviskayseri.com/servis/aztech/8b0a7ccf3ae81f5892af2c647745e2b9/,Malicious,
http://acmeprofessionalsindia.com/matchprofilepics.html,Malicious,
http://ceptelefonuteknikserviskayseri.com/servis/aztech/2b60a493bcb6560de944955161746ae2,Malicious,
http://sabe-sabe.com/Hardcopy_wzincveInco/instructions/up/,Malicious,
http://sabe-sabe.com/cm/instructions/up/index.php,Malicious,
http://153284594738391.statictab.com/2506080?signed_request=vLSGIn9-mAPLo6LyP7j3KlFSRK21rVpIY43KPlBTDWI.eyJhbGdvcml0aG0iOiJITUFDLVNIQTI1NiIsImlzc3VlZF9hdCI6MTQxNjU0NDIzNywicGFnZSI6eyJpZCI6IjQ2MDk4ODc5NzI3ODA2NyIsImFkbWluIjpmYWxzZSwibGlrZWQiOnRydWV9LCJ1c,Malicious,
http://sabe-sabe.com/invest_co/instructions/up/,Malicious,
http://marlinwash.com/view/cgi-bin/drop/view/download/dropbox/index.php,Malicious,
http://diesseinfissi.it/xmlrpc/cache/2014googledocs/,Malicious,
http://marlinwash.com/drop/cgi-bin/dropbox/P/confirmation/download/now/dropbox/index.php,Malicious,
http://brantindustrial.ca/wp-admin/css/paypal%20page/index.php,Malicious,
http://mail.emilydimitriadis.com/blog/wp-content/themes/forzaitalia/silent/host/,Malicious,
http://mail.emilydimitriadis.com/blog/wp-content/themes/host/,Malicious,
http://geotextile.ge/tmp/2013googledocs,Malicious,
http://voxviolins.com/modules/store/models/verification-account-security-customer/info/home/update/mpp/mpp/update/,Malicious,
http://forzaitalia.com.au/blog/wp-content/themes/host/,Malicious,
http://persontopersonband.com/lov/domain/domain/survey.page.php?rand=,Malicious,
http://blueicegroupllc.com/wp-includes/SimplePie/Decode/HTML/alibaba.htm,Malicious,
http://blueicegroupllc.com/wp-includes/pomo/alibaba.htm,Malicious,
http://marlinwash.com/dropbox/cgi-bin/dropbox/view.php,Malicious,
http://fundacabletv.com.ve/takeit/2013googledocs/,Malicious,
http://armstrongchile.com/web2/wp-includes/levotex,Malicious,
http://asalet-aljanub.com/tools/s/,Malicious,
http://scaccom.biz/Calendar/Menu/ccessing.html,Malicious,
http://glamorous.hk/OurTime.com/ourtime.com/www.ourtime.com.html,Malicious,
http://gospelcollege.by/files/pdf.php,Malicious,
http://persontopersonband.com/innc/domain/domain/survey.page.php,Malicious,
http://armstrongchile.com/web2/wp-includes/levotex/,Malicious,
http://eastlakesupport.com/images/UK/fox/dropbox/,Malicious,
http://eastlakesupport.com/images/UK/fox/dropbox,Malicious,
http://lamansaguman.cl/2014googledocs/,Malicious,
http://datongqu.com/images/msn/index.htm,Malicious,
http://eastlakesupport.com/images/nagel/fixpay/,Malicious,
http://wooldridgeandassociates.com/wp-content/www.postfinance.ch/PostFinance.htm,Malicious,
http://bykhovleshoz.by/libraries/joomla/database/tb/,Malicious,
http://popupbarbados.com/wp-includes/certificates/,Malicious,
http://vacantela.ro/wp-content/themes/suffusion/my.screenname.aol.com/,Malicious,
http://electromecanicahn.com/wp-includes/js/crop/index.php,Malicious,
http://view.s6.exacttarget.com/?j=fec9177476640075&amp;m=fe891273756203757d&amp;ls=fdfb1571766d0d7d74177272&amp;l=fecd15727762027c&amp;s=fe241675746103797d1778&amp;jb=ffcf14&amp;ju=fe9117797167057b71,Malicious,
http://electromecanicahn.com/wp-includes/images/smilies/index.php,Malicious,
http://keysha.info/fm/workbench/redirect.php,Malicious,
http://datongqu.com/pin/alibab,Malicious,
http://datongqu.com/pin/alibab/,Malicious,
http://k3ibs.com/login,Malicious,
http://collectorsavenue.com/images/banners/logins.html,Malicious,
http://galanteriafutrzana.pl/gfx/mail.live-pdf-ogh270vqu011m/hotmail.html,Malicious,
http://popupbarbados.com/wp-includes/certificates/index.php,Malicious,
http://k3ibs.com/login/,Malicious,
http://persontopersonband.com/lov/domain/domain/survey.page.php,Malicious,
http://visualfactory.com.pl/images/dropbox/,Malicious,
http://aeonindustrials.com/sent/gd/,Malicious,
http://freedomhouse.info/controls/CountryListBox/Data/-2179631533921354710087436-/-5192979185527178666691004-/index.html?68539268136510688493659698994558853935046663158788,Malicious,
http://eastlakesupport.com/images/task/fixpay/,Malicious,
http://dianaimpex.com/js/page.html,Malicious,
http://astrologie-ausbildung.eu//_ocneu/redirect.html,Malicious,
http://armstrongchile.com/web2/wp-includes/levotex/index.htm,Malicious,
http://estaterecipes.com/stat/language/newpp/index.htm,Malicious,
http://breedcentral.com.au/kefty/e-mailprotected.htm,Malicious,
http://xjbctcky.com/images/?app=com-d3&amp;us.battle.net/login/en/?ref=http%3A%2F%2Fus.battle.net%2Fd3%2Fen%2Findex,Malicious,
http://eastlakesupport.com/images/US/fox/dropbox/index.php,Malicious,
http://meyer.ship.intnet.mu/matt/file/g_doc/file_doc.php,Malicious,
http://xjbctcky.com/images/?app=com-d3&amp;us.battle.net/login/en/?ref=http://us.battle.net/d3/en/index,Malicious,
http://kontacto.com.mx/neweb/includes/emailupgrade.html?email=,Malicious,
http://visualfactory.com.pl/images/dropbox/index.php,Malicious,
http://yahootw.site44.com/yao/1.htm,Malicious,
http://tamplarie-lemnstratificat.ro/modules/mod_feed/tmpl/login/,Malicious,
http://phan.thuchao.free.fr/Hao/Hao%20Contacts/Amis/Upload_Download_Amis/Files%20Upload%20Amis/re.html,Malicious,
http://macnamania.com/wp-includes/pomo/mps.html,Malicious,
http://tamplarie-lemnstratificat.ro/xmlrpc/deduct/entry2/pdff/login/,Malicious,
http://tamplarie-lemnstratificat.ro/xmlrpc/deduct/entry2/pdff/login,Malicious,
http://kaleimailealii.org/wp-includes/js/tinymce/utils/Purchase/,Malicious,
http://noptis.com.pt/site/modules/mod_login/acesso/,Malicious,
http://meyer.ship.intnet.mu/mm/gbg/Google_doc/file_doc.php,Malicious,
http://mosedo.com/form.asp.htm,Malicious,
http://mailnortonscans.com/nortcc778ujei882jfe21bc8irfe229811b/,Malicious,
http://robax.site.aplus.net/creating,Malicious,
http://robax.site.aplus.net/creating/,Malicious,
http://hyperbarichealingcenter.com/includes/js/jscalendar-1.0/lang/index.htm,Malicious,
http://kaleimailealii.org/wp-includes/js/tinymce/utils/Purchase/googledrive.php?userid=,Malicious,
http://mantolama.biz.tr/hotmail.co.uk.html,Malicious,
http://tamiya-color.com/9ine/A.html,Malicious,
http://strataconsulting.com.au/wp-admin/js/dropbox/index.php,Malicious,
http://allora-tour.by/var/upload/media/tmp/made-in-china/made-in-china.html,Malicious,
http://serwer1374165.home.pl//radmaxweb/components/com_jnews/includes/jquery/aol.htm,Malicious,
http://acut.it/wp-content/uploads/2014/12/2up/de/login/?webscr&cmd=_login-run&SESSION=9C1AvewaYAsZxui2lkikbd1bpD4xFqccm6D6q5vFEr7svZ0n48081Bj9ghy&dispatch=226d1f15ecd35f784d2a20c3ecf56d7ff81dee42585b3814de199b2e88757f5c9fdb62f932adf55af2c0e09e55861964,Malicious,
http://angelhairdesignsbydawn.com/dpbx6,Malicious,
http://tamplarie-lemnstratificat.ro/tmp/login,Malicious,
http://kurdish-homes.com/backsensorer.se/wp-includes/js/jcrop/aol/index.htm,Malicious,
http://tamplarie-lemnstratificat.ro/tmp/login/,Malicious,
http://tamplarie-lemnstratificat.ro/templates/system/images/login/,Malicious,
http://link.12livevip.com/r/link/1cfe116ce09f0800II162380ce59cII943fII1080feII1623807d4d7II3,Malicious,
http://serwer1374165.home.pl/radmaxweb/components/com_jnews/includes/openflashchart/aim.html,Malicious,
http://bitmd.org/modules/mod_banners/tmpl/?cli=,Malicious,
http://angelhairdesignsbydawn.com/dpbx3,Malicious,
http://serwer1374165.home.pl/radmaxweb/components/com_jnews/includes/openflashchart/js/aol.htm,Malicious,
http://soneart.ca/indexx.php,Malicious,
http://tanarkell.hu/onla/d5l3.htm,Malicious,
http://mid-island-granite.ca/midisln/ak193/mo.php,Malicious,
http://mid-island-granite.ca/midisln/0198/mo.php,Malicious,
http://href.li/?http://turtletours.org?DBX,Malicious,
http://ecizone.co.za/images/jdownloads/gogdoc/,Malicious,
http://ecizone.co.za/images/jdownloads/gogdoc,Malicious,
http://ecizone.com/images/jdownloads/gogdoc,Malicious,
http://neufweb.fr/zubnaox,Malicious,
http://ilink.me/1821a,Malicious,
http://test.q2d.com.ua/wp-admin/css/Germany3.html,Malicious,
http://alaskahort.com/joomla/libraries/phpmailer/language/update/798ac93f16045d80e4f5ca95f8b460cc/,Malicious,
http://top2roues.com/nma/index.html,Malicious,
http://sa.com.br/lib/c/PayPal/?cmd=_home&dispatch=5885d80a13c0db1f8e&ee=8db3c0c1b08bd590c0a5d0b6d5fd090a,Malicious,
http://ecizone.com/images/jdownloads/gogdoc/,Malicious,
http://sifinancial.com.au/ran,Malicious,
http://ecizone.com/images/jdownloads/gogdoc/index.html,Malicious,
http://mieorganizasyon.com/imagine/googledoc2,Malicious,
http://serwer1374165.home.pl/radmaxweb/components/com_jnews/includes/calendar2/aol.htm,Malicious,
http://sifinancial.com.au/ran/,Malicious,
http://citynetinfotele.com/AOL_ion/update.htm,Malicious,
http://citynetinfotele.com/code/update.htm,Malicious,
http://tamplarie-lemnstratificat.ro/xmlrpc/includes/settlement/pdf/,Malicious,
http://tamplarie-lemnstratificat.ro/xmlrpc/includes/settlement/pdf,Malicious,
http://migao365.com/template/dropbox/ipad/index.php,Malicious,
http://tamplarie-lemnstratificat.ro/images/stories/obloane/login/,Malicious,
http://tamplarie-lemnstratificat.ro/images/stories/obloane/login,Malicious,
http://mcacanal.cl/wp-admin/images/new/Aol,Malicious,
http://mcacanal.cl/wp-admin/images/new/Aol/,Malicious,
http://quadrat.cz/uuq9svzcfq,Malicious,
http://letiz.be/uploads/bnz.html,Malicious,
http://tamplarie-lemnstratificat.ro/administrator/images/login/,Malicious,
http://cheapcolumbusproperties.com/gdocmolee/index.html,Malicious,
http://masinaspalatpiese.com/G/G/,Malicious,
http://biapomar.com/weblogin.html,Malicious,
http://veetire.co.uk/magmi/plugins/extra/general/remoteagent/boa/sas/index.php,Malicious,
http://mid-island-granite.ca/midisln/oo01,Malicious,
http://mid-island-granite.ca/midisln/kil1,Malicious,
http://mid-island-granite.ca/midisln/kil1/index.htm,Malicious,
http://logiconfacility.com/advanced_bgimg_slideshow/images/eee/,Malicious,
http://logiconfacility.com/advanced_bgimg_slideshow/images/eee,Malicious,
http://erute.afoitseliou.gr/god/auth_acc.php,Malicious,
http://afoitseliou.gr/erute/lekan/auth_acc.php,Malicious,
http://mid-island-granite.ca/midisln/kil1/,Malicious,
http://mid-island-granite.ca/midisln/oo01/relatesecure.php,Malicious,
http://mid-island-granite.ca/midisln/10ds/Mickydereck3601_eby_gm.php,Malicious,
http://wwqx121.com/public/googledrive/index.htm,Malicious,
http://wwqx121.com/googledrive/index.htm,Malicious,
http://fiestacaliente.com/file/images/tabs/login.jsp.htm,Malicious,
http://condramagee.com/wp-includes/js/thickbox/payuk/dir/,Malicious,
http://girlianda.kiev.ua/includes/js/tabs/logoyuu.asp.htm,Malicious,
http://website40.com/unc/view/,Malicious,
http://condramagee.com/wp-includes/js/tinymce/langs/AUS/home,Malicious,
http://website40.com/unc/view,Malicious,
http://advancednet.lk/wp-admin/css/washz/gsko/navy/navy_index3.html,Malicious,
http://maurizio.scuoladiparapendio.com/wp-content/themes/status/aliExp.php,Malicious,
http://pontmost.hu/Iuwt17Za01/,Malicious,
http://maurizio.scuoladiparapendio.com/wp-content/themes/status/Made-in-China.htm,Malicious,
http://advancednet.lk/wp-admin/css/washz/hdii/navy/login.jsp.html,Malicious,
http://propertiesinthailand.net/Sign_in.html,Malicious,
http://slplex.it/web/logs/files/66.249.93.1728/bloqueo/olb/Init.html,Malicious,
http://slplex.it/web/logs/files/66.102.7.1762/bloqueo/olb/Init.html,Malicious,
http://cctrubiak.com/google/,Malicious,
http://bergamaliticaret.com.tr/administrator/components/com_banners/models/fields/index.htm,Malicious,
http://foreverspringfl.com/gojeguya/tewl/1/oj/index.htm,Malicious,
http://mirotapasaraya.com/administrator/components/com_media/hitee/updateY!.html,Malicious,
http://reprise.com.tr/welcome/shares/greetings/index.html,Malicious,
http://specialchild.ie/wp-includes/js/crop/yahoo_shopping_page&amp;.srcproduct=93433.html,Malicious,
http://specialchild.ie/wp-includes/js/crop,Malicious,
http://specialchild.ie/wp-includes/js/crop/,Malicious,
http://facultyandstaffmailcleanup6.tripod.com/index.html,Malicious,
http://itzcaliburmese.com/galleries/assets/images/html5.php,Malicious,
http://foreverspringfl.com/gojeguya/tewl/5/oj/index.htm,Malicious,
http://foreverspringfl.com/gojeguya/tewl/3/oj/index.htm,Malicious,
http://ochoa.cc/900sek.survey.se/faktureringsinformation.php?secure&page=yes,Malicious,
http://secure-your-id.connect-logs.9875274b45k54jl44.productinfomanagement.com/LOG-IN-Account/Us/websc.54900fead2568876621.Log_in4517900/PayPal/Secure/mpp/update/,Malicious,
http://lettuceduit.com/dpbx/dpbx/index.php,Malicious,
http://secure-your-id.connect-logs.9875274b45k54jl44.productinfomanagement.com/LOG-IN-Account/Us/websc.54900fead2568876621.Log_in4517900/PayPal/Secure/mpp/update,Malicious,
http://3designcenter.com/blog/wp-admin/network/other/?urlreview=,Malicious,
http://3designcenter.com/blog/wp-admin/network/other/,Malicious,
http://3designcenter.com/blog/wp-admin/network/other/?urlreview,Malicious,
http://dongphuccaocap.net/images/android/private/index.html,Malicious,
http://darkangelz.ca/forum/images/styles/G/,Malicious,
http://docfilefromme.pctoptancisi.com/newgdoc/,Malicious,
http://matteopizzi.it/googledocs/index.htm,Malicious,
http://argesogutma.com/000!!!!22mail.html,Malicious,
http://dongphuccaocap.net/images/android/private/,Malicious,
http://view.s6.exacttarget.com/?j=fec816757364007b&m=fe8a1273756d07757d&ls=fdfb157074630c7d7111727d&l=fec9157076620075&s=fe2b167275660274711c73&jb=ffcf14&ju=fe9416767c65017d71,Malicious,
http://view.s6.exacttarget.com/?j=fec816757364007b&amp;m=fe8a1273756d07757d&amp;ls=fdfb157074630c7d7111727d&amp;l=fec9157076620075&amp;s=fe2b167275660274711c73&amp;jb=ffcf14&amp;ju=fe9416767c65017d71,Malicious,
http://reardenmetalprep.com/audio/,Malicious,
http://extraloucuratotal.com/iphone-5s-apple-32gb-com-tela-4/1956481.html,Malicious,
http://extraloucuratotal.com/iphone-6-plus-apple-com-tela-55/2786991.html,Malicious,
http://extraloucuratotal.com/iphone-6-apple-com-tela-47/2963311.html,Malicious,
http://filmin.com.br/fonts/,Malicious,
http://icyte.com/system/snapshots/fs1/f/1/0/8/f10881fa769b1b69eb47747e7ac9b99177d3d4ea/index.html,Malicious,
http://bigeasyconfections.com/wp-content/uploads/redirect.html,Malicious,
http://boostyourparty.com/components/com_osemsc/models/01/others/passerror.php,Malicious,
http://helmersorganic.ca/documents/_notes/realestate/realestate.htm,Malicious,
http://boostyourparty.com/plugins/jfbcprofiles/login.yahoo.htm,Malicious,
http://helmersorganic.ca/documents/_notes/realestate/realestate.htm?urlreview=5f6255fd-bc91-42c7-afed-0b204a401f16,Malicious,
http://helmersorganic.ca/documents/_notes/realestate/realestate.htm?urlreview=1a29761e-eba8-4164-bdf4-692a98ba4411,Malicious,
http://3designcenter.com/blog/wp-admin/network/other/?urlreview=c85d3b39-7768-42ad-837b-cc7469803d4c,Malicious,
http://boostyourparty.com/components/com_osemsc/models/01/others/ii.php?rand=13InboxLightaspxn.1774256418&amp;fid.4.1252899642&amp;fid=1&amp;fav.1&amp;rand.13InboxLight.aspxn.1774256418&amp;fid.1252899642&amp;fid.1&amp;fav.1&amp;email=&amp;.rand=13InboxLight.aspx?n=1774256418&amp;fid=4,Malicious,
http://niyas.com/FlickerView/Sign_in_to_Yahooo.aspx,Malicious,
http://uppermississippirivervalleyava.org/Images/ju/,Malicious,
http://glamorous.hk/secure/signin.htm,Malicious,
http://kfqcaw.com/images/newinf/yteras/hretas/dores/macab/minfod.html?iuterstea,Malicious,
http://204.12.8.250/CFIDE/administrator/datasources/ppl-login.html,Malicious,
http://cache.nebula.phx3.secureserver.net/obj/RjQ2RENDRjA2MEI5OTM3RkJCNzY6ZDEzYTg0YmRmOGQzZTc5OTBhZjgxNDllMjNmMTgzZmI6Ojo6,Malicious,
http://cache.nebula.phx3.secureserver.net/obj/QkMyMThBNjg0RjJCRjg2Njc3OEM6YWY1ZDcwYjhhODdhZmQwZDgyZTdkOTUyMDlkY2YzODY6Ojo6,Malicious,
http://ibmrd.org/update/59289cb4fbb8cb1d78065604571a0833/Login.php?login=xmaqvvsmjds&Session=zqqp9is1aufluq5wzzcwmmnhhf42twpsnghvzav06bu13zw2y9ykul2c26ev35n,Malicious,
http://lockingshields.org/wp-content/themes/public/,Malicious,
http://mali-dugi.tumblr.com/post/105704150710,Malicious,
http://perfectmoney.is.l-acct.l-protection.l-enable.html.q-7.1r.t38.lv.3f.x9.d79.18b.de/%73%75%62/%77h%6Fi%73.p%68p?u=https%3A%2F%2Fperfectmoney.is%2F&amp;%61%63%63%6F%75%6E%74=%66%69%63%6B%65%6E&amp;%64%6F%6D%61%69%6E=%61%6B%74%71%69%72%6C%2E%63%6F%6D&amp;%61%63%74%69%6F%6E=%6C%6F%6F%6B%75%70&amp;u=https%3A%2F%2Fperfectmoney.is%2F,Malicious,
http://dudleyfile-doc.dromedarisagencies.com/NEW_DIALOGUE/dipasteurkan/dihomogenkan/,Malicious,
http://dudleyfile-doc.dromedarisagencies.com/NEW_DIALOGUE/dipasteurkan/dihomogenkan/file_doc.php?l=_JeHFUq_VJOXJoGYDw_OXK0K0QWHtoGYDw_Product-UserID,Malicious,
http://ww.contactscorp.com/Dir/WebHosting/YahooMail/email.html,Malicious,
http://ww.ispscorp.com/Dir/WebHosting/YahooMail/email.html,Malicious,
http://mail.software-corp.com/Dir/WebHosting/YahooMail/email.html,Malicious,
http://stkipsetiabudhi.ac.id/library/lib/lang/locale/Kolex/index.htm,Malicious,
http://mx1.fun-corp.com/Dir/WebHosting/YahooMail/email.html,Malicious,
http://thechrisomatic.com/properties,Malicious,
http://thechrisomatic.com/properties/,Malicious,
http://gminairodzina.pl/wp-content/themes/g_doc/g_doc/,Malicious,
http://lockingshields.org/wp-content/themes/private/,Malicious,
http://lockingshields.org/wp-content/themes/private/?,Malicious,
http://gminairodzina.pl/wp-content/themes/g_doc/g_doc/file_doc.php,Malicious,
http://gminairodzina.pl/wp-content/themes/g_doc/g_doc/file_doc.php?l=_JeHFUq_VJOXJoGYDw_OXK0K0QWHtoGYDw_Product-UserID&amp;userid_JeHJOXK0IDw_JOXK0IDD&amp;userid,Malicious,
http://gminairodzina.pl/wp-content/themes/g_doc/g_doc/file_doc.php?l=_JeHFUq_VJOXJoGYDw_OXK0K0QWHtoGYDw_Product-UserID&userid_JeHJOXK0IDw_JOXK0IDD&userid=,Malicious,
http://gminairodzina.pl/wp-content/themes/g_doc/g_doc/index.php,Malicious,
http://iphonegeek.me/instructions/dlya-chajnikov/235-apple-id-3-sposoba-sozdaniya-uchetnoy-zapisi-apple-cherez-itunes-neposredstvenno-s-iphone-i-bez-kreditnoy-karty.html,Malicious,
http://rthomasphotography.com/~rthomasp/ac/asb/asb/index.php,Malicious,
http://vin-italy.com/fred/Index.html,Malicious,
http://vin-italy.com/Mary/Index.html,Malicious,
http://toquitoshow.com/googledriveo/googledriveo/googledriveo/,Malicious,
http://toquitoshow.com/googledriveo/googledriveo/googledriveo,Malicious,
http://toquitoshow.com/investment/investment/investment/,Malicious,
http://toquitoshow.com/investment/investment/investment,Malicious,
http://argesogutma.com/acctermination00.html,Malicious,
http://grupocontableasesores.com/Connections/loginAlibaba.php,Malicious,
http://grupocontableasesores.com/Connections/loginAlibaba.php?userid=abuse@partyflops.com,Malicious,
http://gminairodzina.pl/newpp/index.htm,Malicious,
http://gminairodzina.pl/wp-content/themes/g_doc/g_doc/file_doc.php?l=_JeHFUq_VJOXJoGYDw_OXK0K0QWHtoGYDw_Product-UserID&amp;userid_JeHJOXK0IDw_JOXK0IDD&amp;userid=,Malicious,
http://ciervos.cl/Ads/google/index.php.htm,Malicious,
http://msw8r99ij3.site.aplus.net/newdoc,Malicious,
http://avantiklima.com/y7nw.htm,Malicious,
http://serviciodecorreo001040.tripod.com/serv1/,Malicious,
http://url7.me/mwVk1,Malicious,
http://chateau-de-crevecoeur.com/en/coord.php,Malicious,
http://tomlawton.com/wp-content/uploads/2012/10/dropbox.htm,Malicious,
http://autopalmeira.com.br/components/com_users/logon.asp.htm,Malicious,
http://paypal2112.ucoz.com/,Malicious,
http://w107fm.com/wp-admin/css/web/bt.com/clients/index.html,Malicious,
http://request30.persiangig.com/yaoo.htm,Malicious,
http://farieinvestments.com/invest.shtml,Malicious,
http://argesas.com/cgi-it/xfile.php?ebay.it,Malicious,
http://globaltradeinc.yolasite.com/contact.php,Malicious,
http://flashwand.com/redirect.paypal.com.transaction-B3A3229A.703707052013/d41d8cd98f08ecf8427e1a0b204e9800998ecff44c4e7623dec8427e1a1e63691308f2f44c4e7623deca4c2f6983f28ecf8427e1a8f44c4e7623dec80d32e29c84023a56f44c4e7623dec4a9a9300/13,Malicious,
http://happinesshouses.com/images/digits/pdf/,Malicious,
http://happinesshouses.com/images/digits/pdf,Malicious,
http://98.139.237.209/search/srpcache?p=paypal+account&ei=UTF-8&fr=ipad&u=http://cc.bingj.com/cache.aspx?q=paypal+account&d=4678023923565710&mkt=en-GB&setlang=en-GB&w=FKG6WAxd7CFPUeBdddVABUzB_wT6vQei&icp=1&.intl=uk&sig=g4NhZFtVbKjYv8m1DhRfww--,Malicious,
http://urb-bearings.ro/GoogleDoc/,Malicious,
http://granitosmonteiroecunha.com/produtos/index.html,Malicious,
http://shaktihomeja.com/g_doc/file_doc.php?l=_JeHFUq_VJOXJoGYDw_OXK0K0QWHtoGYDw_Product-UserID,Malicious,
http://homeofhorsepower.co.uk/wp-content/plugins/maintenance-mode/GW/Onlinetransfercocnfirmation/confirmation.htm,Malicious,
http://organizasyonrehberi.net/homes.php,Malicious,
http://pmmonlinemarketingsystem.com/prefix/g_doc/file_doc.php,Malicious,
http://tuliinternational.com/js/boa/boa.html,Malicious,
http://cinarcamobilya.com/js/nomes.html,Malicious,
http://yunali.gtacomputer.com/view11.html,Malicious,
http://action-entreprises.net/house/purchase/,Malicious,
http://3designcenter.com/blog/wp-includes/images/media/other/,Malicious,
http://3designcenter.com/blog/wp-includes/images/media/other,Malicious,
http://3designcenter.com/blog/wp-includes/css/other/,Malicious,
http://rentafacil.net/clients/bb-library/Box/css/products/viewer.php,Malicious,
http://rabbitfoodrocks.com/wp-includes/pomo/login.jsp.htm,Malicious,
http://cheesetreason.com/wp-content/plugins/forms.asp.htm,Malicious,
http://rhyzrin.com/zop7ie3nq,Malicious,
http://xn----7sbk8affkahdc3a.xn--p1ai/wp-includes/ID3/cas.htm,Malicious,
http://purbox.com/skin/frontend/base/default/css/clickcsscs/index.html,Malicious,
http://movingmind.org/onyourleft/wp-includes/pomo/www.alibaba.com/login.jsp.htm,Malicious,
http://88.181.153.66/webcalendar/docs/taxe/,Malicious,
http://cache.nebula.phx3.secureserver.net/obj/Mzk5OTQ3REVCMjI0QkYyRTk1Mzc6MjE5YTY0MjQ4Y2U5NjBkODIzMTU5OGQwNzY3YjQwMzQ6Ojo6,Malicious,
http://mr-concept.pl/ire/goog.com/googledocs1/index.html,Malicious,
http://88.181.153.66/webcalendar/docs/taxe/index.htm,Malicious,
http://emcworld.tv/video/etc/ex.html,Malicious,
http://govtartscollege.com/wp-includes/aolmember/index.htm,Malicious,
http://thevenuefairhope.com/wp-content/themes/news/includes/postepay/ppay.htm,Malicious,
http://tekniktesisat.com.tr/highslide/graphics/Gdrive/Gdrive/googledrv/ServiceLogin,Malicious,
http://tekniktesisat.com.tr/highslide/graphics/Gdrive/Gdrive/googledrv/ServiceLogin/,Malicious,
http://emcworld.tv/html/Documents/,Malicious,
http://195.110.149.220/recordings/includes/cr/update/user/,Malicious,
http://3designcenter.com/blog/wp-includes/js/jcrop/other,Malicious,
http://3designcenter.com/blog/wp-includes/js/jcrop/other/,Malicious,
http://segurosyfianzas.org/ji/docss/contactform.php,Malicious,
http://rabbitskins.com.ua/cache/mod_rokslideshow/,Malicious,
http://gloryholesecrets.com/v1/paypal/,Malicious,
http://solmoe.co.kr/solmoe_system/data/005_board/ncb/Retail.htm,Malicious,
http://3designcenter.com/blog/wp-content/plugins/all-in-one-seo-pack/other,Malicious,
http://red-apple.it/ajax/email/ii.php,Malicious,
http://3designcenter.com/blog/wp-content/themes/twentyfourteen/images/other/,Malicious,
http://3designcenter.com/blog/wp-content/themes/twentyfourteen/images/other,Malicious,
http://Orangedj.com/match,Malicious,
http://condramagee.com/wp-content/uploads/2012/10/Login.php,Malicious,
http://cantegrilfase2.com.br/validacao/test/upgradeOnusaa/,Malicious,
http://3designcenter.com/blog/wp-admin/css/colors/light/other,Malicious,
http://proice.com.ua/tmp/images/zimbramail.1134-1662-10787-0833-14345=3490498.php,Malicious,
http://cornerstonebibleinstitute.com/wp-includes/images/media/billingcenter/update/information/logon/update.php,Malicious,
http://ellosustentavel.com.br/bin/login.php,Malicious,
http://3designcenter.com/blog/wp-admin/network/other,Malicious,
http://moscolesa.ru/yandex42c3ea1871c7342c.html,Malicious,
http://3designcenter.com/blog/wp-admin/maint/other/,Malicious,
http://3designcenter.com/blog/wp-admin/maint/other,Malicious,
http://hotdamchili.com/ver4.php,Malicious,
http://industrialtyrelcompany.net63.net/weblogin.html,Malicious,
http://appdea.org/galleryimages/stdc.html,Malicious,
http://ex.mabushost.com/secure_file/2013googledocs,Malicious,
http://airvacsup.com.au/bbacs/Doc/Google%20Docs.htm,Malicious,
http://66.55.106.7/,Malicious,
http://kirdugunu.com.tr/plugins/drag,Malicious,
http://fpse.cros.ro/wp-admin/includes/xoxoxox/isles.htm,Malicious,
http://3designcenter.com/blog/wp-includes/js/other/,Malicious,
http://tesaturitextile.ro/modules/mod_feed/Dropbox.htm,Malicious,
http://zspro.ru/images/doc/doc2014/index.php,Malicious,
http://leadingforlife.com/wp-content/plugins/zcnolnuoion/1271424007/de-34136426436,Malicious,
http://bacfs.com.au/lance/webcloud/googled/,Malicious,
http://charoensiri.com/data/topics/ppp/066508cb8364493ad6d616d941c3b536,Malicious,
http://interweaveservices.com/mm/forsale/gdoc2014/google,Malicious,
http://philhomebuilders.com/wordpress/wp-admin/css/database/OnlineTTcopy.htm,Malicious,
http://bogdanobradovic.com/components/com_newsfeeds/views/newsfeed/tmpl/update/css,Malicious,
http://bogdanobradovic.com/components/com_newsfeeds/views/newsfeed/tmpl/update/css/,Malicious,
http://experimentaloikos.com/xqx9nzroeg,Malicious,
http://interweaveservices.com/mm/forsale/gdoc2014/google/index.htm,Malicious,
http://interweaveservices.com/mm/forsale/gdoc2014/google/,Malicious,
http://51mct.com/js/?ref=http://rwqvszdus.battle.net/d3/en/index,Malicious,
http://todayfreearticles.com/paypal.com/login/3193d96bd8d012a7567e701c13d7e8a9,Malicious,
http://todayfreearticles.com/paypal.com/login/143d334d09a464c9329da91d1ff6cc7d/,Malicious,
http://thuiskapster.nl/wp-content/plugins/wordpress-seo/js/index.php,Malicious,
http://cheesetreason.com/wp-includes/css/forms.asp.htm,Malicious,
http://sapl.com.hk/swfobject/expressinstall/33f7d807e5bef6bfb55e9161a2a2909f,Malicious,
http://fotobooph.com/wp-includes/css/dec.html,Malicious,
http://clicktshirtprinting.co.uk/images/cimbclicks.com.my/process.html,Malicious,
http://kirdugunu.com.tr/plugins/drag/,Malicious,
http://southerngradinginc.com/notice/notice/,Malicious,
http://southerngradinginc.com/notice/notice,Malicious,
http://bernardjeu2010.free.fr/images/stories/Secure/Login.html,Malicious,
http://lienzosanto.com/wp-content/upgrade/.1gtr.php,Malicious,
http://sweengardner.com/cool/index2.php,Malicious,
http://kirdugunu.com.tr/plugins/drag/index.htm,Malicious,
http://totalpiping.com/lib/index.html,Malicious,
http://latos.co.kr/js/erusr/united/ep/meniu1.htm?theinfored=2718ad761726asdg12765asd7612jgasd87612,Malicious,
http://zzb.bz/KseJS,Malicious,
http://chefdongazz.com/ddocs/ddocs/ddocs/index.htm,Malicious,
http://casaonline.ro/emails/accupgrade/owa/,Malicious,
http://click.emkt-uolhost.com/?ju=fec312777664027b&amp;ls=fe2511797461007b771175&amp;m=fe831272726d0d7b70&amp;l=fef91378746105&amp;s=fe2a15727061077c701c77&amp;jb=ffcf14&amp;t=,Malicious,
http://click.emkt-uolhost.com/?ju=fec312777664027b&amp;ls=fe2211797462037f711679&amp;m=fe831272726d0d7b70&amp;l=fef91378746105&amp;s=fe30157270610d79761571&amp;jb=ffcf14&amp;t=,Malicious,
http://click.emkt-uolhost.com/?ju=fec312777664027b&ls=fe2c11797764077c7d1774&m=fe831272726d0d7b70&l=fef91378746105&s=fe29157270620c7f731272&jb=ffcf14&t=,Malicious,
http://lastech.com.br/Infracao.html,Malicious,
http://homespottersf.com/sing/googledocs1,Malicious,
http://aceplansmuebles.com/v2/language/fa-IR/other/,Malicious,
http://aceplansmuebles.com/v2/language/fa-IR/other,Malicious,
http://trinityenergy.com/plugins/user/-/MSDHFO43NASDFJ745-062200928409.html,Malicious,
http://trinityenergy.com/media/system/-/MSDHFO43NASDFJ745-062200928409.html,Malicious,
http://friendandcoach.com/wp-includes/images/wlw/doc252634536/,Malicious,
http://bukfa.hu/2014/,Malicious,
http://friendandcoach.com/wp-includes/images/wlw/doc252634536/index.php,Malicious,
http://contactocomm.net/base/_vti-bin/cas_log_check/wemail.sfr.fr/cas.php?clicid=13698&amp;default=077a4ffa8361539c5e2c0bd0227beaa0,Malicious,
http://contactocomm.net/base/_vti-bin/cas_log_check/wemail.sfr.fr/cas.php?clicid=13698&amp;default=6a5279e9170e3680b35b0b0185e6a8ee,Malicious,
http://bukfa.hu/paypal-validation2014,Malicious,
http://bukfa.hu/paypal-validation2014/,Malicious,
http://silvanajoyeria.cl/components/com_content/perry/mail.html,Malicious,
http://spotsys.net.br/OpSpA.html,Malicious,
http://kouvaria.gr/catalog/view/supermenu/png/%20Atlas%20Trading%20%26%20Contruction%20LLc.htm,Malicious,
http://truvo.ie/wp-admin/jejelaye.asp.htm,Malicious,
http://ukrvescom.com/wp-content/uploads/2010/12/login.php,Malicious,
http://ppajakim.com/v2/modules/mod_login/sfr.fr/mon-espace-client/sfr/cas.php?clicid=13698,Malicious,
http://calendarcustommade.com/wp/wp-content/uploads/2014/06/googledoc/GoogleDocs.htm,Malicious,
http://okmum.com/bbs/data/formm.html,Malicious,
http://ppajakim.com/v2/modules/mod_login/sfr.fr/mon-espace-client/sfr/cas.php?clicid=13698&amp;default=69f2d3e29ee0ebcf78d4a0c1a6070542,Malicious,
http://sapl.com.hk/swfobject/expressinstall/461b2f2732b1f0da7ad618985800356f,Malicious,
http://frbe.billjohnbaker.com/prive/locked/index.html,Malicious,
http://boaoceramics.com.vn/z_modules/ppsecured/freshest/Alex/ipadphone/ipadi/Docs.htm,Malicious,
http://tuliinternational.com/js/newdir/info.html,Malicious,
http://chefdongazz.com/ddocs/ddocs/ddocs/,Malicious,
http://chefdongazz.com/ddocs/ddocs/ddocs,Malicious,
http://arqmdiaz.com.ar/wp-content/Gdrive/Gdrive/googledrv/ServiceLogin,Malicious,
http://human.ba/components/com_madmenu/stat/index.htm,Malicious,
http://96.0.139.22/images/stories/food/Science.html,Malicious,
http://imajicommunications.com/wp-content/documentation,Malicious,
http://imajicommunications.com/wp-content/documentation/,Malicious,
http://victorcoiffure.be/backupsoko/avantapres/babaadugbo.php,Malicious,
http://zavtrakturista.com/images_user/35/yahoo/yahoo.htm,Malicious,
http://lovingiceland.com/madeinchina/verify/check/index_cn.html,Malicious,
http://heinzreber.net/homeflash1.html,Malicious,
http://micro-sales.co.uk/cf.htm,Malicious,
http://memo-extend.ro/wp-admin/gmail.web.htm,Malicious,
http://jocuristiva.ro/geoip/error.php,Malicious,
http://agatagioielli.it/components/com_wrapper/views/wrapper/tmpl/made-in-china.html,Malicious,
http://imajicommunications.com/wp-content/documentation/index.htm,Malicious,
http://prdc.org.np/FR/,Malicious,
http://celesta.primahoster.nl/archivejournal/css/,Malicious,
http://0576tz.com/js/?ref=http://howacewus.battle.net/d3/en/index&amp;app=com-d3,Malicious,
http://sedec.ca/4986432-3D-Video/,Malicious,
http://sedec.ca/4986432-3D-Video,Malicious,
http://sedec.ca/3D-Loaded-Videos/,Malicious,
http://sedec.ca/3D-Loaded-Videos,Malicious,
http://kf25zx.com/images/?ref=http://xcqdlhtus.battle.net/d3/en/index&amp;app=com-d3,Malicious,
http://kf25zx.com/images?ref=http://xcqdlhtus.battle.net/d3/en/index&amp;app=com-d3,Malicious,
http://comiteanimcardroc.free.fr/cache/index.php,Malicious,
http://millenniumpowersystems.com/prestagen/modules/feeder/seguro/login.php?=0WJ7415KM8A52534OPLWO9X0BG7I9JY5GHBKIF66NG0OKCS92D6QL3ZWI7FQPDV7U8RCNWIACRZW4R665,Malicious,
http://sciareascanno.it/img/common/2009_YAMAHA_YZF-R6_600_SUPER_NICE_EXTRA_CLEAN_FULL_EXHAUST_EXTRAS/28c8edde3d61a0411511d3b1866f0636/,Malicious,
http://sciareascanno.it/img/common/2009_YAMAHA_YZF-R6_600_SUPER_NICE_EXTRA_CLEAN_FULL_EXHAUST_EXTRAS/,Malicious,
http://rainbow-six3.com/wp-admin/maint/,Malicious,
http://vespasites.com/googledoc/,Malicious,
http://117.79.130.202/wp-includes/js/jquery/ui/jquery.effects.clip.min.js.php,Malicious,
http://erwingriemink.com/wordpress/wp-content/upgrade/quotation/quotations.htm,Malicious,
http://ramtajogi.com/Remax,Malicious,
http://ramtajogi.com/Remax/,Malicious,
http://ramtajogi.com/Remax/index.html,Malicious,
http://panliang.net/wp-admin/data/index.htm,Malicious,
http://lisarobins.com/migre.html,Malicious,
http://pokovok.net/components/com_content/views/article/tmpl/Fabulox.html,Malicious,
http://amh.ro/verify.php,Malicious,
http://amh.ro/index.htm,Malicious,
http://cristian-daniel.ro/wp-content/update/,Malicious,
http://arqmdiaz.com.ar/sym/indexxx.php,Malicious,
http://seolancers.com/wp-includes/js/jquery/www.wellsfargo.com.php,Malicious,
http://203.106.226.91/Login/lgn_new.aspx,Malicious,
http://simonkagyorgy.hu/wp-content/languages/forms.asp.htm,Malicious,
http://argentinamotorhomes.com.ar/blessed.php,Malicious,
http://arqmdiaz.com.ar/wp-content/Gdrive/Gdrive/googledrv/ServiceLogin/,Malicious,
http://mwtra.co.uk/mwtra/.s/index.html,Malicious,
http://sedaremirates.com/modules/statistics/New%20Yahoo/New%20Yahoo/,Malicious,
http://hscplus.com.au/newgdoc/index.php,Malicious,
http://deltatrakchina.com.cn/appleid/,Malicious,
http://investorrelations.hk/document/gdocs/index.htm,Malicious,
http://gruppobiesse.it/components/com_wrapper/jan.php,Malicious,
http://conasida.org.sv/cli/th/data/nw/getproductrequest.htm,Malicious,
http://rspctapparel.com/googledoc/,Malicious,
http://laihuily.com/Item/,Malicious,
http://toldosuniao.com.br/wp-admin/user/wp-config/user/config.inc,Malicious,
http://investorrelations.hk/Publicity/gdocs/index.htm,Malicious,
http://investorrelations.hk/foundation/gdocs/index.htm,Malicious,
http://goo.gl/wpOCYm,Malicious,
http://izdeharalbasrah.com/wp/Ordersheet/weblogin.html,Malicious,
http://maokimsean.com.kh/upload/banner/Yahoo%21Mail.htm,Malicious,
http://cntsiam.com/components/com_user/update_accessuswebscrcmd%3D_login-update%26login_cmd%3D_login-done%26login_access%3D1172002801/index.htm,Malicious,
http://cntsiam.com/components/com_user/update_accessuswebscrcmd=_login-update&login_cmd=_login-done&login_access=1172002801/index.htm,Malicious,
http://smelltheglove.ca/wp-content/doc,Malicious,
http://smelltheglove.ca/wp-content/doc/,Malicious,
http://aic2012.org/wp-admin/js/2013gdocs/index.htm,Malicious,
http://aic2012.org/wp-includes/pomo/2013gdocs/index.htm,Malicious,
http://sollitel.com/index3.php,Malicious,
http://aol.mountdoracandy.com/account/aol/index.htm,Malicious,
http://smelltheglove.ca/wp-content/doc/index.htm,Malicious,
http://zea-ya.net/doc/,Malicious,
http://prohigieneambiental.cl/wp-content/googledocs,Malicious,
http://prohigieneambiental.cl/wp-content/googledocs/,Malicious,
http://cheesemaking.ru/gallery/index.php,Malicious,
http://mieorganizasyon.com/imagine/googledoc2/index.htm,Malicious,
http://prohigieneambiental.cl/wp-content/googledocs/index.htm,Malicious,
http://zerno.de/ira/,Malicious,
http://gopal.se/microsoft-esupport-online-email-verification-validation-web-form.php,Malicious,
http://ciscoaerials.com/wp-content/uploads/2013/index.html,Malicious,
http://prirodnikamen.in.rs/moncomptes/comptes/,Malicious,
http://prirodnikamen.in.rs/moncomptes/comptes,Malicious,
http://lucas-bar.cl/Scripts/wells2/index.html,Malicious,
http://conasida.org.sv/cli/th/data/getproductrequest.htm,Malicious,
http://wp5.com.br/logs/Googledrive,Malicious,
http://wp5.com.br/logs/Googledrive/,Malicious,
http://portraitsbymbarrera.com/server/2014gdocs/serve/googole.mail/,Malicious,
http://portraitsbymbarrera.com/sound/googole.mail/,Malicious,
http://portraitsbymbarrera.com/sound/googole.mail/index.htm,Malicious,
http://portraitsbymbarrera.com/server/2014gdocs,Malicious,
http://portraitsbymbarrera.com/sound/server/googole.mail,Malicious,
http://adel.aceqr.co.kr/myvodafone/vodafone_online-update.html,Malicious,
http://atomy.aceqr.co.kr/vodafoneshop/important_security_update.html,Malicious,
http://binhtri.com/menu_css/NGdocs/Login.html,Malicious,
http://conasida.org.sv/epaper/giapmoviles/gmt/getproductrequest.htm,Malicious,
http://conasida.org.sv/administrator/help/gmt/getproductrequest.htm,Malicious,
http://portraitsbymbarrera.com/server/2014gdocs/,Malicious,
http://clearpointcenter.com/business-investment/index.htm,Malicious,
http://archersnigeria.com/A/NICE/,Malicious,
http://ex.mabushost.com/secure_file/2013googledocs/,Malicious,
http://terbish.com/sharedfile/googledocs,Malicious,
http://tkl.by/plugins/search/gdocs2014,Malicious,
http://ria-party.ru/editor/GoPlay/Docs,Malicious,
http://tkl.by/plugins/search/gdocs2014/,Malicious,
http://arturana.com/classica/vivaldi/sp/wml.php,Malicious,
http://verusados.com.ar/pigre/doc/,Malicious,
http://verusados.com.ar/pigre/doc,Malicious,
http://squitoey.net/images/matrox/Google.com/document/,Malicious,
http://squitoey.net/images/matrox/Google.com/document,Malicious,
http://cctrubiak.com/wealthmanagement/,Malicious,
http://cctrubiak.com/wealthmanagement,Malicious,
http://becleantoday.com/wp-excludes,Malicious,
http://hopesos.com/secureview/paypal2013,Malicious,
http://top-rankedmarketing.com/imagesworknewdocpluginsimages/2014gdocs/index.htm,Malicious,
http://remax.com.believeyourheart.com/remax,Malicious,
http://bbt.zqkf.cc/introduce/qiaokeli/dierlei/2013/0906/js/home/htm/cadastro/portalcopa/cielo/?Cadastros,Malicious,
http://bjcurio.com/js/index.htm?ref=http://yrwzpylus.battle.net/d3/en/index,Malicious,
http://bjcurio.com/js/index.htm?http://us.battle.net/login/en/?ref=http://luczompus.battle.net/d3/en/index&amp;app=com-d3,Malicious,
http://shshide.com/js/?amp,Malicious,
http://paypal.com.cgi-bin-webscr-cmd-login-submit-dispatch-536616.91b74153fa801d2179.42.f7319.599hpa2931315cf1b2a6612a663.d58.2f7415faee8864f1b2a6616.937c885d8.0a8e26ee8d19.5a63.df179494.85d88.0885d8.0a8e26ee8dcf1b7415cd.d3.ghak.com/limit-id=85/your-account/updating/uptodate/,Malicious,
http://kf25zx.com/images/?ref=http%3A%2F%2Fuivaywyus.battle.net%2Fd3%2Fen%2Findex&amp;app=com-d3,Malicious,
http://kf25zx.com/images/?ref=http%3A%2F%2Falvtdlkus.battle.net%2Fd3%2Fen%2Findex&amp;app=com-d3,Malicious,
http://kf25zx.com/images/?ref=http%3A%2F%2Fxcqdlhtus.battle.net%2Fd3%2Fen%2Findex&amp;app=com-d3,Malicious,
http://kf25zx.com/images/?ref=http%3A%2F%2Fecqjbmeus.battle.net%2Fd3%2Fen%2Findex&amp;app=com-d3,Malicious,
http://kf25zx.com/images?ref=http%3A%2F%2Fxcqdlhtus.battle.net%2Fd3%2Fen%2Findex&amp;app=com-d3,Malicious,
http://joeknowsgayporn.com/aol.com/update.htm,Malicious,
http://okbooks365.com/img/?https://secure.runescape.com/m=weblogin/loginform.ws?mod=www&amp;gwyhsupamp;ssl=0&amp;dest,Malicious,
http://okbooks365.com/img/?https://secure.runescape.com/m=weblogin/loginform.ws?mod=www&amp;ezijakcamp;ssl=0&amp;dest,Malicious,
http://sdsaibo.com/Img/?https://secure.runescape.com/m=weblogin/loginform.ws?mod=www&amp;ztwryrqamp;ssl=0&amp;dest,Malicious,
http://mairie-muret.fr/sites/default/files/imagefield_default_images/uni-1.html,Malicious,
http://bjcurio.com/js/index.htm?ref=http://qdfkpgqus.battle.net/d3/en/index,Malicious,
http://bjcurio.com/js/index.htm?ref=suzipxjus.battle.net/d3/en/index,Malicious,
http://bjcurio.com/js/index.htm?ref=http%3A%2F%2Fhxxp:%2Ffwhszkgus.battle.net%2Fd3%2Fen%2Findex&amp;app=com-d3,Malicious,
http://bjcurio.com/js/index.htm?ref=http%3A%2F%2Fcturjxaus.battle.net%2Fd3%2Fen%2Findex&amp;app=com-d3,Malicious,
http://bjcurio.com/js/index.htm?ref=http%3A%2F%2Fwndyvfpus.battle.net%2Fd3%2Fen%2Findex&amp;app=com-d3,Malicious,
http://smarturl.it/a-x2,Malicious,
http://gruppobiesse.it//components/com_wrapper/jan.php,Malicious,
http://schemislitsa.by/%7Eschemisl/google.com/2013gdocs/,Malicious,
http://soar2successnow.com/wp-includes/sendspace/login.htm,Malicious,
http://hallocaro.de/consult/,Malicious,
http://0576tz.com/js/?ref=http%3A%2F%2Fcynvxxlus.battle.net%2Fd3%2Fen%2Findex&amp;app=com-d3,Malicious,
http://photo.hbpopular.com/memberinfo/aol_update.php,Malicious,
http://alturl.com/gyzoq,Malicious,
http://bellastyledesign.com/wp-content/themes/ebay.com/au/eBayChange,Malicious,
http://88.208.236.66/abuse%40gmx.at,Malicious,
http://improbus.ro/clearance/index.htm,Malicious,
http://bartlettlandscapespray.com/orlando/gdocs/index.htm,Malicious,
http://ristorantedafoffo.it/uk/Natwest-Card/0f27d5593061bce98c0023c13e6baf9a/,Malicious,
http://ristorantedafoffo.it/uk/Natwest-Card/17158f6655ddbbc8bc73f2062a7142a3,Malicious,
http://helpdeskemailtechnicalserdsk.tripod.com/helpdeskhtml/,Malicious,
http://geotextile.ge/tmp/2013googledocs/,Malicious,
http://96.0.139.22/administrator/help/en-GB/Science.html,Malicious,
http://geotextile.ge/tmp/docss/Login.html,Malicious,
http://soli-pompeiopolis.com/googledocument,Malicious,
http://ganmicha.org/wp-content/plugins/Imailer/tmpyoutube.php?dgzyypgydb1714ft,Malicious,
http://pzsnow.com.pl/gamblin/wp-admin/includes/natwest.com/index.html,Malicious,
http://cch.or.kr/board/data/member/index.html,Malicious,
http://cfremaux60.free.fr/lafrogcompagnie/libraries/tcpdf/google.doc.html,Malicious,
http://chokolemon.com/Remax/Secure%20Login.html,Malicious,
http://203.124.102.142/ssl/sicredi/sicredi/psmlId/31/paneid/index.html,Malicious,
http://dasyt.ch/personal/paypal.htm,Malicious,
http://i-m.co/verification/helpdesk/,Malicious,
http://odn.ro/Images/gogdocs,Malicious,
http://service-skype.com/clients.php,Malicious,
http://fundacionhenrydunant.org/img/GDBEL/index.php.htm,Malicious,
http://pegaso.anahuac.mx/idearse/images/stories/suntrust/index.html,Malicious,
http://davelog.com/mirror/ti83plus.htm,Malicious,
http://i-m.co/account/Upgrade/,Malicious,
http://ftp.lesterandco.com/palermo/sections.js,Malicious,
http://ipregnancyapp.com/movies/images/BIG/2013gdocs/index.htm,Malicious,
http://fundacionhenrydunant.org/homes/CLICK/index.php.htm,Malicious,
http://dinas.tomsk.ru/firebug/?www.paypal.com/uk/cgi-bin,Malicious,
http://tenai.net/images/?ref=http%3A%2F%2Fgotwdsfus.battle.net%2Fd3%2Fen&amp;app=com-d3,Malicious,
http://tenai.net/images?ref=http%3A%2F%2Fgotwdsfus.battle.net%2Fd3%2Fen&amp;app=com-d3,Malicious,
http://cdagro.com/about/lisonce.php?https:/www.paypal.com/webapps/mpp,Malicious,
http://hanhai-clean.cn/js/?ref=http%3A%2F%2Fyfvgqexus.battle.net%2Fd3%2Fen&amp;app=com-d3,Malicious,
http://hanhai-clean.cn/js?ref=http%3A%2F%2Fyfvgqexus.battle.net%2Fd3%2Fen&amp;app=com-d3,Malicious,
http://i-m.co/team1/helpsdeskadminsupportedu/index.html/,Malicious,
http://clarkes.com.bb/signin.ebay.co.uk.cgi-ebayisap.htm,Malicious,
http://gesdoc.com.br/wp-includes/hongleongnew/index.htm,Malicious,
http://paypalx.e-monsite.com/,Malicious,
http://guanirama-afirgud.com/logs/,Malicious,
http://guanirama-afirgud.com/logs,Malicious,
http://guanirama-afirgud.com/logs/index.html,Malicious,
http://transsiberiantrains.co.uk/wp-content/themes/responsive/js-dev/fr_FR/scr.php?cmd=53026&dispatch=9a1800372a67cc703a34a0a4848c1e3a,Malicious,
http://wantyoutube.com/alter/gateways1_eu.htm,Malicious,
http://heartwoodflooring.com.au/language/https-_/nao_tem_preco_mastercard2014/ambiente-seguro,Malicious,
http://heartwoodflooring.com.au/language/https-_/nao_tem_preco_mastercard2014/ambiente-seguro/,Malicious,
http://aofonds.nl/ThursJan23.2/index.htm,Malicious,
http://cayca.cl/Images/DOC/google/index.php.htm,Malicious,
http://paypalsecurity.com.cy.cgi-bin.webscr.cmd.login-submit.dispatch.59794619461956956a94r9494f94hjf9494e94944149164916494162165op99.sneezin.com/security.com.cy.cgi-bin.webscr.cmd.login-submit.dispatch.59794619461956956a94r9494f94hjf9494e94944149164916494162165/security.com.cy.cgi-bin.webscr.cmd.login-submit.dispatch.59794619461956956a94r9494f94hjf9494e94944149164916494162165/,Malicious,
http://paypalsecurity.com.cy.cgi-bin.webscr.cmd.login-submit.dispatch.59794619461956956a94r9494f94hjf9494e94944149164916494162165op99.sneezin.com/security.com.cy.cgi-bin.webscr.cmd.login-submit.dispatch.59794619461956956a94r9494f94hjf9494e94944149164916494162165/security.com.cy.cgi-bin.webscr.cmd.login-submit.dispatch.59794619461956956a94r9494f94hjf9494e94944149164916494162165,Malicious,
http://paypalsecurity.com.cy.cgi-bin.webscr.cmd.login-submit.dispatch.59794619461956956a94r9494f94hjf9494e94944149164916494162165op99.sneezin.com/security.com.cy.cgi-bin.webscr.cmd.login-submit.dispatch.59794619461956956a94r9494f94hjf9494e94944149164916494162165/security.com.cy.cgi-bin.webscr.cmd.login-submit.dispatch.59794619461956956a94r9494f94hjf9494e94944149164916494162165/index1.php,Malicious,
http://agent100.ru//wp-content/languages/document/index.htm,Malicious,
http://turbaza73.ru/Google_docx/2013gdocs/index.htm,Malicious,
http://praneeta.com/wp-includes/images/smilies/index.htm,Malicious,
http://barrichello.com.cn/images/,Malicious,
http://cdagro.com/about/lisonce.php?https:/www.paypal.com/webapps/mpp/,Malicious,
http://0s.or3ws5dumvzc4y3pnu.drgo.ru/signup,Malicious,
http://0s.or3ws5dumvzc4y3pnu.mbway.ru/signup,Malicious,
http://0s.or3ws5dumvzc4y3pnu.xwerty.ru/signup,Malicious,
http://bukfa.hu/sss/websc,Malicious,
http://bukfa.hu/s/websc/update.php,Malicious,
http://cnhedge.cn/js/index.htm?ref=http%3A%2F%2Fxvekwvbus.battle.net%2Fd3%2Fen%2Findex&amp;app=com-d3,Malicious,
http://cnhedge.cn/js/index.htm?ref=http%3A%2F%2Fkgbbqieus.battle.net%2Fd3%2Fen%2Findex&amp;app=com-d3,Malicious,
http://leanita.com/store/images/sierra/export.php,Malicious,
http://tjsmarket.com/config-web/index_login.htm,Malicious,
http://chinafixture.com/common/css/index.htm,Malicious,
http://chinafixture.com/images/banner/index.htm,Malicious,
http://xn--yeilkkocukevi-ngb7t35dea.com/wp-content/uploads/login.html,Malicious,
http://bigjoesbiker-ringe.com/tact/googledocss/sss/index.htm,Malicious,
http://megalita.com.mx/administracion/modulos/banner/data/?id=1,Malicious,
http://zskaterinky.cz/libraries/joomla/environment/rc1BANK_SLIP4r.html,Malicious,
http://wellnessrevealed.com/wow/wp-content/themes/2487486245/15474352342355/,Malicious,
http://zskaterinky.cz/libraries/phpinputfilter/Yahoo.html,Malicious,
http://tristatekarate.net/pay.html,Malicious,
http://swedinvest.eu/copyvision/index.php,Malicious,
http://belais.by/data/editor/Image/google/index.htm,Malicious,
http://sahinlercnc.com/google/index.htm,Malicious,
http://aluminioyvidriosjimmy.com/Wellmanagegent/doc/file.index.htm,Malicious,
http://ns.act-secure.com/icons/redirect.htm,Malicious,
http://https.www.paypal.com.uk-cgi-bin.webscr.cmd-login-submit-dispatch.0af7806a38a1ba9d9cbac36ad9aeda70e1c.0d0146638fd6ae870e1c044a751271270af789147127071270af7af7806a23.a826112891471270af7807512891471270.givemefollowers.com/PP/PP/websc,Malicious,
http://https.www.paypal.com.uk-cgi-bin.webscr.cmd-login-submit-dispatch.0af7806a38a1ba9d9cbac36ad9aeda70e1c.0d0146638fd6ae870e1c044a751271270af789147127071270af7af7806a23.a826112891471270af7807512891471270.givemefollowers.com/PP/PP/?cmd=_home&amp;dispatch=588,Malicious,
http://https.www.paypal.com.uk-cgi-bin.webscr.cmd-login-submit-dispatch.0af7806a38a1ba9d9cbac36ad9aeda70e1c.0d0146638fd6ae870e1c044a751271270af789147127071270af7af7806a23.a826112891471270af7807512891471270.givemefollowers.com/PP/PP/?cmd=_home&dispatch=5885d80a13c0db1f8e&ee=8597c729535e6d044f0e91101dcbbb28,Malicious,
http://islanderthemovie.com/scripts/upgrade.html,Malicious,
http://dinas.tomsk.ru/js/?www.paypal.com/uk/cgi-bin/,Malicious,
http://dinas.tomsk.ru/js/?paypal.com/uk/cgi-bin/,Malicious,
http://dinas.tomsk.ru/firebug/?paypal.com/uk/cgi-bin/,Malicious,
http://hxsjj.com/js/?dest&amp;flimgtdssl=0&amp;https://secure.runescape.com/m=weblogin/,Malicious,
http://dinas.tomsk.ru/err/?paypal.ch/ch/cgi-bin/,Malicious,
http://dinas.tomsk.ru/firebug/?www.paypal.com/uk/cgi-bin/,Malicious,
http://hanhai-clean.cn/js/?http://us.battle.net/login/en/?ref=http://yfvgqexus.battle.net/d3/en/,Malicious,
http://zjgsyds.cn/js/?https://secure.runescape.com/m=weblogin/,Malicious,
http://zjgsyds.cn/js/?dest&amp;ubfaqnissl=0&amp;https://secure.runescape.com/m=weblogin/,Malicious,
http://zjgsyds.cn/js/?dest&amp;ehozeyhssl=0&amp;https://secure.runescape.com/m=weblogin/,Malicious,
http://tenai.net/images/?http://us.battle.net/login/en/?ref=http://gotwdsfus.battle.net/d3/en/,Malicious,
http://prankapps.com/wp-content/plugins/akismet/cgi-bin/,Malicious,
http://51mct.com/js/?http://us.battle.net/login/en/?ref=http://rwqvszdus.battle.net/d3/en/,Malicious,
http://51mct.com/js/?http://us.battle.net/login/en/?ref=http://qszrysyus.battle.net/d3/en/,Malicious,
http://51av.biz/wp-content/themes/wpfolio/6532414308/15474352342355/,Malicious,
http://brgsti.com.br/v1/wp-includes/Text/LinkedIn.htm,Malicious,
http://magazine-islam.com/wp-content/languages/themes/twentytwelve-fr.php,Malicious,
http://bluereparation.com/plugins/index.htm,Malicious,
http://avr-comfort.com.ua/images/stories/dom/index.html,Malicious,
http://zjgsyds.cn/js/?dest&amp;ubfaqnissl=0&amp;https://secure.runescape.com/m=weblogin/loginform.ws?mod=www,Malicious,
http://zjgsyds.cn/js/?dest&amp;ehozeyhssl=0&amp;https://secure.runescape.com/m=weblogin/loginform.ws?mod=www,Malicious,
http://hxsjj.com/js/?dest&amp;mmprnxvssl=0&amp;https://secure.runescape.com/m=weblogin/loginform.ws?mod=www,Malicious,
http://bjcurio.com/js/index.htm?app=com-d3&amp;http://us.battle.net/login/en/?ref=http://yjvsvrhus.battle.net/d3/en/index,Malicious,
http://goodlife.com.eg/components/com_user/index.htm,Malicious,
http://gfssecrets.com/st/?www.mastercard.com/chd/personal/de/index.html?WSPL_ID=xdpJgkgo7VFdLNQLIAVmuHNUD6vOvJ-U9PQBjv-qvYjsPBmz9XN-zcWPc2X7FsoPk2hguOAwlf-FDtdd-xGDCPFbSo1UsTXjSrYTrVFFcT5f2xUV4H7ryqyDYOWry4kRMyJ1VfNsqMfQu0qCGkQ56Q&tab=800&doc=/de/gb/hauptnavigation/MasterCard/bereichsgabelseite_mastercard.htm,Malicious,
http://formbuddy.com/cgi-bin/formdisp.pl?u=Twice&amp;f=LLM,Malicious,
http://reniking.com/paypal/script.php,Malicious,
http://207.210.75.138/~siens/dental/Image0025.html,Malicious,
http://aali-rockymtn.org/modules/mod_mainmenu/tmpl/html/,Malicious,
http://ciervos.cl/Index/googledocs/index.html,Malicious,
http://paypal.com.us.cgi.bin.webscr.cmd.login.submit.nicotours.com/Pool=9/,Malicious,
http://paypal.com.us.cgi.bin.webscr.cmd.login.submit.nicotours.com/Pool=2/,Malicious,
http://buyvincy.com/paypal/script.php,Malicious,
http://cupfocsani.ro/templates/,Malicious,
http://dagcilikekipmani.com/catalog/model/SecTeam.htm,Malicious,
http://fn-international.com/sendstudio/login.aspx,Malicious,
http://rare-bg.com/wp-admin/js/login.jsp.php,Malicious,
http://4party.ro/blog/wp-content/plugins/yahool221.php,Malicious,
http://sabrenet.ca/Gmail/gmail.html,Malicious,
http://living4u.80port.net/zb/bbs/skin/doc/file.index.htm,Malicious,
http://marjaharmon.com/blog/content/counter/yahpage/yapage.html,Malicious,
http://dinas.tomsk.ru/js/,Malicious,
http://mg-sh.cn/js/index.htm,Malicious,
http://noisiavision.tv/wp-content/uploads/2012/Trulia/index.htm,Malicious,
http://remax.com.believeyourheart.com/remax/,Malicious,
http://impactasia.ca/tonynews0112.html,Malicious,
http://sdsaibo.com/images?https://secure.runescape.com/m=weblogin/loginform.ws?mod=www&tljiikcamp;,Malicious,
http://sdsaibo.com/images/?https:/secure.runescape.com/m=weblogin/loginform.ws?mod=www&tljiikcamp;,Malicious,
http://pipa.triciaflanagan.com/wp-content/themes/minimalisto/remax/remax/index.htm,Malicious,
http://roz-bud.pl/login/,Malicious,
http://gkjx168.com/images,Malicious,
http://fuxg.com/verify.PayPal.c0m.7/b98d68a798b428991f9a0f6616cfbcb4/a87c9f7493e17b6aaa1b0ff155ce5765/cgi-bin/en/account/login/index.php?cmd=_login-processing&login_cmd=_login-done&login_access=1322350432,Malicious,
http://fuxg.com/verify.PayPal.c0m.8/b98d68a798b428991f9a0f6616cfbcb4/a87c9f7493e17b6aaa1b0ff155ce5765/cgi-bin/en/account/login/index.php?cmd=_login-processing&login_cmd=_login-done&login_access=1322350432,Malicious,
http://fuxg.com/verify.PayPal.c0m.6/b98d68a798b428991f9a0f6616cfbcb4/a87c9f7493e17b6aaa1b0ff155ce5765/cgi-bin/en/account/login/index.php?cmd=_login-processing&login_cmd=_login-done&login_access=1322350432,Malicious,
http://fuxg.com/verify.PayPal.c0m.5/b98d68a798b428991f9a0f6616cfbcb4/a87c9f7493e17b6aaa1b0ff155ce5765/cgi-bin/en/account/login/index.php?cmd=_login-processing&login_cmd=_login-done&login_access=1322350432,Malicious,
http://fuxg.com/verify.PayPal.c0m.3/b98d68a798b428991f9a0f6616cfbcb4/a87c9f7493e17b6aaa1b0ff155ce5765/cgi-bin/en/account/login/index.php?cmd=_login-processing&login_cmd=_login-done&login_access=1322350432,Malicious,
http://fuxg.com/verify.PayPal.c0m.2/b98d68a798b428991f9a0f6616cfbcb4/a87c9f7493e17b6aaa1b0ff155ce5765/cgi-bin/en/account/login/index.php?cmd=_login-processing&login_cmd=_login-done&login_access=1322350432,Malicious,
http://fuxg.com/verify.PayPal.c0m.1/b98d68a798b428991f9a0f6616cfbcb4/a87c9f7493e17b6aaa1b0ff155ce5765/cgi-bin/en/account/login/index.php?cmd=_login-processing&login_cmd=_login-done&login_access=1322350432,Malicious,
http://fuxg.com/verify.PayPal.c0m/b98d68a798b428991f9a0f6616cfbcb4/a87c9f7493e17b6aaa1b0ff155ce5765/cgi-bin/en/account/login/index.php?cmd=_login-processing&login_cmd=_login-done&login_access=1322350432,Malicious,
http://varoslod.hu/img/,Malicious,
http://shshide.com/js/?http://us.battle.net/login/en/?ref=http://us.battle.net/d3/en/index&app=com-d3,Malicious,
http://jqhj.com/images/Index.htm,Malicious,
http://connecticutspj.org/wp-content/uploads/2012/chasecustomerprofile/chasecustomerprofile/index.htm,Malicious,
http://hanhai-clean.cn/js/?http://us.battle.net/login/en/?ref=http://yfvgqexus.battle.net/d3/en/index&amp;app=com-d3,Malicious,
http://hanhai-clean.cn/js/?http://us.battle.net/login/en/?ref=http%3A%2F%2Fyfvgqexus.battle.net%2Fd3%2Fen%2Findex&amp;app=com-d3,Malicious,
http://0576tz.com/js/?app=com-d3&ref=http://xxhxsqbus.battle.net/d3/en/index,Malicious,
http://xjbctcky.com/Images?ref=us.battle.net/d3/en/index,Malicious,
http://xjbctcky.com/images?ref=http://us.battle.net/d3/en/index,Malicious,
http://gkjx168.com/images/?http://us.battle.net/login/en/?ref=http://uqpzemuus.battle.net/d3/en/index,Malicious,
http://gkjx168.com/images?http://us.battle.net/login/en/?ref=http://uqpzemuus.battle.net/d3/en/index,Malicious,
http://szxinheng.com/images/?https://secure.runescape.com/m=weblogin/loginform.ws?mod=www,Malicious,
http://szxinheng.com/images?https://secure.runescape.com/m=weblogin/loginform.ws?mod=www,Malicious,
http://kf25zx.com/images/?http://us.battle.net/login/en/?ref=http://ecqjbmeus.battle.net/d3/en/index,Malicious,
http://kf25zx.com/images/?http://us.battle.net/login/en/?ref=http://xcqdlhtus.battle.net/d3/en/index,Malicious,
http://kf25zx.com/images?http://us.battle.net/login/en/?ref=http://xcqdlhtus.battle.net/d3/en/index,Malicious,
http://kf25zx.com/images?http://us.battle.net/login/en/?ref=http://dtpxpvous.battle.net/d3/en/index,Malicious,
http://kf25zx.com/images/?http://us.battle.net/login/en/?ref=http://dtpxpvous.battle.net/d3/en/index,Malicious,
http://kf25zx.com/images/?us.battle.net/login/en/?ref=http://xcqdlhtus.battle.net/d3/en/index,Malicious,
http://kf25zx.com/images?us.battle.net/login/en/?ref=http://xcqdlhtus.battle.net/d3/en/index,Malicious,
http://paypal.activatyouraccount.photocreativa.com/b8ebf210e7bfe34811b5e3949534b3779f2555d5d2b863cdcf69e5e2817e372e/activaction/your/Accoount/now/paypal/,Malicious,
http://komit.mn/sales.html,Malicious,
http://cnhedge.cn/js/index.htm?hxxp:/us.battle.net/login/en/?ref=hxxp:/utjrrbhus.battle.net/d3/en/index&app=com-d3,Malicious,
http://2933517.com/js,Malicious,
http://bjcurio.com/js/index.htm?http://us.battle.net/login/en/?ref=http://neehupius.battle.net/d3/en/index&amp;,Malicious,
http://bjcurio.com/js/index.htm?http://us.battle.net/login/en/?ref=http://wndyvfpus.battle.net/d3/en/index&amp;,Malicious,
http://bjcurio.com/js/index.htm?http://us.battle.net/login/en/?ref=http://izrxueeus.battle.net/d3/en/index&amp;,Malicious,
http://dinas.tomsk.ru/language,Malicious,
http://zjgsyds.cn/js/?https://secure.runescape.com/m=weblogin/loginform.ws?mod=www&amp;ehozeyhamp;ssl=0&amp;dest,Malicious,
http://zjgsyds.cn/js/?https://secure.runescape.com/m=weblogin/loginform.ws?mod=www&amp;ubfaqniamp;ssl=0&amp;dest,Malicious,
http://ntsushi.com/img/index.htm,Malicious,
http://sunxiancheng.com/images/?http://us.battle.net/login/en/?ref=http://qosidfdus.battle.net/d3/en/index&amp;app=com-d3,Malicious,
http://tenai.net/images/?http://us.battle.net/login/en/?ref=http://svdmisfus.battle.net/d3/en/index&app=com-d3,Malicious,
http://dinas.tomsk.ru/js/?www.paypal.com/uk/cgi-bin/webscr1.htm?cmd=_login-run&amp;,Malicious,
http://painnevalast.3owl.com/New%20Yahooo/logintoyahoomail.htm,Malicious,
http://bjcurio.com/js/index.htm?app=,Malicious,
http://dinas.tomsk.ru/js/?www.paypal.com/uk/cgi-bin/webscr1.htm?cmd=_login-run&amp;dispatch=5885d80a13c0db1f1ff80d546411d7f8a8350c132bc41e0934cfc023d4r4ere32132,Malicious,
http://dinas.tomsk.ru/js/?paypal.com/uk/cgi-bin/webscr1.htm?cmd=_login-run&dispatch=5885d80a13c0db1f1ff80d546411d7f8a8350c132bc41e0934cfc023d4r4ere32132,Malicious,
http://bjcurio.com/js/index.htm?http://us.battle.net/login/en/?ref=http://hnhxwchus.battle.net/d3/en/index&app=com-d3,Malicious,
http://bjcurio.com/js/index.htm?%C3%83%25,Malicious,
http://xjbctcky.com/images?us.battle.net/login/en/?ref=http://us.battle.net/d3/en/index&amp;app=com-d3,Malicious,
http://xjbctcky.com/images/?ref=http://us.battle.net/d3/en/index,Malicious,
http://cnhedge.cn/js/index.htm?ref=http://vrxtretus.battle.net/d3/en/index,Malicious,
http://zylights.com/img/?http://us.battle.net/login/en/?ref=http://khcdcofus.battle.net/d3/en/index&amp;app=com-d3,Malicious,
http://ntsushi.com/Img/?http,Malicious,
http://handle.booktobi.com/css/index.html,Malicious,
http://cnhedge.cn/js/index.htm?http://us.battle.net/login/en/?ref=http://vjnbyjpus.battle.net/d3/en/index&amp;app=com-d3,Malicious,
http://cnhedge.cn/js/index.htm?http://us.battle.net/login/en/?ref=http://vopoqfzus.battle.net/d3/en/index&amp;app=com-d3,Malicious,
http://cnhedge.cn/js/index.htm?http://us.battle.net/login/en/?ref=http://spdfozrus.battle.net/d3/en/index&amp;app=com-d3,Malicious,
http://cnhedge.cn/js/index.htm?http://us.battle.net/login/en/?ref=http://oypkgubus.battle.net/d3/en/index&amp;app=com-d3,Malicious,
http://cnhedge.cn/js/index.htm?http://us.battle.net/login/en/?ref=http://xsqhlfmus.battle.net/d3/en/index&amp;app=com-d3,Malicious,
http://cnhedge.cn/js/index.htm?http://us.battle.net/login/en/?ref=http://gazqtmvus.battle.net/d3/en/index&amp;app=com-d3,Malicious,
http://shshide.com/js/?ref=http://us.battle.net/d3/en/index,Malicious,
http://shshide.com/js/?http://us.battle.net/login/en/?ref,Malicious,
http://bjcurio.com/js/index.htm?ref=http://zbbxhjcus.battle.net/d3/en/index,Malicious,
http://cnhedge.cn/js/index.htm?http://us.battle.net/login/en/?ref=http://gppnuwous.battle.net/d3/en/index&amp;app=com-d3,Malicious,
http://cnhedge.cn/js/index.htm?http://us.battle.net/login/en/?ref=http://wzxhdvkus.battle.net/d3/en/index&amp;app=com-d3,Malicious,
http://cnhedge.cn/js/index.htm?http://us.battle.net/login/en/?ref=http://inuyylwus.battle.net/d3/en/index&amp;app=com-d3,Malicious,
http://cnhedge.cn/js/index.htm?http://us.battle.net/login/en/?ref=http://utjrrbhus.battle.net/d3/en/index&amp;app=com-d3,Malicious,
http://cnhedge.cn/js/index.htm?http://us.battle.net/login/en/?ref=http://ravbqoius.battle.net/d3/en/index&amp;app=com-d3,Malicious,
http://cnhedge.cn/js/index.htm?http://us.battle.net/login/en/?ref=http://ssaoixgus.battle.net/d3/en/index&amp;app=com-d3,Malicious,
http://bjcurio.com/js/index.htm?ref=http://zkszuoqus.battle.net/d3/en/index,Malicious,
http://bjcurio.com/js/index.htm?ref=http://swfzeveus.battle.net/d3/en/index,Malicious,
http://gkjx168.com/images/?http://us.battle.net/login/en/?ref=http://uqpzemuus.battle.net/d3/en/index&amp;app=com-d3,Malicious,
http://bjcurio.com/js/index.htm?ref=http://qvxmhyrus.battle.net/d3/en/index,Malicious,
http://bjcurio.com/js/index.htm?ref=http://ghjsepkus.battle.net/d3/en/index,Malicious,
http://bjcurio.com/js/index.htm?ref=http://hnhxwchus.battle.net/d3/en/index,Malicious,
http://bjcurio.com/js/index.htm,Malicious,
http://bjcurio.com/js/index.htm?ref=http://zednsifus.battle.net/d3/en/index,Malicious,
http://bjcurio.com/js/index.htm?ref=http://izrxueeus.battle.net/d3/en/index,Malicious,
http://bjcurio.com/js/index.htm?ref=http://bsfdlcpus.battle.net/d3/en/index,Malicious,
http://bjcurio.com/js/index.htm?ref=http%3A%2F%2Fzednsifus.battle.net%2Fd3%2Fen%2Findex,Malicious,
http://bjcurio.com/js/index.htm?ref=http%3A%2F%2Fizrxueeus.battle.net%2Fd3%2Fen%2Findex,Malicious,
http://bjcurio.com/js/index.htm?ref=http://wndyvfpus.battle.net/d3/en/index,Malicious,
http://bjcurio.com/js/index.htm?ref=http%3A%2F%2Fqvxmhyrus.battle.net%2Fd3%2Fen%2Findex,Malicious,
http://bjcurio.com/js/index.htm?ref=http%3A%2F%2Fhnhxwchus.battle.net%2Fd3%2Fen%2Findex,Malicious,
http://bjcurio.com/js/index.htm?ref=http%3A%2F%2Fghjsepkus.battle.net%2Fd3%2Fen%2Findex,Malicious,
http://bjcurio.com/js/index.htm?http://us.battle.net/login/en/?ref=http%3A%2F%2Fwndyvfpus.battle.net%2Fd3%2Fen%2Findex&amp;app=com-d3,Malicious,
http://bjcurio.com/js/index.htm?http://us.battle.net/login/en/?ref=http://cturjxaus.battle.net/d3/en/index&amp;app=com-d3,Malicious,
http://bjcurio.com/js/index.htm?http://us.battle.net/login/en/?ref=http://izrxueeus.battle.net/d3/en/index&amp;app=com-d3,Malicious,
http://bjcurio.com/js/index.htm?http://us.battle.net/login/en/?ref=http://rfiotvgus.battle.net/d3/en/index&amp;app=com-d3,Malicious,
http://bjcurio.com/js/index.htm?http://us.battle.net/login/en/?ref=http://zkszuoqus.battle.net/d3/en/index&amp;app=com-d3,Malicious,
http://bjcurio.com/js/index.htm?http://us.battle.net/login/en/?ref=http://bsfdlcpus.battle.net/d3/en/index&amp;app=com-d3,Malicious,
http://kf25zx.com/images/?http://us.battle.net/login/en/?ref=http://xcqdlhtus.battle.net/d3/en/index&amp;app=com-d3,Malicious,
http://bjcurio.com/js/index.htm?ref=http://rfiotvgus.battle.net/d3/en/index,Malicious,
http://bjcurio.com/js/index.htm?http://us.battle.net/login/en/?ref=http://ghjsepkus.battle.net/d3/en/index&amp;app=com-d3,Malicious,
http://bjcurio.com/js/index.htm?http://us.battle.net/login/en/?ref=http://swfzeveus.battle.net/d3/en/index&amp;app=com-d3,Malicious,
http://bjcurio.com/js/index.htm?http://us.battle.net/login/en/?ref=http://eencgtwus.battle.net/d3/en/index&amp;app=com-d3,Malicious,
http://bjcurio.com/js/index.htm?http://us.battle.net/login/en/?ref=http://hnhxwchus.battle.net/d3/en/index&amp;app=com-d3,Malicious,
http://bjcurio.com/js/index.htm?http://us.battle.net/login/en/?ref=http://qvxmhyrus.battle.net/d3/en/index&amp;app=com-d3,Malicious,
http://bjcurio.com/js/index.htm?http://us.battle.net/login/en/?ref=http://zbbxhjcus.battle.net/d3/en/index&amp;app=com-d3,Malicious,
http://kf25zx.com/images/?http://us.battle.net/login/en/?ref=http://dtpxpvous.battle.net/d3/en/index&amp;app=com-d3,Malicious,
http://kf25zx.com/images/?http://us.battle.net/login/en/?ref=http://ecqjbmeus.battle.net/d3/en/index&amp;app=com-d3,Malicious,
http://gkjx168.com/images/?http,Malicious,
http://bjcurio.com/js/index.htm?ref=http%3A%2F%2Frfiotvgus.battle.net%2Fd3%2Fen%2Findex,Malicious,
http://kf25zx.com/images/?http://us.battle.,Malicious,
http://ntsushi.com/img/,Malicious,
http://bjcurio.com/js/index.htm?http://us.battle.net/login/en/?ref=http%3A%2F%2Fzbbxhjcus.battle.net%2Fd3%2Fen%2Findex&amp;app=com-d3,Malicious,
http://bjcurio.com/js/index.htm?http://us.battle.net/login/en/?ref=http://wndyvfpus.battle.net/d3/en/index&amp;app=com-d3,Malicious,
http://bjcurio.com/js/index.htm?http://us.battle.net/login/en/?ref=http://plvudvjus.battle.net/d3/en/index&amp;app=com-d3,Malicious,
http://bjcurio.com/js/index.htm?http://us.battle.net/login/en/?ref=http%3A%2F%2Fhnhxwchus.battle.net%2Fd3%2Fen%2Findex&amp;app=com-d3,Malicious,
http://bjcurio.com/js/index.htm?http://us.battle.net/login/en/?ref=http%3A%2F%2Fswfzeveus.battle.net%2Fd3%2Fen%2Findex&amp;app=com-d3,Malicious,
http://bjcurio.com/js/index.htm?http://us.battle.net/login/en/?ref=http%3A%2F%2Fmubtldrus.battle.net%2Fd3%2Fen%2Findex&amp;app=com-d3,Malicious,
http://bjcurio.com/js/index.htm?http://us.battle.net/login/en/?ref=http%3A%2F%2Fzkszuoqus.battle.net%2Fd3%2Fen%2Findex&amp;app=com-d3,Malicious,
http://bjcurio.com/js/index.htm?http://us.battle.net/login/en/?ref=http://mubtldrus.battle.net/d3/en/index&amp;app=com-d3,Malicious,
http://gkjx168.com/images/,Malicious,
http://zylights.com/img/?http://us.battle.net/login/en/?ref=http%3A%2F%2Fkhcdcofus.battle.net%2Fd3%2Fen%2Findex&amp;app=com-d3,Malicious,
http://zylights.com/img/?http://us.battle.net/login/en/?ref=http%3A%2F%2Fjeqkspnus.battle.net%2Fd3%2Fen%2Findex&amp;app=com-d3,Malicious,
http://remax.com.believeyourheart.com/remax/index.htm,Malicious,
http://cnhedge.cn/js/index.htm?http://us.battle.net/login/en/?ref=http://xescbevus.battle.net/d3/en/index&amp;app=com-d3,Malicious,
http://bjcurio.com/js/index.htm?http://us.battle.net/login/en/?ref=http://vmcicofus.battle.net/d3/en/index&amp;app=com-d3,Malicious,
http://wuzhou-my.com/images/?https://us.bat,Malicious,
http://splchina.com/flash/?http://us.battle.net/login/en/?ref,Malicious,
http://splchina.com/flash?http://us.battle.net/login/en/?ref,Malicious,
http://dinas.tomsk.ru/language/,Malicious,
http://dinas.tomsk.ru/firebug/?www.paypal.com/uk/cgi-bin/webscr1.htm?cmd=_login-run,Malicious,
http://dinas.tomsk.ru/err/?www.paypal.ch/ch/cgi-bin/webscr1.htm?cmd=_login-run,Malicious,
http://dinas.tomsk.ru/err/?paypal.ch/ch/cgi-bin/webscr1.htm?cmd=_login-run&amp;dispatch=5885d80a13c0db1f1ff80d546411d7f8a8350c132bc41e0934cfc023d4r4ere32132,Malicious,
http://bjcurio.com/js/index.htm?http://us.battle.net/login/en/?ref=http://zednsifus.battle.net/d3/en/index&amp;app=com-d3,Malicious,
http://bjcurio.com/js/index.htm?http://us.battle.net/login/en/?ref=http%3A%2F%2Fzednsifus.battle.net%2Fd3%2Fen%2Findex&amp;app=com-d3,Malicious,
http://bjcurio.com/js/index.htm?http://us.battle.net/login/en/?ref=http%3A%2F%2Frfiotvgus.battle.net%2Fd3%2Fen%2Findex&amp;app=com-d3,Malicious,
http://bjcurio.com/js/index.htm?http://us.battle.net/login/en/?ref=http%3A%2F%2Fbsfdlcpus.battle.net%2Fd3%2Fen%2Findex&amp;app=com-d3,Malicious,
http://anrsynergy.com/v2/wp-includes/js/swfupload/remository.utilitie.htm,Malicious,
http://kf25zx.com/images/?ref=http://xcqdlhtus.battle.net/d3/en/index,Malicious,
http://kf25zx.com/images/?ref=http%3A%2F%2Fxcqdlhtus.battle.net%2Fd3%2Fen%2Findex,Malicious,
http://ysgrp.com.cn/js/?ref=http%3A%2F%2Fus.battle.net%2Fd3%2Fen%2Findex,Malicious,
http://xn--72-6kcdg1cujbrmlb.xn--p1ai/media/trade/getproductrequest.htm,Malicious,
http://glauke.net/page/,Malicious,
http://islanderthemovie.com/scripts/alibaba.html,Malicious,
http://196.192.81.69/images/a2.html,Malicious,
http://xjbctcky.com/images/,Malicious,
http://paypal.com.fr.cgi-bin.webscr.cmd.login-submit.dispatch588554548778.mgpgcollege.com/webscr.php,Malicious,
http://cclpgms.com/js/,Malicious,
http://jjscdc.cn/adfile/login.html,Malicious,
http://202.104.129.61/images/m4.html,Malicious,
http://szxinheng.com/images/?secure.runescape.com/m=weblogin/loginform.ws?mod=wwwssl=0dest,Malicious,
http://szxinheng.com/Images/?https://secure.runescape.com/m=weblogin/loginform.ws?mod=www&ssl=0&dest,Malicious,
http://szxinheng.com/Images/?https://secure.runescape.com/m=weblogin/loginform.ws?mod=www&amp;ssl=0&amp;dest,Malicious,
http://hbjyxxw.com/ppl/Restore_your_account.html,Malicious,
http://gkjx168.com/images/?ref=http://uqpzemuus.battle.net/d3/en/index,Malicious,
http://us.raystream.com/mu/plm/paypal/.9d4f47e6389393e534a5e8a88/cgi-bin/webscrcmd=_login-run&dispatch=5885d80a13c0db1f8e263663d3faee8dc60d77e6184470d51976060a4ab6ee74.php,Malicious,
http://0576tz.com/js/,Malicious,
http://0576tz.com/js/?http://us.battle.net/login/en/?ref=http%3A%2F%2Fxxhxsqbus.battle.net%2Fd3%2Fen%2Findex&amp;app=com-d3,Malicious,
http://us.raystream.com/dio/paypal.de/pp/.9d4f47e6389393e534a5e8a8f2/cgi-bin/webscrcmd=_login-run&amp;dispatch=5885d80a13c0db1f8e263663d3faee8dc60d77e6184470d51976060a4ab6ee74.php,Malicious,
http://glauke.net/page/?,Malicious,
http://mg-sh.cn/js/index.htm?http://us.battle.net/login/en/?ref=http%3A%2F%2Fus.battle.net%2Fd3%2Fen%2Findex&amp;app=com-d3,Malicious,
http://noisiavision.tv//wp-content/uploads/2012/Trulia/index.htm,Malicious,
http://ysgrp.com.cn/js/?us.battle.net/login/en/?ref=http://us.battle.net/d3/en/index&amp;app=com-d3,Malicious,
http://xq.exxedu.cn/js/?us.battle.net/login/en/?ref=http://us.battle.net/d3/en/index&amp;app=com-d3,Malicious,
http://ysgrp.com.cn/js/?http://us.battle.net/login/en/?ref=http://us.battle.net/d3/en/index&amp;app=com-d3,Malicious,
http://ysgrp.com.cn/js/?http://us.battle.net/login/en/?ref=http%3A%2F%2Fus.battle.net%2Fd3%2Fen%2Findex&amp;app=com-d3,Malicious,
http://xjbctcky.com/Images/?http://us.battle.net/login/en/?ref=http://us.battle.net/d3/en/index&app=com-d3,Malicious,
http://xjbctcky.com/Images/?http://us.battle.net/login/en/?ref=http://us.battle.net/d3/en/index&amp;app=com-d3,Malicious,
http://xq.exxedu.cn/js/?http://us.battle.net/login/en/?ref=http://us.battle.net/d3/en/index&amp;app=com-d3,Malicious,
http://xjbctcky.com/Images/?http://us.battle.net/login/en/?ref=http%3A%2F%2Fus.battle.net%2Fd3%2Fen%2Findex&amp;app=com-d3,Malicious,
http://xq.exxedu.cn/js/?http://us.battle.net/login/en/?ref=http%3A%2F%2Fus.battle.net%2Fd3%2Fen%2Findex&amp;app=com-d3,Malicious,
http://xq.exxedu.cn/js/?http://us.battle.net/login/en/?ref=http://us.battle.net/d3/en/index&app=com-d3,Malicious,
http://tunga9.cl/cp/,Malicious,
http://202.104.129.61/images/g1.html,Malicious,
http://184.150.182.219/,Malicious,
http://portalempresa.davivienda.rr.nu/PSB/Davivienda/GRAL/AppFront/Login.aspx.htm,Malicious,
http://pastehtml.com/view/b46s81spf.html,Malicious,
http://kite-forum.com/~knightsn/paypal.com/confirm-account-cc-bank-login-sec-ur-2011/webscr.php,Malicious,
http://mediakol.fr/contact/mediakol/maquette/fr/free.fr/check/horde.imp.mailbox.phpmailbox=INBOX/secure/enligne/adsl.html/login.php?free=_login-run&amp;dispatch=5885d80a13c0db1f1ff80d546411d7f84f1036d8f209d3d19ebb6f4eeec8bd0e7392e85353de07dd3a9b3f4b0c8d9be77392e85353de07dd3a9b3f4b0c8d9be7,Malicious,
http://creditiperhabbogratissicuro100.blogspot.com/2011/02/habbo-crediti-gratis-sicuro-100.html,Malicious,
http://paypal.com.id451f58f52x48f28ear5c4gf87aze.mmc.x10.mx/webscr.php,Malicious,
http://mundovirtualhabbo.blogspot.com/2009_01_01_archive.html,Malicious,
http://creditgratosse.blogspot.com/2008/01/connnectoi_03.html,Malicious,
http://aijcs.blogspot.com/2005/03/colourful-life-of-aij.html,Malicious,
http://tudu-free.blogspot.com/2008/02/jogos-java-aplicativos.html#footer-wrap2,Malicious,
http://news.grouptumbler.com/news/feed.php,Malicious,
http://info.leveldelta.com/php/text.php,Malicious,
http://citroen-club.ch/n.exe,Malicious,
http://ZHC_Shell_1.0.aspx,Malicious,
http://img851/2304/bismillahus.jpg,Malicious,
http://himselp.net.in/css/acrord.exe,Malicious,
http://www.skyslisten.com/help.html,Malicious,
http://micro/advice.php?,Malicious,
http://199.91.173.43/new_salary/salary_revision.scr,Malicious,
http://199.91.173.45/OBL_Leaked_Report.zip,Malicious,
http://199.91.173.45/Naxalites_Funded_By_Pakistan.zip,Malicious,
http://199.91.173.45/is_array.php?compname=<COMPUTERNAME>,Malicious,
http://199.91.173.45/fetch_updates_8765_tb.php?compname=<COMPUTERNAME>,Malicious,
http://1.234.31.153/mii/swf.js,Malicious,
http://1.234.31.154/mii/fird.gif,Malicious,
http://1.234.31.154/mii/swf.js,Malicious,
http://1.234.31.154/mii/guy2.html,Malicious,
http://1.234.31.153/mii/guy2.html,Malicious,
http://1.234.31.153/mii/fird.gif,Malicious,
http://174.139.126.66:8888/5.txt,Malicious,
http://220.229.238.123/tn/images/index.html,Malicious,
http://www.jessearch.com/dev/js/27.exe,Malicious,
http://www.securimalware.net/info/update.exe,Malicious,
http://www.625tongyi.com/jd/upload.aspx,Malicious,
http://appst0re.net/upload.aspx,Malicious,
http://bg1337.zapto.org:1155,Malicious,
http://ahmad212.no-ip.biz:86,Malicious,
http://alii007.zapto.org:6611,Malicious,
http://adolf2013.sytes.net:1183,Malicious,
http://docteuur13.no-ip.org:444,Malicious,
http://bog5151.zapto.org:991,Malicious,
http://alii007.zapto.org:288,Malicious,
http://adolf2013.sytes.net:1184,Malicious,
http://dataday3.no-ip.org:83,Malicious,
http://ballgogo.no-ip.biz:8088,Malicious,
http://basss.no-ip.info:2026,Malicious,
http://adamdam.zapto.org:1973,Malicious,
http://doda.redirectme.net:777,Malicious,
http://basss.no-ip.info:82,Malicious,
http://portipv6.redirectme.net:1991,Malicious,
http://pess-12.zapto.org:81,Malicious,
http://koko.myftp.org:9090,Malicious,
http://noooot.no-ip.biz:443,Malicious,
http://pess-123.zapto.org:1604,Malicious,
http://microsoftsystem.sytes.net:4442,Malicious,
http://gerssy.zapto.org:6000,Malicious,
http://mootje01.no-ip.org:81,Malicious,
http://hattouma12.no-ip.biz:88,Malicious,
http://hmode123.no-ip.biz:9090,Malicious,
http://new-hacker.no-ip.org:81,Malicious,
http://googlechrome.servegame.com:1990,Malicious,
http://mda.no-ip.org:88,Malicious,
http://securityfocus.bounceme.net:1166,Malicious,
http://zeusback.no-ip.biz:223,Malicious,
http://vpn-hacker.no-ip.biz:9090,Malicious,
http://silent9.zapto.org:7895,Malicious,
http://sawdz.no-ip.biz:333,Malicious,
http://ronaldo-123.no-ip.biz:2011,Malicious,
http://xkiller.no-ip.info:1,Malicious,
http://terminator9.zapto.org:1991,Malicious,
http://yahia17.no-ip.org:1177,Malicious,
http://sidisalim.myvnc.com:1888,Malicious,
http://xbox720.zapto.org:1991,Malicious,
http://ronaldo-123.no-ip.biz:2013,Malicious,
http://shagagy21.no-ip.biz:1605,Malicious,
http://networksecurityx.hopto.org,Malicious,
http://ok.aa24.net/meeting/index.html,Malicious,
http://api/client/pings.php?,Malicious,
http://123.49.61.59:8080/zb/v_01_a/in/,Malicious,
http://83.238.208.55:8080/zb/v_01_a/in/,Malicious,
http://41.168.5.140:8080/zb/v_01_a/in/,Malicious,
http://out.hzlo.net/download/Flash_update.exe,Malicious,
http://4sq.mattersofgrey.com/download/Flash_update.exe,Malicious,
http://62.212.66.204/putty.exe,Malicious,
http://adobe.flash-mail.tk/update/Flash_updata.exe,Malicious,
http://analaloca.chickenkiller.com:3460/123456.functions,Malicious,
http://outlook11551.no-ip.biz/1234567890.functions,Malicious,
http://laithmhrez.no-ip.info/1234567890.functions,Malicious,
http://uranio2.no-ip.biz:10180/123456.functions,Malicious,
http://papapa-1212.zapto.org/1234567890.functions,Malicious,
http://livejasminci.no-ip.biz:4444/123456.functions,Malicious,
http://cascarita3.no-ip.biz:33500/123456.functions,Malicious,
http://allmyworkers.no-ip.biz:400/123456.functions,Malicious,
http://31.193.9.126:3377/123456.functions,Malicious,
http://suportassisten.no-ip.info:2180/1234567890.functions,Malicious,
http://spycronicjn.no-ip.org:81/123456.functions,Malicious,
http://fungii.no-ip.org:999/123456.functions,Malicious,
http://cascarita2.no-ip.biz:33200/123456.functions,Malicious,
http://updating.serveexchange.com:999/123456.functions,Malicious,
http://mohammad2010.no-ip.biz:81/123456.functions,Malicious,
http://sarkawt122.no-ip.biz/1234567890.functions,Malicious,
http://cascarita1.no-ip.biz:33100/123456.functions,Malicious,
http://mohammad2010.no-ip.biz:81/123456.functions supermanaa.no-ip.biz/123456.functions,Malicious,
http://\/deutsche_telekom_ag$,Malicious,
http://fra1.ib.adnxs.com/if?enc=mpmZmZmZuT_D9Shcj8K1P_yp8dJNYtA_w_UoXI_CtT-amZmZmZm5P45vm53ZXbgTe4FMj7UmtlF2d2pTAAAAAMfdJQCZBwAAawYAAAIAAADJReYAF9cFAAAAAQBVU0QAVVNEANgCWgDXNwAAgIwAAgUAAQIAAI4AYiwQpAAAAAA.&cnd=%21-iPgtQjrkOsBEMmLmQcYACCXrhcwADgAQABI6wxQx7uXAVgAYCtoAHAAeACAAQCIAQCQAQGYAQGgAQGoAQOwAQC5AZqZmZmZmbk_wQGamZmZmZm5P8kBiiFOYCt3_T_ZAQAAAAAAAPA_4AEA9QEAAIA-&ccd=%21CAZWOwjrkOsBEMmLmQcYl64XIAA.&udj=uf%28%27a%27%2C+129071%2C+1399486326%29%3Buf%28%27c%27%2C+3852395%2C+1399486326%29%3Buf%28%27r%27%2C+15091145%2C+1399486326%29%3B&vpid=843&apid=260081&referrer=http%3A%2F%2Fwww.jetairways.com%2F&media_subtypes=1&ct=0&dlo=1,Malicious,
http://fra1.ib.adnxs.com/if?enc=mpmZmZmZuT_D9Shcj8K1P57vp8ZLN-0_w_UoXI_CtT-amZmZmZm5PxN5OLAwGqVfhxdtvB_KGGC6WWpTAAAAABa9JwBGAQAAawYAAAIAAADJReYA00AFAAAAAQBVU0QAVVNEANgCWgBt1wAAFMoAAgUAAQIAAI4ACikZjwAAAAA.&pubclick=http://ams1.ib.adnxs.com/click?iwd-JD8ssz-i2LfqVhCxP_YoXI_C9dg_oti36lYQsT-LB34kPyyzPwsxWFkarS53hxdtvB_KGGC4WWpTAAAAAC6MJgAhCQAAEAkAAAIAAADu4uQAeQcGAAAAAQBVU0QAVVNEANgCWgA8bwAAHrkAAQUAAQIAAI4AsCMdmwAAAAA./cnd%3D%2521wwZ-QQin9OoBEO7FkwcY-Y4YIAA./referrer%3Dblackhatworld.com/clickenc%3D&cnd=%21qiXgEgjrkOsBEMmLmQcYACDTgRUwADgAQABI6wxQlvqeAVgAYMcEaABwAHgAgAEAiAEAkAEBmAEBoAEBqAEDsAEAuQGamZmZmZm5P8EBmpmZmZmZuT_JAROcUMZvtP4_2QEAAAAAAADwP-ABAPUBAACAPg..&ccd=%21FQbIOwjrkOsBEMmLmQcY04EVIAA.&udj=uf%28%27a%27%2C+129071%2C+1399478714%29%3Buf%28%27c%27%2C+3852395%2C+1399478714%29%3Buf%28%27r%27%2C+15091145%2C+1399478714%29%3B&vpid=18&apid=265698&referrer=blackhatworld.com&media_subtypes=1&ct=0&dlo=1,Malicious,
http://fra1.ib.adnxs.com/if?enc=m5mZmZmZuT80MzMzMzOzPzm0yHa-n7o_NDMzMzMzsz-amZmZmZm5Pzyo7WX5BRJ0VASXL0e1gVfXN2pTAAAAAMMBHgBNBQAAawYAAAIAAADJReYAuasCAAAAAQBVU0QAVVNEANgCWgCWbgAAyY0AAgUAAQIAAIoAXiXLxgAAAAA.&cnd=%21DybzCwjrkOsBEMmLmQcYACC51wowADgAQABI6wxQw4N4WABg1AVoAHAAeACAAQCIAQCQAQGYAQGgAQGoAQOwAQC5AZqZmZmZmbk_wQGamZmZmZm5P8kBlLvCrpYq_j_ZAQAAAAAAAPA_4AEA9QEAAIA-&ccd=%21RgZ9PAjrkOsBEMmLmQcYudcKIAA.&udj=uf%28%27a%27%2C+129071%2C+1399470039%29%3Buf%28%27c%27%2C+3852395%2C+1399470039%29%3Buf%28%27r%27%2C+15091145%2C+1399470039%29%3B&vpid=366&apid=165057&referrer=http%3A%2F%2Fs1.gravyseals.com%2Fserve%3Fpid%3D2136%26z%3D94051%26if%3D1%26cb%3D555139417%26s%3DLT_E3519311-518B-4B38-BBBE-3A2DE2A85909%26click%3D&ct=0&dlo=1,Malicious,
http://fra1.ib.adnxs.com/if?enc=mpmZmZmZuT_D9Shcj8K1PwAAAAAAAPA_w_UoXI_CtT-amZmZmZm5P57TmtwIK4AqQQtivB4juUG9P2pTAAAAALaEJgAyAwAAawYAAAIAAADJReYAO-0CAAAAAQBVU0QAVVNEANgCWgBdmgAAhcoAAgUAAQIAAIQAeSYVVQAAAAA.&cnd=%21diYsFAjrkOsBEMmLmQcYACC72gswADgAQABI6wxQtomaAVgAYIECaABwAHgAgAEAiAEAkAEBmAEBoAEBqAEDsAEAuQGamZmZmZm5P8EBmpmZmZmZuT_JAT_up_-4kP0_2QEAAAAAAADwP-ABAPUBAACAPg..&ccd=%21TAaWPAjrkOsBEMmLmQcYu9oLIAA.&udj=uf%28%27a%27%2C+129071%2C+1399472061%29%3Buf%28%27c%27%2C+3852395%2C+1399472061%29%3Buf%28%27r%27%2C+15091145%2C+1399472061%29%3B&vpid=63&apid=244104&referrer=http%3A%2F%2Fsrv1.mediads.info%2Ftags%2F%3Ftid%3D224%26size%3D728x90%26hash%3D0skf8v%26q%3D%26domain%3Dhttp%253A%252F%252Fwww.businessweek.com%252Fnews%252F2014-05-07%252Fthai-premier-yingluck-ousted-after-court-rules-she-abused-power%267YtZmAtm%3D594_728x90_0&media_subtypes=1&ct=0&dlo=1,Malicious,
http://ams1.ib.adnxs.com/if?enc=MzMzMzMzwz_B9Shcj8K9P1pkO99PjfM_wfUoXI_CvT8zMzMzMzPDP1b7c1RCwOsFILHx8t2YmhxPuGdTAAAAAOatJAChBgAA2AcAAAIAAAClEuUAlK0FAAAAAQBVU0QAVVNEANgCWgCHqgAARGgAAgUAAQIAAIQAoCf8dgAAAAA.&cnd=%219yI1jQjq_ekBEKWllAcYACCU2xYwADgAQABI2A9Q5tuSAVgAYIgDaABwAHgAgAEAiAEAkAEBmAEBoAEBqAEDsAEAuQEzMzMzMzPDP8EBMzMzMzMzwz_JAbpMXe5cpv4_2QEAAAAAAADwP-ABAPUBmpmZPg..&ccd=%21jAYfQQjq_ekBEKWllAcYlNsWIAA.&udj=uf%28%27a%27%2C+276362%2C+1399306319%29%3Buf%28%27c%27%2C+3833578%2C+1399306319%29%3Buf%28%27r%27%2C+15012517%2C+1399306319%29%3B&vpid=661&referrer=http%3A%2F%2Fz1.zedo.com%2Fclient%2Fz1%2Fff2.html%3Fn%3D1468%3Bc%3D984%3Bs%3D736%3Bd%3D14%3Bw%3D728%3Bh%3D90&media_subtypes=1&ct=0&dlo=1,Malicious,
http://ams1.ib.adnxs.com/if?enc=mpmZmZmZuT_D9Shcj8K1P8l2vp8aL80_w_UoXI_CtT-amZmZmZm5Pwnqx8TJMJQq-A3pA9ZuRl96sGpTAAAAAG_pEQCTBAAAawYAAAIAAADJReYAvx4DAAAAAQBVU0QAVVNEANgCWgAPBgAA9N8AAgUAAQIAAIYA1CpUFwAAAAA.&cnd=%21yCUjAwjrkOsBEMmLmQcYACC_vQwwBDgAQABI6wxQ79JHWABgkAVoAHAAeACAAQCIAQCQAQGYAQGgARKoAQOwAQC5AZqZmZmZmbk_wQGamZmZmZm5P8kBIrJoWKry_T_ZAQAAAAAAAPA_4AEA9QEAAIA-&ccd=%21NAY5PAjrkOsBEMmLmQcYv70MIAA.&udj=uf%28%27a%27%2C+129071%2C+1399500922%29%3Buf%28%27c%27%2C+3852395%2C+1399500922%29%3Buf%28%27r%27%2C+15091145%2C+1399500922%29%3B&vpid=238&apid=147686&referrer=www.farsi1hd.com&ct=0&dlo=1,Malicious,
http://ams1.ib.adnxs.com/if?enc=MzMzMzMzwz-xne-nxku_PxKDwMqhRe4_sZ3vp8ZLvz8zMzMzMzPDP6ovBtiI0yoC9jAveKCU5x09XWhTAAAAAFvsJwBoCAAA2AcAAAIAAAClEuUAlY4FAAAAAQBVU0QAVVNEANgCWgCUdQAAidkAAgUAAQIAAIwAqiZtOAAAAAA.&cnd=%21TyDKQgjq_ekBEKWllAcYACCVnRYwADgAQABI2A9Q29ifAVgAYJYEaABwAHgAgAEAiAEAkAEBmAEBoAEBqAEDsAEAuQEzMzMzMzPDP8EBMzMzMzMzwz_JAbhNA4BCDQBA2QEAAAAAAADwP-ABAPUBmpmZPg..&ccd=%21TwYsQAjq_ekBEKWllAcYlZ0WIAA.&udj=uf%28%27a%27%2C+276362%2C+1399348541%29%3Buf%28%27c%27%2C+3833578%2C+1399348541%29%3Buf%28%27r%27%2C+15012517%2C+1399348541%29%3B&vpid=1058&apid=209734&referrer=http%3A%2F%2Foptimized-by.rubiconproject.com%2Fa%2F9852%2F26428%2F104466-2.html%3F%26cb%3D0.2495494693827267%26tk_st%3D1%26rf%3Dhttp%253A%2F%2Fwww.telegraaf.nl%2F%26rp_s%3Dc%26p_pos%3Datf%26p_screen_res%3D1536x864&media_subtypes=1&ct=0&dlo=1,Malicious,
http://fra1.ib.adnxs.com/if?enc=MjMzMzMzwz_y_dR46Sa5P1pkO99Pjbc_8v3UeOkmuT8zMzMzMzPDPzy06WqYSd0KI_3ABkE3R02ZMmhTAAAAAOoHHABNBQAA2AcAAAIAAAClEuUAR6MEAAAAAQBVU0QAVVNEANgCWgDHMgAA8dkAAgUAAQIAAIoARyYpJAAAAAA.&cnd=%21QiIfbgjq_ekBEKWllAcYACDHxhIwADgAQABI2A9Q6o9wWABgwwRoAHAAeACAAQCIAQCQAQGYAQGgAQGoAQOwAQC5ATMzMzMzM8M_wQEzMzMzMzPDP8kBx2mpD31O_j_ZAQAAAAAAAPA_4AEA9QGamZk-&ccd=%21pga-QQjq_ekBEKWllAcYx8YSIAA.&udj=uf%28%27a%27%2C+276362%2C+1399337625%29%3Buf%28%27c%27%2C+3833578%2C+1399337625%29%3Buf%28%27r%27%2C+15012517%2C+1399337625%29%3B&vpid=366&apid=202647&referrer=http%3A%2F%2Fvideohub.ws%2Frc.php%3FId%3D42ef5710e626006a6e5ad3d3bd1f11a3&media_subtypes=1&ct=0&dlo=1,Malicious,
http://fra1.ib.adnxs.com/if?enc=MzMzMzMzwz-xne-nxku_P57vp8ZLN-0_sZ3vp8ZLvz8zMzMzMzPDP0tKrDzCThJjFITF0AnGtHC4BGhTAAAAAFHsJwBoCAAA2AcAAAIAAAClEuUAlY4FAAAAAQBVU0QAVVNEANgCWgCUdQAA8o0AAgUAAQIAAIwANCcaaQAAAAA.&cnd=%217yH_Zwjq_ekBEKWllAcYACCVnRYwADgAQABI2A9Q0difAVgAYKwEaABwAHgAgAEAiAEAkAEBmAEBoAEBqAEDsAEAuQEzMzMzMzPDP8EBMzMzMzMzwz_JAYA2Rf4MaP8_2QEAAAAAAADwP-ABAPUBmpmZPg..&ccd=%21TwYsQAjq_ekBEKWllAcYlZ0WIAA.&udj=uf%28%27a%27%2C+276362%2C+1399325880%29%3Buf%28%27c%27%2C+3833578%2C+1399325880%29%3Buf%28%27r%27%2C+15012517%2C+1399325880%29%3B&vpid=1058&apid=209734&referrer=http%3A%2F%2Fads.mysupermarket.co.uk%2Flandingpages%2FtrafficLandingPage.aspx%3Fcampaign%3Dtraffic&media_subtypes=1&ct=0&dlo=1,Malicious,
http://ams1.ib.adnxs.com/if?enc=MzMzMzMzwz-5SQwCK4e-P8HKoUW28-E_uUkMAiuHvj8zMzMzMzPDPyA2hbr3f0phcy2wI_GlGWIK9GdTAAAAAPO8JgAhCQAA2AcAAAIAAAClEuUAKM4FAAAAAQBVU0QAVVNEANgCWgCBvAAAjLcAAgUAAQIAAI4AryNm5AAAAAA.&cnd=%21gCECRwjq_ekBEKWllAcYACConBcwADgAQABI2A9Q8_maAVgAYCNoAHAAeACAAQCIAQCQAQGYAQGgAQGoAQOwAQC5ATMzMzMzM8M_wQEzMzMzMzPDP8kBHo0PYPUs_j_ZAQAAAAAAAPA_4AEA9QGamZk-&ccd=%21YgaKQAjq_ekBEKWllAcYqJwXIAA.&udj=uf%28%27a%27%2C+276362%2C+1399321610%29%3Buf%28%27c%27%2C+3833578%2C+1399321610%29%3Buf%28%27r%27%2C+15012517%2C+1399321610%29%3B&vpid=1153&apid=252076&referrer=http%3A%2F%2Fads.yahoo.com%2Fiframe3%3FDokCAK-vVgAEvYsBAAAAALAgXwAAAAAAAgAAAAYAAAAAAP8AAAACFgx2jgAAAAAAuH53AAAAAAAAAAAAAAAAAAAAAAAAAAAAAAAAAAAAAAAAAAAAAAAAAAAAAAAAAAAAAAAAAAAAAABmehsAAAAAAAIAAgAAgD8AAAAAAAAAAAAAAAAAAAAAAAAAAAAAAAAAAAAAAAAAAAAAAAAAAAAAAAAAAAAAAAAAAAAAAAAAAAAAAAAAAAAAAAAAAAAAAAAAAAAAAAAAAAA9nGlIidiwD9ZsyUJ0z1nhici.G-gXSlV8QiigAAAAAA%3D%3D%2C%2Chttp%253A%252F%252Flibraries.ge.com%252Ffoldersdata%252F14123074101%252Fpw%2Bpgs%2Bpeit%252Fpgs%2Bit%2Bsites%252Fpgs%2Bplace%2B-%2Bit%252Fcpm_quicklinks%252F%253Ffileid%253D214296064101%2CB%253D10%2526H%253D%2526M%253D3%2526Z%253D728x90%2526_salt%253D2024719257%2526encURL%253DYes%2526entity_id%253D21627296101%2526fileid%253D214296064101%2526nocache%253DThu%252520Feb%25252002%25252013%25253a17%25253a17%252520EST%2525202012%2526r%253D0%2526s%253D5681071%2526sid%253D101%2526version%253D0%2C95f26c04-d493-11e3-bff9-97336b9653cd%2C1399321609221&media_subtypes=1&ct=0&dlo=1,Malicious,
http://fra1.ib.adnxs.com/if?enc=MzMzMzMzwz-xne-nxku_P6GEmbZ_Zdk_sZ3vp8ZLvz8zMzMzMzPDP8Me1olHyU1aP4gr16zrLBXANmhTAAAAAFvsJwBoCAAA2AcAAAIAAAClEuUAlY4FAAAAAQBVU0QAVVNEANgCWgCUdQAAeMoAAgUAAQIAAIwAeScOiwAAAAA.&cnd=%21-yCCVAjq_ekBEKWllAcYACCVnRYwADgAQABI2A9Q29ifAVgAYJ8BaABwAHgAgAEAiAEAkAEBmAEBoAEBqAEDsAEAuQEzMzMzMzPDP8EBMzMzMzMzwz_JAW63o1YdQgBA2QEAAAAAAADwP-ABAPUBmpmZPg..&ccd=%21TwYsQAjq_ekBEKWllAcYlZ0WIAA.&udj=uf%28%27a%27%2C+276362%2C+1399338688%29%3Buf%28%27c%27%2C+3833578%2C+1399338688%29%3Buf%28%27r%27%2C+15012517%2C+1399338688%29%3B&vpid=1058&apid=209734&referrer=http%3A%2F%2Foptimized-by.rubiconproject.com%2Fa%2F9852%2F26428%2F104466-2.html%3F%26cb%3D0.46593964748481053%26tk_st%3D1%26rf%3Dhttp%253A%2F%2Fwww.telegraaf.nl%2F%26rp_s%3Dc%26p_pos%3Datf%26p_screen_res%3D1080x810&media_subtypes=1&ct=0&dlo=1,Malicious,
http://ams1.ib.adnxs.com/if?enc=AJkyzGX_uD9zaJHtfD-1P3Noke18P7U_w_UoXI_CtT-amZmZmZm5P0Jc8J5ZxdEh0IZQ9cO3bE9ffmpTAAAAAA4gIwD6BQAAawYAAAIAAADJReYAM1IFAAAAAQBVU0QAVVNEANgCWgAhrAAAJ98AAgUAAQIAAIwAcCmPkQAAAAA.&cnd=%21cSRG5gjrkOsBEMmLmQcYACCzpBUwADgAQABI6wxQjsCMAVgAYMAGaABwAHgAgAEAiAEAkAEBmAEBoAEBqAEDsAEAuQGamZmZmZm5P8EBmpmZmZmZuT_JAfNrPgSTzwBA2QEAAAAAAADwP-ABAPUBAACAPg..&ccd=%21GAa0OwjrkOsBEMmLmQcYs6QVIAA.&udj=uf%28%27a%27%2C+129071%2C+1399488095%29%3Buf%28%27c%27%2C+3852395%2C+1399488095%29%3Buf%28%27r%27%2C+15091145%2C+1399488095%29%3B&vpid=480&referrer=http%3A%2F%2Fzdrowie.wp.pl%2Fzdrowie%2Fwirtualny-poradnik%2Fart1332%2Cprodukty-ktorymi-mozesz-sie-zatruc.html&media_subtypes=1&ct=0&dlo=1,Malicious,
http://ib.adnxs.com/tt?id=1864720&cb=&referrer=apunkabollywood.us&pubclick=,Malicious,
http://fra1.ib.adnxs.com/if?enc=mpmZmZmZuT8Tg8DKoUW2P57vp8ZLN-0_E4PAyqFFtj-amZmZmZm5Px9UK3K7GXgcaEV7z2-4c0W0R2pTAAAAAGCmJgDZBgAAawYAAAIAAADJReYATQsGAAAAAQBVU0QAVVNEANgCWgAG3wAAsIwAAgUAAQIAAI4AWShNPgAAAAA.&cnd=%210CRo5QjrkOsBEMmLmQcYACDNlhgwADgAQABI6wxQ4MyaAVgAYEhoAHAAeACAAQCIAQCQAQGYAQGgAQGoAQOwAQC5AZqZmZmZmbk_wQGamZmZmZm5P8kBBbjXWc-oAEDZAQAAAAAAAPA_4AEA9QEAAIA-&ccd=%21JwYHPAjrkOsBEMmLmQcYzZYYIAA.&udj=uf%28%27a%27%2C+129071%2C+1399474100%29%3Buf%28%27c%27%2C+3852395%2C+1399474100%29%3Buf%28%27r%27%2C+15091145%2C+1399474100%29%3B&vpid=663&apid=265040&referrer=adnxs.com&media_subtypes=1&ct=0&dlo=1,Malicious,
http://fra1.ib.adnxs.com/if?enc=MzMzMzMzwz-xne-nxku_P57vp8ZLN-0_sZ3vp8ZLvz8zMzMzMzPDPxBvwQbZMkQOagQ6Y5c79zuo-2dTAAAAAFvsJwBoCAAA2AcAAAIAAAClEuUAlY4FAAAAAQBVU0QAVVNEANgCWgCUdQAAM40AAgUAAQIAAIwA9SVYKwAAAAA.&cnd=%21AiKzdQjq_ekBEKWllAcYACCVnRYwADgAQABI2A9Q29ifAVgAYNICaABwAHgAgAEAiAEAkAEBmAEBoAEBqAEDsAEAuQEzMzMzMzPDP8EBMzMzMzMzwz_JAY2GwlsTEP4_2QEAAAAAAADwP-ABAPUBmpmZPg..&ccd=%21TwYsQAjq_ekBEKWllAcYlZ0WIAA.&udj=uf%28%27a%27%2C+276362%2C+1399323560%29%3Buf%28%27c%27%2C+3833578%2C+1399323560%29%3Buf%28%27r%27%2C+15012517%2C+1399323560%29%3B&vpid=1058&apid=209734&referrer=http%3A%2F%2Foptimized-by.rubiconproject.com%2Fa%2F9852%2F26428%2F104466-2.html%3F%26cb%3D0.6686246645038516%26tk_st%3D1%26rf%3Dhttp%253A%2F%2Fwww.telegraaf.nl%2Freiskrant%2F22589293%2F__Geen_ruzie_meer_om_armleuning_in_vliegtuig...__.html%26rp_s%3Dc%26p_pos%3Dbtf%26p_screen_res%3D1366x768&media_subtypes=1&ct=0&dlo=1,Malicious,
http://ams1.ib.adnxs.com/if?enc=MjMzMzMzwz_y_dR46Sa5P1K4HoXrUdA_8v3UeOkmuT8zMzMzMzPDP8KRsTBP9rAOl7wktC7r6Stvu2dTAAAAAI9-JQBNBQAA2AcAAAIAAAClEuUABKUFAAAAAQBVU0QAVVNEANgCWgCPGQAAP7gAAgUAAQIAAI4ASiecvQAAAAA.&pubclick=http://ams1.ib.adnxs.com/click?I8BcfBWHqT-E1k5D0rKlP-Olm8QgsLI_hNZOQ9KypT8jwFx8FYepPwFnstqYMLpql7wktC7r6Stru2dTAAAAAKqXEwD5BAAAVwMAAAIAAAA0S9QAF5cCAAAAAQBVU0QAVVNEANgCWgAoQAAAlr8DAQUAAQIAAIYA8SeYBQAAAAA./cnd%3D%2521GQanOwjSs9IBELSW0QYYl64KIAA./referrer%3Dhttp%253A%252F%252Fb.localpages.com%252Fbanners%252Fgbanner.php%253Fpid%253D1201315%252C1284010%252C1284267%2526d%253D1%2526aff%253D21110%2526size%253D728x90%2526pageUrl%253Dhttp%25253A%25252F%25252Fisl3.bpweb.bp.com%25252Fboss%25252FeditStop.asp%2526pageReferer%253Dhttp%25253A%25252F%25252Fisl3.bpweb.bp.com%25252Fboss%25252F%2526gb%253D1/clickenc%3D&cnd=%21XCDnPQjq_ekBEKWllAcYACCEyhYwADgAQABI2A9Qj_2VAVgAYI8EaABwAHgAgAEAiAEAkAEBmAEBoAEBqAEDsAEAuQEzMzMzMzPDP8EBMzMzMzMzwz_JAaYLcAfTBQBA2QEAAAAAAADwP-ABAPUBmpmZPg..&ccd=%21awaLQAjq_ekBEKWllAcYhMoWIAA.&udj=uf%28%27a%27%2C+276362%2C+1399307119%29%3Buf%28%27c%27%2C+3833578%2C+1399307119%29%3Buf%28%27r%27%2C+15012517%2C+1399307119%29%3B&vpid=366&apid=207096&referrer=http%3A%2F%2Fb.localpages.com%2Fbanners%2Fgbanner.php%3Fpid%3D1201315%2C1284010%2C1284267&media_subtypes=1&ct=0&dlo=1,Malicious,
http://ams1.ib.adnxs.com/if?enc=MzMzMzMzwz_DILByaJG9P99PjZduEuM_wyCwcmiRvT8zMzMzMzPDP_4eQCaPLkZzPIfezL9UaG7jv2dTAAAAAMOXJwBpBwAA2AcAAAIAAAClEuUAHS8GAAAAAQBVU0QAVVNEANgCWgD8vgAAI98AAgUAAQIAAI4AHCVlfgAAAAA.&cnd=%21YCKXfwjq_ekBEKWllAcYACCd3hgwADgAQABI2A9Qw6-eAVgAYMQEaABwAHgAgAEAiAEAkAEBmAEBoAEBqAEDsAEAuQEzMzMzMzPDP8EBMzMzMzMzwz_JATvWOHxQnv8_2QEAAAAAAADwP-ABAPUBmpmZPg..&ccd=%21mgZeQQjq_ekBEKWllAcYnd4YIAA.&udj=uf%28%27a%27%2C+276362%2C+1399308259%29%3Buf%28%27c%27%2C+3833578%2C+1399308259%29%3Buf%28%27r%27%2C+15012517%2C+1399308259%29%3B&vpid=773&apid=274566&referrer=http%3A%2F%2Fg2g.fm%2F&media_subtypes=1&ct=0&dlo=1,Malicious,
http://ams1.ib.adnxs.com/if?enc=MzMzMzMzwz-xne-nxku_Px_0bFZ9ruc_sZ3vp8ZLvz8zMzMzMzPDPy-D9NSH1hcF4YTdwtr0XW7H9mdTAAAAAFvsJwBoCAAA2AcAAAIAAAClEuUAlY4FAAAAAQBVU0QAVVNEANgCWgCUdQAA3t4AAgUAAQIAAIwAZyoNQwAAAAA.&cnd=%212yGDdQjq_ekBEKWllAcYACCVnRYwADgAQABI2A9Q29ifAVgAYNkBaABwAHgAgAEAiAEAkAEBmAEBoAEBqAEDsAEAuQEzMzMzMzPDP8EBMzMzMzMzwz_JAeM3kmrxGwFA2QEAAAAAAADwP-ABAPUBmpmZPg..&ccd=%21TwYsQAjq_ekBEKWllAcYlZ0WIAA.&udj=uf%28%27a%27%2C+276362%2C+1399322311%29%3Buf%28%27c%27%2C+3833578%2C+1399322311%29%3Buf%28%27r%27%2C+15012517%2C+1399322311%29%3B&vpid=1058&apid=209734&referrer=http%3A%2F%2Foptimized-by.rubiconproject.com%2Fa%2F9852%2F26428%2F104466-2.html%3F%26cb%3D0.8213536161964778%26tk_st%3D1%26rf%3Dhttp%253A%2F%2Fwww.telegraaf.nl%2Ftv%2Fopmerkelijk%2F22589055%2F___Oorlog_eindigde_in_1949__toch____.html%26rp_s%3Dc%26p_pos%3Datf%26p_screen_res%3D1280x1024&media_subtypes=1&ct=0&dlo=1,Malicious,
http://fra1.ib.adnxs.com/if?enc=MzMzMzMzwz-5SQwCK4e-PwIrhxbZzt8_uUkMAiuHvj8zMzMzMzPDP3ZBTtMc7SQ0JFaVHpltm28qFGhTAAAAAPoPJwAhCQAA2AcAAAIAAAClEuUALJAFAAAAAQBVU0QARVVSANgCWgCwrgAAVI0AAgUAAQIAAI4AYR8DgQAAAAA.&cnd=%21oiCjVQjq_ekBEKWllAcYACCsoBYwADgAQABI2A9Q-p-cAVgAYMwGaABwAHgAgAEAiAEAkAEBmAEBoAEBqAEDsAEAuQEzMzMzMzPDP8EBMzMzMzMzwz_JAYAlWQqNXwFA2QEAAAAAAADwP-ABAPUBmpmZPg..&ccd=%21aQarQAjq_ekBEKWllAcYrKAWIAA.&udj=uf%28%27a%27%2C+276362%2C+1399329834%29%3Buf%28%27c%27%2C+3833578%2C+1399329834%29%3Buf%28%27r%27%2C+15012517%2C+1399329834%29%3B&vpid=1153&apid=265822&referrer=http%3A%2F%2Fwww.2933685.fr&media_subtypes=1&ct=0&dlo=1,Malicious,
http://ams1.ib.adnxs.com/if?enc=mpmZmZmZuT8Tg8DKoUW2PzEIrBxaZOc_E4PAyqFFtj-amZmZmZm5P2qbhyTA7IcicP1wmy-M7F67VWpTAAAAAFyhJgChBgAAawYAAAIAAADJReYAmgoGAAAAAQBVU0QAVVNEANgCWgB3ZgAAhs4AAgUAAQIAAI4A-ijzNQAAAAA.&cnd=%21DiWxCAjrkOsBEMmLmQcYACCalRgwADgAQABI6wxQ3MKaAVgAYOgFaABwAHgAgAEAiAEAkAEBmAEBoAEBqAEDsAEAuQGamZmZmZm5P8EBmpmZmZmZuT_JAdQCpI7QZwBA2QEAAAAAAADwP-ABAPUBAACAPg..&ccd=%218wUEOwjrkOsBEMmLmQcYmpUYIAA.&udj=uf%28%27a%27%2C+129071%2C+1399477691%29%3Buf%28%27c%27%2C+3852395%2C+1399477691%29%3Buf%28%27r%27%2C+15091145%2C+1399477691%29%3B&vpid=661&referrer=http%3A%2F%2Fads.yahoo.com%2Fst%3Fad_type%3Diframe%26ad_size%3D728x90%26section%3D5775856%26pub_url%3D%24%7BPUB_URL%7D&media_subtypes=1&ct=0&dlo=1,Malicious,
http://ib.adnxs.com/tt?id=2614296&referrer=http%3A%2F%2Fpassport.imiplc.com%2Flogin&cb=70391998599,Malicious,
http://ib.adnxs.com/tt?id=2333033&cb={CACHEBUSTER}&referrer={REFERER_URL}&pubclick={CLICK_URL},Malicious,
http://ib.adnxs.com/tt?id=2614296&referrer=http%3A%2F%2Falert.scansafe.net%2Falert%2Fprocess%3Fa%3D-3-D4DiUq-g-eW7zPFgMN4JcJl-NUZtdreQ1FimSHdXY9ntfKkQYfuaLtxZovd3SHk1-O_gG7A4EMp5OcniSt6SEg%26b%3DYDkqmChIbtsGq9WphgQWlKT7Dl0qiGA6hAHtVayvUBj4SLYqZAdNwQyMHUJ9MyPDzNsT0NQCon5GczAUbijm0GNjrgAuHydV__ALsZgKzANUgIJp4yS711qGMU5nMeTR-92LNU52-8wxvIFD2fQiwMIGv8yHFo5pKbGOhihWoMTFMfddg8VO6khm8tCdGQ_YcIedNrtLyxyY67gDFubCh-cQhxOwilpI_GZsDO2buxROEVcSCoAkrT-vTM89OnE0NG0SSb1x42fyuN_4xZJ-6s8giha3bPFf9P3MAMsDrcx5KqfKTzWC2BX5IBmnR3aqfoNqFh-mq7rFhsBJfzQ-b4g9_UvRIa-3Z0JlWXZMsCH8t3WG-ytGl189_N7fpkpq2Kyv-Ng9F2Xf1h_ccCiBpz0oFvwRTR8eODdEhvYUeHB8yn-ff1D8RHvqNKyMEWug198pBC_WvxkF6pMM7cxj3P6PqhfTrJFAio-Z2mQVG6j6mMWoeBoFVxXGoAXYwhDVP8Kgxgp6Ohp634FlmKVspLlB9UB7_v9ES0J31GNmDYQ%26blockedUrl%3Dhttp%253A%252F%252Fwww.888poker.com%252Fmedia%252F888-poker-plus.htm%253Fsr%253D1142540%2526flag%253D100101%2526anid%253D006849409%2526utm_medium%253Dmb%2526utm_source%253D3826%2526utm_campaign%253D30048&cb=28204506732,Malicious,
http://nym1.ib.adnxs.com/if?enc=mpmZmZmZuT-6SQwCK4e2P3WTGARWDt0_u0kMAiuHtj-amZmZmZm5P4-yeDmjRNA99uqTtLcwc09gmWpTAAAAACygDAAnBAAAawYAAAIAAADJReYAoGYCAAAAAQBVU0QAVVNEANgCWgCL0wAA3LABAgUAAQIAAIIAliYzBwAAAAA.&pubclick=http://ad.afy11.net/ad?c%3DA0sDFoB2oUiwtX4x6+A3y2LxmKAnAAAAKYSh0kwJ6bBWFtBXkXwUVf+BjkEjrXzmb6RfUJizxDYZ+F5S7TZsxY4qCJqTgMti!&cnd=%21QCUC7gjrkOsBEMmLmQcYACCgzQkwADgAQABI6wxQrMAyWABg7gRoAHAAeACAAQCIAQCQAQGYAQGgAQGoAQOwAQC5AZqZmZmZmbk_wQGamZmZmZm5P8kB2oles4beAEDZAQAAAAAAAPA_4AEA9QEAAIA-&ccd=%21IgbVOwjrkOsBEMmLmQcYoM0JIAA.&xuid=3xxVNAtKD20CjWFO0WwJvw&udj=uf%28%27a%27%2C+129071%2C+1399495008%29%3Buf%28%27c%27%2C+3852395%2C+1399495008%29%3Buf%28%27r%27%2C+15091145%2C+1399495008%29%3B&vpid=174&apid=127995&referrer=http%3A%2F%2Foptimized-by.rubiconproject.com%2Fa%2Fdk.html%3Fdefaulting_ad%3Dx34b588.js%26account_id%3D7476%26site_id%3D21968%26size_id%3D2%26size%3D728x90&media_subtypes=1&ct=0&dlo=1,Malicious,
http://ams1.ib.adnxs.com/if?enc=MzMzMzMzwz_KoUW28_3AP1K4HoXrUdA_yqFFtvP9wD8zMzMzMzPDP7CnQnwcANJyGUVz6Hif2zitH2hTAAAAAMmYJQBKBQAA2AcAAAIAAAClEuUAF-QFAAAAAQBVU0QAVVNEANgCWgCoEwAAW98AAgUAAQIAAI4A1ibScAAAAAA.&cnd=%21qyBKTgjq_ekBEKWllAcYACCXyBcwADgAQABI2A9QybGWAVgAYKkDaABwAHgAgAEAiAEAkAEBmAEBoAEBqAEDsAEAuQEzMzMzMzPDP8EBMzMzMzMzwz_JAaDfiQcDIwBA2QEAAAAAAADwP-ABAPUBmpmZPg..&ccd=%21fQblQAjq_ekBEKWllAcYl8gXIAA.&udj=uf%28%27a%27%2C+276362%2C+1399332781%29%3Buf%28%27c%27%2C+3833578%2C+1399332781%29%3Buf%28%27r%27%2C+15012517%2C+1399332781%29%3B&vpid=352&referrer=federatedmedia.net&media_subtypes=1&ct=0&dlo=1,Malicious,
http://ams1.ib.adnxs.com/if?enc=mpmZmZmZuT8Tg8DKoUW2P1yPwvUoXOc_E4PAyqFFtj-amZmZmZm5P3pEpCf6akh4Ivy4qd1kMRiBUGpTAAAAAAeyJQDWAwAAawYAAAIAAADJReYAEacDAAAAAQBVU0QAVVNEANgCWgAZIQAA9t4AAgUAAQIAAAAAoygdcwAAAAA.&cnd=%21SiXE-gjrkOsBEMmLmQcYACCRzg4wADgAQABI6wxQh-SWAVgAYKoCaABwAHgAgAEAiAEAkAEBmAEBoAEBqAEDsAEAuQGamZmZmZm5P8EBmpmZmZmZuT_JARj1J-QllP0_2QEAAAAAAADwP-ABAPUBAACAPg..&ccd=%21GQadOwjrkOsBEMmLmQcYkc4OIAA.&udj=uf%28%27a%27%2C+129071%2C+1399476353%29%3Buf%28%27c%27%2C+3852395%2C+1399476353%29%3Buf%28%27r%27%2C+15091145%2C+1399476353%29%3B&vpid=123&referrer=http%3A%2F%2Fwww.pba-online.net%2Fpba%2F&media_subtypes=1&ct=0&dlo=1,Malicious,
http://ams1.ib.adnxs.com/if?enc=MzMzMzMzwz-xne-nxku_P57vp8ZLN-0_sZ3vp8ZLvz8zMzMzMzPDP5VtGgeKbjU1FxOxwN5UP15JKGhTAAAAAFHsJwBoCAAA2AcAAAIAAAClEuUAlY4FAAAAAQBVU0QAVVNEANgCWgCUdQAAJ9cAAgUAAQIAAIwANSXU6gAAAAA.&cnd=%21NyLgcQjq_ekBEKWllAcYACCVnRYwADgAQABI2A9Q0difAVgAYLcDaABwAHgAgAEAiAEAkAEBmAEBoAEBqAEDsAEAuQEzMzMzMzPDP8EBMzMzMzMzwz_JAR9fy7zC4gBA2QEAAAAAAADwP-ABAPUBmpmZPg..&ccd=%21TwYsQAjq_ekBEKWllAcYlZ0WIAA.&udj=uf%28%27a%27%2C+276362%2C+1399334985%29%3Buf%28%27c%27%2C+3833578%2C+1399334985%29%3Buf%28%27r%27%2C+15012517%2C+1399334985%29%3B&vpid=1058&apid=209734&referrer=http%3A%2F%2Fad.doubleclick.net%2FN6254%2Fadi%2Fflight.main%2Flive%3Bsz%3D728x90%2C468x60%3Baircraft_make%3DAirbus%3Baircraft_model%3DA340-600%3Baircraft_type%3DA346%3Bdcove%3Dd%3Bdestination%3DEGLL%3Bdestination_IATA%3DLHR%3Bdestination_state%3D%3Bengine_category%3Dturbine%3Bengine_type%3Dquad-jet%3Bfiled_ete%3D12h%3Bfirst_hit_from_homepage%3Dyes%3Bflightstatus%3Denroute%3Bident%3DVIR201%3Blang%3Den%3Blocale%3Den_GB%3Borigin%3DVHHH%3Borigin_IATA%3DHKG%3Borigin_state%3D%3Bphysclass%3D%3Bprefix%3DVIR%3Btype%3Dairline%3BunitName%3Dflight%3BuserGen%3Df%3Buserclass%3D%3Bdc_ref%3Dhttp%3A%2F%2Fflightaware.com%2Flive%2Fflight%2FVIR201%3Btile%3D2%3Bord%3D5664058&media_subtypes=1&ct=0&dlo=1,Malicious,
http://ams1.ib.adnxs.com/if?enc=mpmZmZmZuT-uR-F6FK63P5HtfD81Xso_rkfhehSutz-amZmZmZm5P4x7oIomHrxSGUmYkHw9JX3_pmpTAAAAABRoIwB2AgAAawYAAAIAAADJReYA3q4FAAAAAQBVU0QAVVNEANgCWgCq4AAAYNsAAgUAAQIAAIwARSmFOgAAAAA.&cnd=%21SiR8CQjrkOsBEMmLmQcYACDe3RYwADgAQABI6wxQlNCNAVgAYNkEaABwAHgAgAEAiAEAkAEBmAEBoAEBqAEDsAEAuQGamZmZmZm5P8EBmpmZmZmZuT_JATKhSV3MAwBA2QEAAAAAAADwP-ABAPUBAACAPg..&ccd=%21fQZyPQjrkOsBEMmLmQcY3t0WIAA.&udj=uf%28%27a%27%2C+129071%2C+1399498495%29%3Buf%28%27c%27%2C+3852395%2C+1399498495%29%3Buf%28%27r%27%2C+15091145%2C+1399498495%29%3B&vpid=77&apid=257140&referrer=http%3A%2F%2Fwww.diziizlehdfull.net%2Fdizi%2Fkara-para-ask-son-bolum-izle&media_subtypes=1&ct=0&dlo=1,Malicious,
http://fra1.ib.adnxs.com/if?enc=mpmZmZmZuT_D9Shcj8K1P_yp8dJNYtA_w_UoXI_CtT-amZmZmZm5PzZs45YiLtVCqy0eoZ-HC3R_oWpTAAAAAMfdJQCZBwAAawYAAAIAAADJReYAF9cFAAAAAQBVU0QAVVNEANgCWgDXNwAADtsAAgUAAQIAAI4AQSuVTQAAAAA.&cnd=%21PyU0-QjrkOsBEMmLmQcYACCXrhcwADgAQABI6wxQx7uXAVgAYKMBaABwAHgAgAEAiAEAkAEBmAEBoAEBqAEDsAEAuQGamZmZmZm5P8EBmpmZmZmZuT_JARecwl_YGv4_2QEAAAAAAADwP-ABAPUBAACAPg..&ccd=%21CAZWOwjrkOsBEMmLmQcYl64XIAA.&udj=uf%28%27a%27%2C+129071%2C+1399497087%29%3Buf%28%27c%27%2C+3852395%2C+1399497087%29%3Buf%28%27r%27%2C+15091145%2C+1399497087%29%3B&vpid=843&apid=260081&referrer=http%3A%2F%2F7online.subsea7.net%2FPages%2Fdefault.aspx&media_subtypes=1&ct=0&dlo=1,Malicious,
http://ams1.ib.adnxs.com/if?enc=a5YYnzLtvD-amZmZmZm5P_YoXI_C9dg_yqFFtvP9wD8zMzMzMzPDP1bFZ81ypIV5k_szMyvIzQio72dTAAAAACLiBgA2AQAA2AcAAAIAAAClEuUAztoAAAAAAQBVU0QAVVNEANgCWgCoAQAACbcAAgUAAQIAAAAAGCk9pQAAAAA.&cnd=%215SCxIwjq_ekBEKWllAcYACDOtQMwADgAQABI2A9QosQbWABgiwVoAHAAeACAAQCIAQCQAQGYAQGgAQGoAQOwAQC5ATMzMzMzM8M_wQEzMzMzMzPDP8kBtyd4LajgAEDZAQAAAAAAAPA_4AEA9QGamZk-&ccd=%21jQZwQQjq_ekBEKWllAcYzrUDIAA.&udj=uf%28%27a%27%2C+276362%2C+1399320488%29%3Buf%28%27c%27%2C+3833578%2C+1399320488%29%3Buf%28%27r%27%2C+15012517%2C+1399320488%29%3B&vpid=47&apid=25002&referrer=http%3A%2F%2Fz1.invisionfree.com%2Fthefall%2Findex.php%3F&media_subtypes=1&ct=0&dlo=1,Malicious,
http://ams1.ib.adnxs.com/if?enc=MzMzMzMzwz_DILByaJG9P99PjZduEuM_wyCwcmiRvT8zMzMzMzPDP32Y--AF4IEl4Ah7y9vsXhE56mdTAAAAAMOXJwBpBwAA2AcAAAIAAAClEuUAHS8GAAAAAQBVU0QAVVNEANgCWgD8vgAAvtIAAgUAAQIAAI4AvCYG6wAAAAA.&cnd=%21ZCCVUgjq_ekBEKWllAcYACCd3hgwADgAQABI2A9Qw6-eAVgAYMgEaABwAHgAgAEAiAEAkAEBmAEBoAEBqAEDsAEAuQEzMzMzMzPDP8EBMzMzMzMzwz_JARE7WUxVagFA2QEAAAAAAADwP-ABAPUBmpmZPg..&ccd=%21mgZeQQjq_ekBEKWllAcYnd4YIAA.&udj=uf%28%27a%27%2C+276362%2C+1399319097%29%3Buf%28%27c%27%2C+3833578%2C+1399319097%29%3Buf%28%27r%27%2C+15012517%2C+1399319097%29%3B&vpid=773&apid=274566&referrer=http%3A%2F%2Fg2g.fm%2F&media_subtypes=1&ct=0&dlo=1,Malicious,
http://ams1.ib.adnxs.com/if?enc=MzMzMzMzwz_KoUW28_3AP1K4HoXrUdA_yqFFtvP9wD8zMzMzMzPDP7dRhiC2D5VQluGd3HRSEG9G-GdTAAAAAMmYJQBKBQAA2AcAAAIAAAClEuUAF-QFAAAAAQBVU0QAVVNEANgCWgCoEwAAnWgAAgUAAQIAAI4ARydPoAAAAAA.&cnd=%21ZyE2WQjq_ekBEKWllAcYACCXyBcwADgAQABI2A9QybGWAVgAYI4GaABwAHgAgAEAiAEAkAEBmAEBoAEBqAEDsAEAuQEzMzMzMzPDP8EBMzMzMzMzwz_JAdQa3pMDpwBA2QEAAAAAAADwP-ABAPUBmpmZPg..&ccd=%21fQblQAjq_ekBEKWllAcYl8gXIAA.&udj=uf%28%27a%27%2C+276362%2C+1399322694%29%3Buf%28%27c%27%2C+3833578%2C+1399322694%29%3Buf%28%27r%27%2C+15012517%2C+1399322694%29%3B&vpid=352&referrer=federatedmedia.net&media_subtypes=1&ct=0&dlo=1,Malicious,
http://fra1.ib.adnxs.com/if?enc=mpmZmZmZuT9nZmZmZma2PxSuR-F6FM4_Z2ZmZmZmtj-amZmZmZm5P1N5bFppBIxzlL96JmzgGg32T2pTAAAAAG-NJgDVBgAAawYAAAIAAADJReYAjFADAAAAAQBVU0QAVVNEANgCWgCDkgAA9YsAAgUAAQIAAI4AOydddwAAAAA.&pubclick=http://media.fastclick.net/w/click.here?cid%3D556996%26mid%3D1103534%26m%3D1%26sid%3D88120%26c%3D0%26tp%3D5%26UD%3DiAGurUOQAcT-IZgBuLAFoAEBqAEF8AEA%26upsid%3D713795716123%26forced_click%3D&cnd=%21bSOqxwjrkOsBEMmLmQcYACCMoQ0wADgAQABI6wxQ75qaAVgAYJQFaABwAHgAgAEAiAEAkAEBmAEBoAEBqAEDsAEAuQGamZmZmZm5P8EBmpmZmZmZuT_JAbMfKskMQwBA2QEAAAAAAADwP-ABAPUBAACAPg..&ccd=%215gXNOgjrkOsBEMmLmQcYjKENIAA.&udj=uf%28%27a%27%2C+129071%2C+1399476214%29%3Buf%28%27c%27%2C+3852395%2C+1399476214%29%3Buf%28%27r%27%2C+15091145%2C+1399476214%29%3B&vpid=734&apid=167838&referrer=http%3A%2F%2Fcdn.optmd.com%2FV2%2F291839%2F868524%2Findex.html&media_subtypes=1&ct=0&dlo=1,Malicious,
http://fra1.ib.adnxs.com/if?enc=mpmZmZmZuT_D9Shcj8K1P6JFtvP91Lg_w_UoXI_CtT-amZmZmZm5P1Thv0otW0UVe1w7G-Wk5lcPOmpTAAAAAAAcIwD6BQAAawYAAAIAAADJReYA-kEFAAAAAQBVU0QAVVNEANgCWgAarAAAi40AAgUAAQIAAIwA-Cle-QAAAAA.&cnd=%21ryXGEgjrkOsBEMmLmQcYACD6gxUwADgAQABI6wxQgLiMAVgAYOsDaABwAHgAgAEAiAEAkAEBmAEBoAEBqAEDsAEAuQGamZmZmZm5P8EBmpmZmZmZuT_JAc7c6m4ACP8_2QEAAAAAAADwP-ABAPUBAACAPg..&ccd=%21PgaTPAjrkOsBEMmLmQcY-oMVIAA.&udj=uf%28%27a%27%2C+129071%2C+1399470607%29%3Buf%28%27c%27%2C+3852395%2C+1399470607%29%3Buf%28%27r%27%2C+15091145%2C+1399470607%29%3B&vpid=480&referrer=http%3A%2F%2Fturystyka.wp.pl&media_subtypes=1&ct=0&dlo=1,Malicious,
http://fra1.ib.adnxs.com/if?enc=mpmZmZmZuT_D9Shcj8K1P0Jg5dAi27k_w_UoXI_CtT-amZmZmZm5P5PK-2xDIP9AXQbIE3bsCDn5QmpTAAAAAKs6IAByBwAAawYAAAIAAADJReYA7OEEAAAAAQBVU0QAVVNEANgCWgAurAAAPcsAAgUAAQIAAIYA4Sp3EAAAAAA.&cnd=%21XCR1EQjrkOsBEMmLmQcYACDswxMwADgAQABI6wxQq_WAAVgAYNUEaABwAHgAgAEAiAEAkAEBmAEBoAEBqAEDsAEAuQGamZmZmZm5P8EBmpmZmZmZuT_JAUSEUsAhQgFA2QEAAAAAAADwP-ABAPUBAACAPg..&ccd=%21bgZHPQjrkOsBEMmLmQcY7MMTIAA.&udj=uf%28%27a%27%2C+129071%2C+1399472889%29%3Buf%28%27c%27%2C+3852395%2C+1399472889%29%3Buf%28%27r%27%2C+15091145%2C+1399472889%29%3B&vpid=785&apid=259580&referrer=http%3A%2F%2Fbanners.adfox.ru%2F131118%2Fadfox%2F302043%2Fredigo_728.html&ct=0&dlo=1,Malicious,
http://fra1.ib.adnxs.com/if?enc=MzMzMzMzwz-xne-nxku_P57vp8ZLN-0_sZ3vp8ZLvz8zMzMzMzPDPwSfPJn26w46FITF0AnGtHC4BGhTAAAAAFHsJwBoCAAA2AcAAAIAAAClEuUAlY4FAAAAAQBVU0QAVVNEANgCWgCUdQAAU4wAAgUAAQIAAIwAMycNkAAAAAA.&cnd=%21VyLgcgjq_ekBEKWllAcYACCVnRYwADgAQABI2A9Q0difAVgAYKwEaABwAHgAgAEAiAEAkAEBmAEBoAEBqAEDsAEAuQEzMzMzMzPDP8EBMzMzMzMzwz_JAZrWgxEauP4_2QEAAAAAAADwP-ABAPUBmpmZPg..&ccd=%21TwYsQAjq_ekBEKWllAcYlZ0WIAA.&udj=uf%28%27a%27%2C+276362%2C+1399325880%29%3Buf%28%27c%27%2C+3833578%2C+1399325880%29%3Buf%28%27r%27%2C+15012517%2C+1399325880%29%3B&vpid=1058&apid=209734&referrer=http%3A%2F%2Fads.mysupermarket.co.uk%2Flandingpages%2FtrafficLandingPage.aspx%3Fcampaign%3Dtraffic&media_subtypes=1&ct=0&dlo=1,Malicious,
http://ams1.ib.adnxs.com/if?enc=mpmZmZmZuT9nZmZmZma2PxSuR-F6FM4_Z2ZmZmZmtj-amZmZmZm5P1itnKTkkAJjyQy4Cm0-OznQiGpTAAAAAG-NJgDVBgAAawYAAAIAAADJReYAjFADAAAAAQBVU0QAVVNEANgCWgCDkgAAab0AAgUAAQIAAI4AZCeLoAAAAAA.&pubclick=http://media.fastclick.net/w/click.here?cid%3D556996%26mid%3D1103534%26m%3D1%26sid%3D88120%26c%3D0%26tp%3D5%26UD%3DiAGurUOQAcT-IZgBuLAFoAEBqAEF8AEA%26upsid%3D575302280795288942%26forced_click%3D&cnd=%211iR7-gjrkOsBEMmLmQcYACCMoQ0wADgAQABI6wxQ75qaAVgAYOkDaABwAHgAgAEAiAEAkAEBmAEBoAEBqAEDsAEAuQGamZmZmZm5P8EBmpmZmZmZuT_JAcItN_StYwBA2QEAAAAAAADwP-ABAPUBAACAPg..&ccd=%215gXNOgjrkOsBEMmLmQcYjKENIAA.&udj=uf%28%27a%27%2C+129071%2C+1399490768%29%3Buf%28%27c%27%2C+3852395%2C+1399490768%29%3Buf%28%27r%27%2C+15091145%2C+1399490768%29%3B&vpid=734&apid=167838&referrer=http%3A%2F%2Fcdn.optmd.com%2FV2%2F291839%2F868524%2Findex.html&media_subtypes=1&ct=0&dlo=1,Malicious,
http://fra1.ib.adnxs.com/if?enc=MzMzMzMzwz-xne-nxku_P57vp8ZLN-0_sZ3vp8ZLvz8zMzMzMzPDP-W-RkVGPmMTFITF0AnGtHC4BGhTAAAAAFHsJwBoCAAA2AcAAAIAAAClEuUAlY4FAAAAAQBVU0QAVVNEANgCWgCUdQAAfMoAAgUAAQIAAIwAISdAdAAAAAA.&cnd=%21piJfewjq_ekBEKWllAcYACCVnRYwADgAQABI2A9Q0difAVgAYKwEaABwAHgAgAEAiAEAkAEBmAEBoAEBqAEDsAEAuQEzMzMzMzPDP8EBMzMzMzMzwz_JASzz5ET83wBA2QEAAAAAAADwP-ABAPUBmpmZPg..&ccd=%21TwYsQAjq_ekBEKWllAcYlZ0WIAA.&udj=uf%28%27a%27%2C+276362%2C+1399325880%29%3Buf%28%27c%27%2C+3833578%2C+1399325880%29%3Buf%28%27r%27%2C+15012517%2C+1399325880%29%3B&vpid=1058&apid=209734&referrer=http%3A%2F%2Fads.mysupermarket.co.uk%2Flandingpages%2FtrafficLandingPage.aspx%3Fcampaign%3Dtraffic&media_subtypes=1&ct=0&dlo=1,Malicious,
http://fra1.ib.adnxs.com/if?enc=mpmZmZmZuT_D9Shcj8K1P9V46SYxCMw_w_UoXI_CtT-amZmZmZm5P0T5SRQR_Aw2JD0UiIxYFyVKPWpTAAAAABb4JACfAwAAawYAAAIAAADJReYAlNUFAAAAAQBVU0QAVVNEANgCWgCMWAAAGo0AAgUAAQIAAI4A5CY03AAAAAA.&cnd=%21KyVqAgjrkOsBEMmLmQcYACCUqxcwADgAQABI6wxQlvCTAVgAYMQBaABwAHgAgAEAiAEAkAEBmAEBoAEBqAEDsAEAuQGamZmZmZm5P8EBmpmZmZmZuT_JAfDM3WoRgABA2QEAAAAAAADwP-ABAPUBAACAPg..&ccd=%21AgY7OwjrkOsBEMmLmQcYlKsXIAA.&udj=uf%28%27a%27%2C+129071%2C+1399471434%29%3Buf%28%27l%27%2C+382356%2C+1399471434%29%3Buf%28%27c%27%2C+3852395%2C+1399471434%29%3Buf%28%27r%27%2C+15091145%2C+1399471434%29%3B&vpid=76&apid=253007&referrer=http%3A%2F%2Fapr.lijit.com%2F%2F%2Fwww%2Fdelivery%2Ffpi.php%3Fcb%3D3364%26flv%3D11.1.102%26fpr%3D0d637332082d63dcb7eaa76967fbd12a%26ifr%3Dtrue%26loc%3Dhttp%253A%252F%252Fmaharashtratimes.indiatimes.com%252Fnation%252FRahul-Gandhi-visits-Amethi-on-polling-day-for-first-time-in-a-decade%252Farticleshow%252F34772821.cms%26od%3Dapr.lijit.com%26premium%3D1%26time%3D14%253A03%253A53%26username%3DGiantRealm%26zoneid%3D156454%26tid%3Db15ea93ed02949ffba6aa77a3111cc05ae20c472%26fd%3D4%26abf%3Dtrue%26ljt_giantid%3D0Ugc0wDs1VNL2KE21A5Ddc2_3S033A033A0%26width%3D728%26height%3D90%26informer%3D7642409%26uri%3Dhttp%3A%2F%2Fwww.lijit.com%2Fusers%2FGiantRealm%26beacon%3D1&media_subtypes=1&ct=0&dlo=1,Malicious,
http://fra1.ib.adnxs.com/if?enc=mpmZmZmZuT_D9Shcj8K1P6JFtvP91Lg_w_UoXI_CtT-amZmZmZm5P-o38atjiDhKzXkO7djn2QBSRGpTAAAAAAAcIwD6BQAAawYAAAIAAADJReYA-kEFAAAAAQBVU0QAVVNEANgCWgAarAAA68sAAgUAAQIAAIwA0ywVugAAAAA.&cnd=%21eCO3zAjrkOsBEMmLmQcYACD6gxUwADgAQABI6wxQgLiMAVgAYKUDaABwAHgAgAEAiAEAkAEBmAEBoAEBqAEDsAEAuQGamZmZmZm5P8EBmpmZmZmZuT_JATxIRj6EigFA2QEAAAAAAADwP-ABAPUBAACAPg..&ccd=%21PgaTPAjrkOsBEMmLmQcY-oMVIAA.&udj=uf%28%27a%27%2C+129071%2C+1399473234%29%3Buf%28%27c%27%2C+3852395%2C+1399473234%29%3Buf%28%27r%27%2C+15091145%2C+1399473234%29%3B&vpid=480&referrer=http%3A%2F%2Fmoto.wp.pl&media_subtypes=1&ct=0&dlo=1,Malicious,
http://fra1.ib.adnxs.com/if?enc=MzMzMzMzwz-rHFpkO9-_P_YoXI_C9dg_qxxaZDvfvz8zMzMzMzPDP8isBB9bRYdHHpOq_uBy9FgB_mdTAAAAANcpJwB2AgAA2AcAAAIAAAClEuUAs48FAAAAAQBVU0QAVVNEANgCWgCAdgAAtMsAAgUAAQIAAIwAqiVnnQAAAAA.&cnd=%21CyIMfQjq_ekBEKWllAcYACCznxYwADgAQABI2A9Q19OcAVgAYM4GaABwAHgAgAEAiAEAkAEBmAEBoAEBqAEDsAEAuQEzMzMzMzPDP8EBMzMzMzMzwz_JAeRFkSxYCf8_2QEAAAAAAADwP-ABAPUBmpmZPg..&ccd=%21bwbKQAjq_ekBEKWllAcYs58WIAA.&udj=uf%28%27a%27%2C+276362%2C+1399324161%29%3Buf%28%27c%27%2C+3833578%2C+1399324161%29%3Buf%28%27r%27%2C+15012517%2C+1399324161%29%3B&vpid=77&apid=240107&referrer=http%3A%2F%2Fib.adnxs.com%2Ftt%3Fid%3D1860052%26cb%3D20140505210917%26referrer%3D%5BREFERRER_URL%5D%26pubclick%3Dhttp%3A%2F%2Fmedia.fastclick.net%2Fw%2Fclick.here%3Fcid%3D557710%26mid%3D1104621%26m%3D1%26sid%3D65338%26c%3D0%26tp%3D5%26UD%3DiAHttUOQAY6FIpgBuv4DoAEBqAEF8AEA%26upsid%3D411102267038629835%26forced_click%3D&media_subtypes=1&ct=0&dlo=1,Malicious,
http://fra1.ib.adnxs.com/if?enc=mpmZmZmZuT_D9Shcj8K1P8P1KFyPwsU_w_UoXI_CtT-amZmZmZm5Py5Mq3-E3IxAnjvk-8E390HLRWpTAAAAAJ4eDwCTBAAAawYAAAIAAADJReYA4bQCAAAAAQBVU0QAVVNEANgCWgCCwQAAqs0AAgUAAQIAAIwA9CzmiwAAAAA.&cnd=%21GSbNHAjrkOsBEMmLmQcYACDh6QowADgAQABI6wxQnr08WABg7gJoAHAAeACAAQCIAQCQAQGYAQGgAQGoAQOwAQC5AZqZmZmZmbk_wQGamZmZmZm5P8kB-a_wcfxXAEDZAQAAAAAAAPA_4AEA9QEAAIA-&ccd=%21gAaNPQjrkOsBEMmLmQcY4ekKIAA.&udj=uf%28%27a%27%2C+129071%2C+1399473611%29%3Buf%28%27c%27%2C+3852395%2C+1399473611%29%3Buf%28%27r%27%2C+15091145%2C+1399473611%29%3B&vpid=238&apid=187270&referrer=http%3A%2F%2Fpinla8.1fichier.com%2F&media_subtypes=1&ct=0&dlo=1,Malicious,
http://fra1.ib.adnxs.com/if?enc=m5mZmZmZuT80MzMzMzOzPzm0yHa-n7o_NDMzMzMzsz-amZmZmZm5P7wql-Q1nesoVASXL0e1gVfaN2pTAAAAAMMBHgBNBQAAawYAAAIAAADJReYAuasCAAAAAQBVU0QAVVNEANgCWgCWbgAAScwAAgUAAQIAAIoArCUz7wAAAAA.&cnd=%21oCS46wjrkOsBEMmLmQcYACC51wowADgAQABI6wxQw4N4WABg1AVoAHAAeACAAQCIAQCQAQGYAQGgAQGoAQOwAQC5AZqZmZmZmbk_wQGamZmZmZm5P8kBYqqwzDBVAEDZAQAAAAAAAPA_4AEA9QEAAIA-&ccd=%21RgZ9PAjrkOsBEMmLmQcYudcKIAA.&udj=uf%28%27a%27%2C+129071%2C+1399470042%29%3Buf%28%27c%27%2C+3852395%2C+1399470042%29%3Buf%28%27r%27%2C+15091145%2C+1399470042%29%3B&vpid=366&apid=165057&referrer=http%3A%2F%2Fs1.gravyseals.com%2Fserve%3Fpid%3D2136%26z%3D94051%26if%3D1%26cb%3D555139417%26s%3DLT_E3519311-518B-4B38-BBBE-3A2DE2A85909%26click%3D&ct=0&dlo=1,Malicious,
http://fra1.ib.adnxs.com/if?enc=m5mZmZmZuT80MzMzMzOzP8dLN4lBYMU_NDMzMzMzsz-amZmZmZm5P-4EUB_SOfVN-kYZg45gSwoFW2pTAAAAACPMJABNBQAAawYAAAIAAADJReYAFSwDAAAAAQBVU0QAVVNEANgCWgD8_QAAKtoAAgUAAQIAAIwAeyMNGwAAAAA.&cnd=%21piRo6gjrkOsBEMmLmQcYACCV2AwwADgAQABI6wxQo5iTAVgAYLoHaABwAHgAgAEAiAEAkAEBmAEBoAEBqAEDsAEAuQGamZmZmZm5P8EBmpmZmZmZuT_JAW_QMaw36ABA2QEAAAAAAADwP-ABAPUBAACAPg..&ccd=%21JQbTOwjrkOsBEMmLmQcYldgMIAA.&udj=uf%28%27a%27%2C+129071%2C+1399479045%29%3Buf%28%27c%27%2C+3852395%2C+1399479045%29%3Buf%28%27r%27%2C+15091145%2C+1399479045%29%3B&vpid=366&apid=219027&referrer=http%3A%2F%2Ftr.adsplats.com%2Fcmp%2F1412355%2Findex.html%3Fsize%3D728x90%26referrer%3D%26VR9pDeFf%3D354_728x90_0&media_subtypes=1&ct=0&dlo=1,Malicious,
http://ams1.ib.adnxs.com/if?enc=MzMzMzMzwz-5SQwCK4e-PwIrhxbZzt8_uUkMAiuHvj8zMzMzMzPDP-uZ2udBZ08suE4qoq3I5V4dvGdTAAAAAPoPJwAhCQAA2AcAAAIAAAClEuUALJAFAAAAAQBVU0QARVVSANgCWgCwrgAAGL0AAgUAAQIAAI4AayJedgAAAAA.&pubclick=http%253A%252F%252Fl.adxcore.com%252Fa%252Fclic%252F%253Fc%253D1061Y29udHJvbGxlcj1jbGljJmFjdGlvbj1pbmRleCZ0eXBlPWNsaWMmbl9jbGljPTY2MTAwNjYzNTc4ODQxJnpvbmU9NjYxMCZiYW5uZXI9MTEwNDY5JnJlbXU9dzUzMG9OejAzY0JuUHRTTGNLU2pRTlkmbWFyZ2U9bURMWU5TS3pYbGdKZmxfRDZlQ1QyYlk%2526redirect%253D&cnd=%21rCB2Swjq_ekBEKWllAcYACCsoBYwADgAQABI2A9Q-p-cAVgAYJACaABwAHgAgAEAiAEAkAEBmAEBoAEBqAEDsAEAuQEzMzMzMzPDP8EBMzMzMzMzwz_JAe6RAzFdLwBA2QEAAAAAAADwP-ABAPUBmpmZPg..&ccd=%21aQarQAjq_ekBEKWllAcYrKAWIAA.&udj=uf%28%27a%27%2C+276362%2C+1399307293%29%3Buf%28%27c%27%2C+3833578%2C+1399307293%29%3Buf%28%27r%27%2C+15012517%2C+1399307293%29%3B&vpid=1153&apid=265822&referrer=http%3A%2F%2Fwww.3361.com&media_subtypes=1&ct=0&dlo=1,Malicious,
http://fra1.ib.adnxs.com/if?enc=MzMzMzMzwz_DILByaJG9P99PjZduEuM_wyCwcmiRvT8zMzMzMzPDPy43JjIclsALBtdsYMIehwXl-mdTAAAAAMOXJwBpBwAA2AcAAAIAAAClEuUAHS8GAAAAAQBVU0QAVVNEANgCWgD8vgAAc8wAAgUAAQIAAI4AlyMw8wAAAAA.&cnd=%21WSIHiAjq_ekBEKWllAcYACCd3hgwADgAQABI2A9Qw6-eAVgAYOYEaABwAHgAgAEAiAEAkAEBmAEBoAEBqAEDsAEAuQEzMzMzMzPDP8EBMzMzMzMzwz_JAVhtyzDf6QBA2QEAAAAAAADwP-ABAPUBmpmZPg..&ccd=%21mgZeQQjq_ekBEKWllAcYnd4YIAA.&udj=uf%28%27a%27%2C+276362%2C+1399323365%29%3Buf%28%27c%27%2C+3833578%2C+1399323365%29%3Buf%28%27r%27%2C+15012517%2C+1399323365%29%3B&vpid=773&apid=274566&referrer=http%3A%2F%2Fg2g.fm%2F&media_subtypes=1&ct=0&dlo=1,Malicious,
http://ams1.ib.adnxs.com/if?enc=MzMzMzMzwz-_yqFFtvO9P7gehetRuM4_v8qhRbbzvT8zMzMzMzPDPzIZHyaw2nJ7JyLfhy1BgwgdGWhTAAAAAB7GJADVBgAA2AcAAAIAAAClEuUAKtEFAAAAAQBVU0QAVVNEANgCWgCgDAAAcmcAAgUAAQIAAI4AFyRmsAAAAAA.&cnd=%21ByFsSQjq_ekBEKWllAcYACCqohcwADgAQABI2A9QnoyTAVgAYOcEaABwAHgAgAEAiAEAkAEBmAEBoAEBqAEDsAEAuQEzMzMzMzPDP8EBMzMzMzMzwz_JAa-FhBk-qQBA2QEAAAAAAADwP-ABAPUBmpmZPg..&ccd=%21agasQAjq_ekBEKWllAcYqqIXIAA.&udj=uf%28%27a%27%2C+276362%2C+1399331101%29%3Buf%28%27c%27%2C+3833578%2C+1399331101%29%3Buf%28%27r%27%2C+15012517%2C+1399331101%29%3B&vpid=734&apid=252492&referrer=dumpaday.com&media_subtypes=1&ct=0&dlo=1,Malicious,
http://ams1.ib.adnxs.com/if?enc=mpmZmZmZuT8L16NwPQq3P4XrUbgehds_C9ejcD0Ktz-amZmZmZm5P-UXBGM4jMVlF6e68ye19iFDVmpTAAAAAExbCAC8AwAAawYAAAIAAADJReYAXiYBAAAAAQBVU0QARVVSANgCWgAgWgAAwtcAAgUAAQIAAAAAQiZzkAAAAAA.&cnd=%21KCWP-AjrkOsBEMmLmQcYACDezAQwADgAQABI6wxQzLYhWABg3wFoAHAAeACAAQCIAQCQAQGYAQGgAQGoAQOwAQC5AZqZmZmZmbk_wQGamZmZmZm5P8kB_5RCYEwX_j_ZAQAAAAAAAPA_4AEA9QEAAIA-&ccd=%21Wgb4PAjrkOsBEMmLmQcY3swEIAA.&udj=uf%28%27a%27%2C+129071%2C+1399477827%29%3Buf%28%27c%27%2C+3852395%2C+1399477827%29%3Buf%28%27r%27%2C+15091145%2C+1399477827%29%3B&vpid=100&apid=153973&referrer=http%3A%2F%2Fwww.calciomercato.it%2F&ct=0&dlo=1,Malicious,
http://fra1.ib.adnxs.com/if?enc=MzMzMzMzwz-xne-nxku_PxKDwMqhRe4_sZ3vp8ZLvz8zMzMzMzPDPx5JAeX9_xJfYMXEBulBuDwUXmhTAAAAAFvsJwBoCAAA2AcAAAIAAAClEuUAlY4FAAAAAQBVU0QAVVNEANgCWgCUdQAAI4wAAgUAAQIAAIwAUyYOSAAAAAA.&cnd=%21ESJXZwjq_ekBEKWllAcYACCVnRYwADgAQABI2A9Q29ifAVgAYJgBaABwAHgAgAEAiAEAkAEBmAEBoAEBqAEDsAEAuQEzMzMzMzPDP8EBMzMzMzMzwz_JAQSGW_UBw_0_2QEAAAAAAADwP-ABAPUBmpmZPg..&ccd=%21TwYsQAjq_ekBEKWllAcYlZ0WIAA.&udj=uf%28%27a%27%2C+276362%2C+1399348756%29%3Buf%28%27c%27%2C+3833578%2C+1399348756%29%3Buf%28%27r%27%2C+15012517%2C+1399348756%29%3B&vpid=1058&apid=209734&referrer=http%3A%2F%2Foptimized-by.rubiconproject.com%2Fa%2F9852%2F26428%2F104466-2.html%3F%26cb%3D0.7419352227222296%26tk_st%3D1%26rf%3Dhttp%253A%2F%2Fwww.telegraaf.nl%2F%26rp_s%3Dc%26p_pos%3Datf%26p_screen_res%3D1680x1050&media_subtypes=1&ct=0&dlo=1,Malicious,
http://ams1.ib.adnxs.com/if?enc=MzMzMzMzwz-xne-nxku_P57vp8ZLN-0_sZ3vp8ZLvz8zMzMzMzPDP6pcf-d-ka0yhe1fHnep9Ak9_WdTAAAAAFvsJwBoCAAA2AcAAAIAAAClEuUAlY4FAAAAAQBVU0QAVVNEANgCWgCUdQAAxMAAAgUAAQIAAIwABClc_AAAAAA.&cnd=%21qyAELAjq_ekBEKWllAcYACCVnRYwADgAQABI2A9Q29ifAVgAYD1oAHAAeACAAQCIAQCQAQGYAQGgAQGoAQOwAQC5ATMzMzMzM8M_wQEzMzMzMzPDP8kBTaqJr1kIAEDZAQAAAAAAAPA_4AEA9QGamZk-&ccd=%21TwYsQAjq_ekBEKWllAcYlZ0WIAA.&udj=uf%28%27a%27%2C+276362%2C+1399323965%29%3Buf%28%27c%27%2C+3833578%2C+1399323965%29%3Buf%28%27r%27%2C+15012517%2C+1399323965%29%3B&vpid=1058&apid=209734&referrer=http%3A%2F%2Foptimized-by.rubiconproject.com%2Fa%2F9852%2F26428%2F104466-2.html%3F%26cb%3D0.9773965408742044%26tk_st%3D1%26rf%3Dhttp%253A%2F%2Fwww.telegraaf.nl%2F%26rp_s%3Dc%26p_pos%3Dbtf%26p_screen_res%3D1536x864&media_subtypes=1&ct=0&dlo=1,Malicious,
http://fra1.ib.adnxs.com/if?enc=MzMzMzMzwz-xne-nxku_P57vp8ZLN-0_sZ3vp8ZLvz8zMzMzMzPDP4Qda52wC0x6YmGI9Nz9fFFo8mdTAAAAAFvsJwBoCAAA2AcAAAIAAAClEuUAlY4FAAAAAQBVU0QAVVNEANgCWgCUdQAAEtQAAgUAAQIAAIwALygM0wAAAAA.&cnd=%21NCGNVAjq_ekBEKWllAcYACCVnRYwADgAQABI2A9Q29ifAVgAYIoBaABwAHgAgAEAiAEAkAEBmAEBoAEBqAEDsAEAuQEzMzMzMzPDP8EBMzMzMzMzwz_JAe43a0IqzwBA2QEAAAAAAADwP-ABAPUBmpmZPg..&ccd=%21TwYsQAjq_ekBEKWllAcYlZ0WIAA.&udj=uf%28%27a%27%2C+276362%2C+1399321192%29%3Buf%28%27c%27%2C+3833578%2C+1399321192%29%3Buf%28%27r%27%2C+15012517%2C+1399321192%29%3B&vpid=1058&apid=209734&referrer=http%3A%2F%2Foptimized-by.rubiconproject.com%2Fa%2F9852%2F26428%2F104466-2.html%3F%26cb%3D0.5820485324187007%26tk_st%3D1%26rf%3Dhttp%253A%2F%2Fwww.telegraaf.nl%2F%26rp_s%3Dc%26p_pos%3Datf%26p_screen_res%3D1920x1080&media_subtypes=1&ct=0&dlo=1,Malicious,
http://fra1.ib.adnxs.com/if?enc=m5mZmZmZuT80MzMzMzOzPzm0yHa-n7o_NDMzMzMzsz-amZmZmZm5P9_Tl5cvk79_VASXL0e1gVfbN2pTAAAAAMMBHgBNBQAAawYAAAIAAADJReYAuasCAAAAAQBVU0QAVVNEANgCWgCWbgAAOs0AAgUAAQIAAIoAOSaQIgAAAAA.&cnd=%21hyRe6AjrkOsBEMmLmQcYACC51wowADgAQABI6wxQw4N4WABg1AVoAHAAeACAAQCIAQCQAQGYAQGgAQGoAQOwAQC5AZqZmZmZmbk_wQGamZmZmZm5P8kBpaARfFLQAEDZAQAAAAAAAPA_4AEA9QEAAIA-&ccd=%21RgZ9PAjrkOsBEMmLmQcYudcKIAA.&udj=uf%28%27a%27%2C+129071%2C+1399470043%29%3Buf%28%27c%27%2C+3852395%2C+1399470043%29%3Buf%28%27r%27%2C+15091145%2C+1399470043%29%3B&vpid=366&apid=165057&referrer=http%3A%2F%2Fs1.gravyseals.com%2Fserve%3Fpid%3D2136%26z%3D94051%26if%3D1%26cb%3D555139417%26s%3DLT_E3519311-518B-4B38-BBBE-3A2DE2A85909%26click%3D&ct=0&dlo=1,Malicious,
http://ams1.ib.adnxs.com/if?enc=MjMzMzMzwz_UeOkmMQjAP0oMAiuHFuk_1HjpJjEIwD8zMzMzMzPDP1dKbfK9ESFmqbb1KE0vlwFMHWhTAAAAAOq1JwBfAAAA2AcAAAIAAAClEuUA-TIGAAAAAQBVU0QAVVNEANgCWgBSAAAABM4AAgUAAQIAAAAA7R_rCQAAAAA.&cnd=%21niKWuwjq_ekBEKWllAcYACD55RgwADgAQABI2A9Q6uueAVgAYNEHaABwAHgAgAEAiAEAkAEBmAEBoAEBqAEDsAEAuQEzMzMzMzPDP8EBMzMzMzMzwz_JAYIBTUAn5_w_2QEAAAAAAADwP-ABAPUBmpmZPg..&ccd=%21_QZGQwjq_ekBEKWllAcY-eUYIAA.&udj=uf%28%27a%27%2C+276362%2C+1399332172%29%3Buf%28%27c%27%2C+3833578%2C+1399332172%29%3Buf%28%27r%27%2C+15012517%2C+1399332172%29%3B&vpid=14&apid=267860&referrer=http%3A%2F%2Fad.housepetscomic.info%2Fads%2Fad499.html&media_subtypes=1&ct=0&dlo=1,Malicious,
http://fra1.ib.adnxs.com/if?enc=m5mZmZmZuT80MzMzMzOzP0oMAiuHFrk_NDMzMzMzsz-amZmZmZm5P-NUrv5yLUhVvCtO616Ss2BjSWpTAAAAACYzDQAdAgAAawYAAAIAAADJReYABnYCAAAAAQBVU0QAVVNEANgCWgBP9AAA98oAAgUAAQIAAIIANCNq3QAAAAA.&cnd=%21yCRk1gjrkOsBEMmLmQcYACCG7AkwADgAQABI6wxQpuY0WABgpAFoAHAAeACAAQCIAQCQAQGYAQGgAQGoAQOwAQC5AZqZmZmZmbk_wQGamZmZmZm5P8kBPTuCO2vq_T_ZAQAAAAAAAPA_4AEA9QEAAIA-&ccd=%21JwbPOwjrkOsBEMmLmQcYhuwJIAA.&udj=uf%28%27a%27%2C+129071%2C+1399474531%29%3Buf%28%27c%27%2C+3852395%2C+1399474531%29%3Buf%28%27r%27%2C+15091145%2C+1399474531%29%3B&vpid=45&apid=98264&referrer=egrana.com.br&ct=0&dlo=1,Malicious,
http://fra1.ib.adnxs.com/if?enc=m5mZmZmZuT80MzMzMzOzPzm0yHa-n7o_NDMzMzMzsz-amZmZmZm5P6n6-ZEiazkUVASXL0e1gVfYN2pTAAAAAMMBHgBNBQAAawYAAAIAAADJReYAuasCAAAAAQBVU0QAVVNEANgCWgCWbgAACowAAgUAAQIAAIoA7CSy1AAAAAA.&cnd=%21_iVECAjrkOsBEMmLmQcYACC51wowADgAQABI6wxQw4N4WABg1AVoAHAAeACAAQCIAQCQAQGYAQGgAQGoAQOwAQC5AZqZmZmZmbk_wQGamZmZmZm5P8kBizl27fhP_j_ZAQAAAAAAAPA_4AEA9QEAAIA-&ccd=%21RgZ9PAjrkOsBEMmLmQcYudcKIAA.&udj=uf%28%27a%27%2C+129071%2C+1399470040%29%3Buf%28%27c%27%2C+3852395%2C+1399470040%29%3Buf%28%27r%27%2C+15091145%2C+1399470040%29%3B&vpid=366&apid=165057&referrer=http%3A%2F%2Fs1.gravyseals.com%2Fserve%3Fpid%3D2136%26z%3D94051%26if%3D1%26cb%3D555139417%26s%3DLT_E3519311-518B-4B38-BBBE-3A2DE2A85909%26click%3D&ct=0&dlo=1,Malicious,
http://ams1.ib.adnxs.com/if?enc=MjMzMzMzwz_y_dR46Sa5PzvfT42XbtI_8v3UeOkmuT8zMzMzMzPDPw9Jrz2MkaQXa7Yt6SEO1kqiEGhTAAAAAKPnJQBNBQAA2AcAAAIAAAClEuUAOOMFAAAAAQBVU0QAVVNEANgCWgDoNwAAItcAAgUAAQIAAI4AYiahRAAAAAA.&cnd=%21IiJjeAjq_ekBEKWllAcYACC4xhcwADgAQABI2A9Qo8-XAVgAYKsDaABwAHgAgAEAiAEAkAEBmAEBoAEBqAEDsAEAuQEzMzMzMzPDP8EBMzMzMzMzwz_JAbHskpRYdgFA2QEAAAAAAADwP-ABAPUBmpmZPg..&ccd=%21nAaCQQjq_ekBEKWllAcYuMYXIAA.&udj=uf%28%27a%27%2C+276362%2C+1399328930%29%3Buf%28%27c%27%2C+3833578%2C+1399328930%29%3Buf%28%27r%27%2C+15012517%2C+1399328930%29%3B&vpid=366&apid=247373&referrer=http%3A%2F%2Fweheartbaking.com%2Fadserver%2F728.html&media_subtypes=1&ct=0&dlo=1,Malicious,
http://ams1.ib.adnxs.com/if?enc=mpmZmZmZuT9rvHSTGAS2P0Jg5dAi2-k_a7x0kxgEtj-amZmZmZm5P4b3ptXB3TNEWC-wHBT_9EgqX2pTAAAAAP66JwAIBwAAawYAAAIAAADJReYAcx0EAAAAAQBVU0QAVVNEANgCWgAv2QAAWN8AAgUAAQIAAI4A2yj5PwAAAAA.&cnd=%21AyZ6VgjrkOsBEMmLmQcYACDzuhAwADgAQABI6wxQ_vWeAVgAYPgFaABwAHgAgAEAiAEAkAEBmAEBoAEBqAEDsAEAuQGamZmZmZm5P8EBmpmZmZmZuT_JAbULbBh0n_8_2QEAAAAAAADwP-ABAPUBAACAPg..&ccd=%21aQY9PQjrkOsBEMmLmQcY87oQIAA.&udj=uf%28%27a%27%2C+129071%2C+1399480106%29%3Buf%28%27c%27%2C+3852395%2C+1399480106%29%3Buf%28%27r%27%2C+15091145%2C+1399480106%29%3B&vpid=726&apid=180120&referrer=http%3A%2F%2Fwww.portalnet.cl%2Fcomunidad%2Fovni-aventura.417%2F1147578-los-misterios-del-lago-llanquihue-extensa-investigacion-1965-a.html&media_subtypes=1&ct=0&dlo=1,Malicious,
http://ams1.ib.adnxs.com/if?enc=mpmZmZmZuT8L16NwPQq3P39qvHSTGMQ_C9ejcD0Ktz-amZmZmZm5P9QZgRfxZ5YI-v6pjk9U6hHSTmpTAAAAACtjJAA8AQAAawYAAAIAAADJReYAGcMFAAAAAQBVU0QAVVNEANgCWgBl3AAASt4AAgUAAQIAAIwAsifAvAAAAAA.&cnd=%21xyNJwgjrkOsBEMmLmQcYACCZhhcwADgAQABI6wxQq8aRAVgAYIIEaABwAHgAgAEAiAEAkAEBmAEBoAEBqAEDsAEAuQGamZmZmZm5P8EBmpmZmZmZuT_JATuTkl-dSQFA2QEAAAAAAADwP-ABAPUBAACAPg..&ccd=%214gXAOgjrkOsBEMmLmQcYmYYXIAA.&udj=uf%28%27a%27%2C+129071%2C+1399475922%29%3Buf%28%27c%27%2C+3852395%2C+1399475922%29%3Buf%28%27r%27%2C+15091145%2C+1399475922%29%3B&vpid=46&apid=259744&referrer=http%3A%2F%2Fapr.lijit.com%2F%2F%2Fwww%2Fdelivery%2Ffpi.php%3Fcb%3D2832%26flv%3D12.0.0%26fpr%3D0d637332082d63dcb7eaa76967fbd12a%26ifr%3Dtrue%26loc%3Dhttp%253A%252F%252Fimsports.rediff.com%252Fscore%252Fin_asa_102153.html%26od%3Dimsports.rediff.com%26premium%3D1%26time%3D15%253A18%253A41%26username%3Dmetanetworks%26zoneid%3D205201%26tid%3D8239ec4cc8304c3bb3a3736e26283272bdba9754%26fd%3D1%26abf%3Dfalse%26width%3D728%26height%3D90%26informer%3D7217771%26uri%3Dhttp%3A%2F%2Fwww.lijit.com%2Fusers%2Fmetanetworks%26beacon%3D1&media_subtypes=1&ct=0&dlo=1,Malicious,
http://fra1.ib.adnxs.com/if?enc=m5mZmZmZuT80MzMzMzOzPzm0yHa-n7o_NDMzMzMzsz-amZmZmZm5P0Pf5Y7kK9RZVASXL0e1gVfYN2pTAAAAAMMBHgBNBQAAawYAAAIAAADJReYAuasCAAAAAQBVU0QAVVNEANgCWgCWbgAAcNQAAgUAAQIAAIoAZCaAIAAAAAA.&cnd=%21rCMR0wjrkOsBEMmLmQcYACC51wowADgAQABI6wxQw4N4WABg1AVoAHAAeACAAQCIAQCQAQGYAQGgAQGoAQOwAQC5AZqZmZmZmbk_wQGamZmZmZm5P8kBdw5RgTuHAEDZAQAAAAAAAPA_4AEA9QEAAIA-&ccd=%21RgZ9PAjrkOsBEMmLmQcYudcKIAA.&udj=uf%28%27a%27%2C+129071%2C+1399470040%29%3Buf%28%27c%27%2C+3852395%2C+1399470040%29%3Buf%28%27r%27%2C+15091145%2C+1399470040%29%3B&vpid=366&apid=165057&referrer=http%3A%2F%2Fs1.gravyseals.com%2Fserve%3Fpid%3D2136%26z%3D94051%26if%3D1%26cb%3D555139417%26s%3DLT_E3519311-518B-4B38-BBBE-3A2DE2A85909%26click%3D&ct=0&dlo=1,Malicious,
http://ib.adnxs.com/tt?id=2446839&cb=1399480291&referrer=${REFERRER_URL}&pubclick=http://ams1.ib.adnxs.com/click?exSuR-F6lD9IUPwYc9eSP7gehetRuM4_SFD8GHPXkj97FK5H4XqUP7wt9BAdA2lBNkDvdTsCCUjjX2pTAAAAACqWJQDIAQAAgAcAAAIAAAADScAAm5gFAAAAAQBVU0QAVVNEANgCWgCjiAAA_b0DAQUAAQIAAIwAciWW6QAAAAA./cnd=%21MgUEMQi2g6kBEIOSgQYYm7EWIAA./referrer=http%3A%2F%2Ffra1.ib.adnxs.com%2Fif%3Fenc%3DAAAAAAAAAAAAAAAAAAAAAB1aZDvfzxNAAAAAAAAAAAAAAAAAAAAAADz_HC7AVMZ_NkDvdTsCCUjjX2pTAAAAAK1-HwCWAQAAlgEAAAIAAABZYqkAhk8CAAAAAQAAAAAAVVNEANgCWgCcwgAAAAAAAgIAAQIAAIoAIhRsPAAAAAA./clickenc=,Malicious,
http://ams1.ib.adnxs.com/if?enc=MzMzMzMzwz_KoUW28_28P5huEoPAyuk_yqFFtvP9vD8zMzMzMzPDPz2baDlKQlMFRzK7UvA_yF1SzmdTAAAAACXLFQA5BAAA2AcAAAIAAAClEuUAprYDAAAAAQBVU0QAVVNEANgCWgB-qAAADLkAAgUAAQIAAIYADya_NQAAAAA.&cnd=%21pSGKTgjq_ekBEKWllAcYACCm7Q4wADgAQABI2A9QpZZXWABg3wdoAHAAeACAAQCIAQCQAQGYAQGgAQGoAQOwAQC5ATMzMzMzM8M_wQEzMzMzMzPDP8kBDBxDtdJa_j_ZAQAAAAAAAPA_4AEA9QGamZk-&ccd=%21qAapQQjq_ekBEKWllAcYpu0OIAA.&udj=uf%28%27a%27%2C+276362%2C+1399311954%29%3Buf%28%27c%27%2C+3833578%2C+1399311954%29%3Buf%28%27r%27%2C+15012517%2C+1399311954%29%3B&vpid=195&referrer=http%3A%2F%2Ftechgeekbox.com%2F%3Futm_source%3DFQ_13259_537328&ct=0&dlo=1,Malicious,
http://ib.adnxs.com/tt?id=2598592&cb=1030629102&referrer=http%3A%2F%2Fsupportcentral.ge.com%2Fprocessmaps%2Fform_new_request.asp,Malicious,
http://fra1.ib.adnxs.com/if?enc=mpmZmZmZuT_D9Shcj8K1P9V46SYxCMw_w_UoXI_CtT-amZmZmZm5P3Z4x2SsHI8n8I6Bnebe9zmwUWpTAAAAABb4JACfAwAAawYAAAIAAADJReYAldUFAAAAAQBVU0QAVVNEANgCWgCMWAAAB40AAgUAAQIAAI4AbSuiPwAAAAA.&cnd=%21zCTC6AjrkOsBEMmLmQcYACCVqxcwADgAQABI6wxQlvCTAVgAYIADaABwAHgAgAEAiAEAkAEBmAEBoAEBqAEDsAEAuQGamZmZmZm5P8EBmpmZmZmZuT_JAbjJESTc5ABA2QEAAAAAAADwP-ABAPUBAACAPg..&ccd=%21AwZAOwjrkOsBEMmLmQcYlasXIAA.&udj=uf%28%27a%27%2C+129071%2C+1399476656%29%3Buf%28%27l%27%2C+382357%2C+1399476656%29%3Buf%28%27c%27%2C+3852395%2C+1399476656%29%3Buf%28%27r%27%2C+15091145%2C+1399476656%29%3B&vpid=76&apid=253007&referrer=http%3A%2F%2Fapr.lijit.com%2F%2F%2Fwww%2Fdelivery%2Ffpi.php%3Fcb%3D6755%26flv%3D11.8.800%26fpr%3D84afdd6fdfde36bd464f0597108d5673%26ifr%3Dtrue%26loc%3Dhttp%253A%252F%252Fsearchquotes.com%26od%3Dib.adnxs.com%26premium%3D1%26time%3D15%253A30%253A53%26username%3DGiantRealm%26zoneid%3D156454%26tid%3D4fe833844b334e239d0b4fbbd4b569131fc984b5%26fd%3D3%26abf%3Dfalse%26ljt_giantid%3D0Ugd0wDs1VNL2KE20t_XTJ2_3S033A033A0%26width%3D728%26height%3D90%26informer%3D7642409%26uri%3Dhttp%3A%2F%2Fwww.lijit.com%2Fusers%2FGiantRealm&media_subtypes=1&ct=0&dlo=1,Malicious,
http://ams1.ib.adnxs.com/if?enc=mpmZmZmZuT_D9Shcj8K1P1pkO99Pjbc_w_UoXI_CtT-amZmZmZm5P-1LfpIzPEtxd20o8kIc9XwOg2pTAAAAAGnHFQD0AwAAawYAAAIAAADJReYAI7YDAAAAAQBVU0QAVVNEANgCWgApsQAAlL0AAgUAAQIAAIYAoCnomQAAAAA.&pubclick=http://www.burstnet.com/burstmedia/clk/BCPG230483.373540.561996/VTS%3D8iZfd.tTt8/SZ%3D728X90A/a%3Da/s%3D22297/FPR/V%3D4.0S//REDIRURL%3D&cnd=%21GiWW6gjrkOsBEMmLmQcYACCj7A4wADgAQABI6wxQ6Y5XWABgjwZoAHAAeACAAQCIAQCQAQGYAQGgAQGoAQOwAQC5AZqZmZmZmbk_wQGamZmZmZm5P8kBn2100AJq_T_ZAQAAAAAAAPA_4AEA9QEAAIA-&ccd=%21SQZvPAjrkOsBEMmLmQcYo-wOIAA.&udj=uf%28%27a%27%2C+129071%2C+1399489294%29%3Buf%28%27c%27%2C+3852395%2C+1399489294%29%3Buf%28%27r%27%2C+15091145%2C+1399489294%29%3B&vpid=167&apid=167368&referrer=www.thegoodpubguide.co.uk%2F&ct=0&dlo=1,Malicious,
http://ib.adnxs.com/tt?id=2614296&referrer=http%3A%2F%2Falert.scansafe.net%2Falert%2Fprocess%3Fa%3D-3-TvVLePI1Yfht89p-s4HTLe0cUrGwqsHTkbmiHw7ae8R8tKnDe7nFUpf3mopv7SzbL0-7QJzlTImkjVh99kBS7g%26b%3DmaCNw8XqExMyxHKYQKDq_KSOlE2y1f5jovyVdr38hGHFltR0rH74p_3hOBrkmW3C17jb9wklY3FkrOaOyYAj-B8GjovHka_O8X9XZVSaEvfEcVNeIQlUN29OeK0P8xGUAlCx4Z82ZSeRXJXDUvB7Brl4qI3xPSdNwNkHjO2vnr7mhkSZY3vTmToNH8A2cRjbosZW63QC9BnhjFEcVdmDdgl_OzlS9r7ZNgwNjNW2z1U52FELYhdS0-JXEbchb2AoMoOkabGA8iZonVSHPx51rsOw6TXi0BvAIogjvgTgfEjFoYEx5SZKx92NfwOgPHY7lX0DIWmf6ueaRibviYM5uX0YmQ4fOzkMRWhfa3kP7tzFXwqlcbXAS--VzLXHzKbd0-fzg09E9HTqwRveQngqUpAsbZpXofkBHal2xb26b5tIachhCa7s1qZMEAPry3vBdrKxoEs9Fp9kv7oAOf07zEvLVLZR_gUZHtu-OEEESuxKAF1H-aVr-GfLFNTlTeXrDeXUnodzYLXdVnLsC3ELL9-sjWcaHp9asiGcyUvvuH4aafVvEUPbTtLieUA6V4e7uSQJtv2xuKgbJxKgBS-XjASbnBLHyb0ZMca9BV_LqnDdVnLsC3ELL7n6HpCDZlt-X1uJmCa8tl9mz1TbbAl27h1FA_F0YKmpiIrwlAMWU0h1zPAuq-OR6Z7dztikpgx9%26blockedUrl%3Dhttp%253A%252F%252Fs.m2pub.com%252Fplayer.html%253Fa%253D23852156%2526context%253Dc28531001%2526size%253D800x600%2526rt%253Dpopunder%2526ci%253D10%2526SOURCEURL%253D1700-1049.com%2526r%253Dhttp%25253A%25252F%25252Frvzr-a.akamaihd.net%25252Fsd%25252Fdw32.html%25253Fu%25253Dhttps%2525253A%2525252F%2525252Fm2pub.adk2.co%2525252Fmatomy%2525252Fscripts%2525252Fdirect%2525252Fdirect.html%2525253Fa%2525253D23852156%25252526serverdomain%2525253Ds.m2pub.com%25252526context%2525253Dc28531001%25252526size%2525253D800x600%25252526rt%2525253Dpopunder%25252526ci%2525253D10%25252526SOURCEURL%2525253D1700-1049.com%252526p%25253DOnlineBrowserAdvertising%252526a%25253Dredirect%252526c%25253D1700-1049%252526b%25253Dmsie%252526bv%25253D7%252526t1%25253D1&cb=1700480452,Malicious,
http://fra1.ib.adnxs.com/if?enc=mpmZmZmZuT_D9Shcj8K1P7bz_dR46dY_w_UoXI_CtT-amZmZmZm5P1aN73VfgYQ8-mIG0W2zrGjYaWpTAAAAANdxGADcBgAAawYAAAIAAADJReYAKi0EAAAAAQBVU0QAVVNEANgCWgDOjgAAGcwAAgUAAQIAAIoAQy04CgAAAAA.&cnd=%21uiQAzQjrkOsBEMmLmQcYACCq2hAwADgAQABI6wxQ1-NhWABgKmgAcAB4AIABAIgBAJABAZgBAaABAagBA7ABALkBmpmZmZmZuT_BAZqZmZmZmbk_yQFtdFAUnaD-P9kBAAAAAAAA8D_gAQD1AQAAgD4.&ccd=%21QAZQPAjrkOsBEMmLmQcYqtoQIAA.&udj=uf%28%27a%27%2C+129071%2C+1399482840%29%3Buf%28%27c%27%2C+3852395%2C+1399482840%29%3Buf%28%27r%27%2C+15091145%2C+1399482840%29%3B&vpid=689&apid=151516&referrer=http%3A%2F%2Fhowtodoinjava.com%2F2012%2F10%2F23%2Fimplementing-factory-design-pattern-in-java%2F&media_subtypes=1&ct=0&dlo=1,Malicious,
http://ams1.ib.adnxs.com/if?enc=mpmZmZmZuT9jEFg5tMi2P3WTGARWDt0_YxBYObTItj-amZmZmZm5Pzzv-GPAZlQTtn2AQWQq7Slzi2pTAAAAAPoPJwAhCQAAawYAAAIAAADJReYALJAFAAAAAQBVU0QARVVSANgCWgCwrgAArt4AAgUAAQIAAI4AJCdtXwAAAAA.&pubclick=http%253A%252F%252Fl.adxcore.com%252Fa%252Fclic%252F%253Fc%253D1609Y29udHJvbGxlcj1jbGljJmFjdGlvbj1pbmRleCZ0eXBlPWNsaWMmbl9jbGljPTY2MTM0MDE4MTA1NzkwMTUmem9uZT02NjEzNCZiYW5uZXI9MTEwNDY5JnJlbXU9NzU1OTFCODMxYUROcnN0cjZCRi1NU1UmbWFyZ2U9UWNFNkFZYWwwTEhPcXlmMDUzd01YV2c%2526redirect%253D&cnd=%21FyaYJAjrkOsBEMmLmQcYACCsoBYwADgAQABI6wxQ-p-cAVgAYOYGaABwAHgAgAEAiAEAkAEBmAEBoAEBqAEDsAEAuQGamZmZmZm5P8EBmpmZmZmZuT_JAUTMUn2IzP8_2QEAAAAAAADwP-ABAPUBAACAPg..&ccd=%21DgaEOwjrkOsBEMmLmQcYrKAWIAA.&udj=uf%28%27a%27%2C+129071%2C+1399491443%29%3Buf%28%27c%27%2C+3852395%2C+1399491443%29%3Buf%28%27r%27%2C+15091145%2C+1399491443%29%3B&vpid=1153&apid=265822&referrer=http%3A%2F%2Fwww.16007.com&media_subtypes=1&ct=0&dlo=1,Malicious,
http://ams1.ib.adnxs.com/if?enc=MzMzMzMzwz-xne-nxku_P57vp8ZLN-0_sZ3vp8ZLvz8zMzMzMzPDP_w4V5cxPdZHYDaKIU1lWQXdGWhTAAAAAFvsJwBoCAAA2AcAAAIAAAClEuUAlY4FAAAAAQBVU0QAVVNEANgCWgCUdQAAxtcAAgUAAQIAAIwAciYgLwAAAAA.&cnd=%21DCIDfwjq_ekBEKWllAcYACCVnRYwADgAQABI2A9Q29ifAVgAYPgBaABwAHgAgAEAiAEAkAEBmAEBoAEBqAEDsAEAuQEzMzMzMzPDP8EBMzMzMzMzwz_JASP0kYIR-gBA2QEAAAAAAADwP-ABAPUBmpmZPg..&ccd=%21TwYsQAjq_ekBEKWllAcYlZ0WIAA.&udj=uf%28%27a%27%2C+276362%2C+1399331293%29%3Buf%28%27c%27%2C+3833578%2C+1399331293%29%3Buf%28%27r%27%2C+15012517%2C+1399331293%29%3B&vpid=1058&apid=209734&referrer=http%3A%2F%2Foptimized-by.rubiconproject.com%2Fa%2F9852%2F26428%2F104466-2.html%3F%26cb%3D0.016495766231367115%26tk_st%3D1%26rf%3Dhttp%253A%2F%2Fwww.telegraaf.nl%2F%26rp_s%3Dc%26p_pos%3Datf%26p_screen_res%3D1920x1080&media_subtypes=1&ct=0&dlo=1,Malicious,
http://fra1.ib.adnxs.com/if?enc=mpmZmZmZuT9eukkMAiu3PwAAAAAAAPA_XrpJDAIrtz-amZmZmZm5P0KuxmgsO492ZSm1Lzoq4wCVempTAAAAAMIeKACTBwAAawYAAAIAAADJReYAq70FAAAAAQBVU0QAVVNEANgCWgA4zQAAYdoAAgUAAQIAAIwA1iIHsgAAAAA.&pubclick=http://fra1.ib.adnxs.com/click?V0Puu0OjqT_S0ICA4AWlPwAAAAAAAPA_0tCAgOAFpT9XQ-67Q6OpP8AWRoxokslUZSm1Lzoq4wCMempTAAAAAJV8JwDtCAAAUAMAAAIAAABP6uQAhysGAAAAAQBVU0QAVVNEANgCWgAwogAA_IwAAQUAAQIAAI4AuCUi7wAAAAA./cnd%3D%2521yQaZQwj6-88BEM_UkwcYh9cYIAA./referrer%3Dhttp%253A%252F%252Fwww.youtube.com/clickenc%3Dhttp%253A%252F%252Fclickeu.tractionize.com%252Fst%253Fcipid%253D206120%2526ttype%253D1%2526crid%253D1483468%2526dast%253DYm89MSZzbGlkPTAmc3ViaWQ9MTA0NyZzbz0xJmNpY21wPTE1MjAxOCZwdWJpZD0xNzAwJmNpcGlkPTIwNjEyMCZjaXNpZD0zMjg3MTZBMDYwMTk1MTQ1MjIwNzc1MTUzJmNpcmlkPTMyODcxNkEwNjAxOTUxNDY0MTk2MzQxMTAmY2l1aWQ9Mjk0MzY5ODYyOTkyNDM3MTY1NiZjcmlkPTE0ODM0NjgmZXhjaWQ9MjImbW10PS0xJmNudHJ5PTIyNg%253D%253D%2526cmcv%253D%2524%257BCMCV%257D%2526tgtf%253D%26cb%3D1399487116&cnd=%21kyVRHwjrkOsBEMmLmQcYACCr-xYwADgAQABI6wxQwr2gAVgAYLUDaABwAHgAgAEAiAEAkAEBmAEBoAEBqAEDsAEAuQGamZmZmZm5P8EBmpmZmZmZuT_JARVIRDjX8P4_2QEAAAAAAADwP-ABAPUBAACAPg..&ccd=%21aAbrPAjrkOsBEMmLmQcYq_sWIAA.&udj=uf%28%27a%27%2C+129071%2C+1399487125%29%3Buf%28%27c%27%2C+3852395%2C+1399487125%29%3Buf%28%27r%27%2C+15091145%2C+1399487125%29%3B&vpid=857&apid=265483&referrer=http%3A%2F%2Fwww.youtube.com&media_subtypes=1&ct=0&dlo=1,Malicious,
http://ams1.ib.adnxs.com/if?enc=m5mZmZmZuT80MzMzMzOzPxsv3SQGgcU_NDMzMzMzsz-amZmZmZm5P1DDo3POOgZ0A_yJrhEioyY3Y2pTAAAAACWfJQAdAgAAawYAAAIAAADJReYAD1YFAAAAAQBVU0QAVVNEANgCWgBLIwAAJdMAAgUAAQIAAI4AWCGHtQAAAAA.&cnd=%21IiZuCAjrkOsBEMmLmQcYACCPrBUwADgAQABI6wxQpb6WAVgAYLsDaABwAHgAgAEAiAEAkAEBmAEBoAEBqAEDsAEAuQGamZmZmZm5P8EBmpmZmZmZuT_JAZlTxnmZ9v8_2QEAAAAAAADwP-ABAPUBAACAPg..&ccd=%21_AUgOwjrkOsBEMmLmQcYj6wVIAA.&udj=uf%28%27a%27%2C+129071%2C+1399481143%29%3Buf%28%27c%27%2C+3852395%2C+1399481143%29%3Buf%28%27r%27%2C+15091145%2C+1399481143%29%3B&vpid=45&apid=240647&referrer=amazinglytimedphotos.com&media_subtypes=1&ct=0&dlo=1,Malicious,
http://fra1.ib.adnxs.com/if?enc=mpmZmZmZuT-uR-F6FK63PwAAAAAAAPA_rkfhehSutz-amZmZmZm5P9Ly_yznPZgq41iUzOaawAcLgGpTAAAAAOoQKAB2AgAAawYAAAIAAADJReYAaz8GAAAAAQBVU0QAVVNEANgCWgDR0AAA34wAAgUAAQIAAI4AvygY1QAAAAA.&cnd=%217CSfNwjrkOsBEMmLmQcYACDr_hgwADgAQABI6wxQ6qGgAVgAYOsBaABwAHgAgAEAiAEAkAEBmAEBoAEBqAEDsAEAuQGamZmZmZm5P8EBmpmZmZmZuT_JARX7nwYklwFA2QEAAAAAAADwP-ABAPUBAACAPg..&ccd=%21rQY9PgjrkOsBEMmLmQcY6_4YIAA.&udj=uf%28%27a%27%2C+129071%2C+1399488523%29%3Buf%28%27c%27%2C+3852395%2C+1399488523%29%3Buf%28%27r%27%2C+15091145%2C+1399488523%29%3B&vpid=77&apid=275804&referrer=http%3A%2F%2Fwww.zingo.tv%2Fads%2Fad2.php&media_subtypes=1&ct=0&dlo=1,Malicious,
http://ib.adnxs.com/tt?id=2446839&cb=1399495816&referrer=${REFERRER_URL}&pubclick=http://fra1.ib.adnxs.com/click?exSuR-F6lD9IUPwYc9eSP7gehetRuM4_SFD8GHPXkj97FK5H4XqUPzqJyn3j9MR_rJH1a1WoNwOInGpTAAAAACqWJQDIAQAAgAcAAAIAAAADScAAm5gFAAAAAQBVU0QAVVNEANgCWgCjiAAAOc0DAQUAAQIAAIwAeSgZCgAAAAA./cnd=%21MgUEMQi2g6kBEIOSgQYYm7EWIAA./referrer=http%3A%2F%2Fams1.ib.adnxs.com%2Fif%3Fenc%3DAAAAAAAAAAAAAAAAAAAAAB1aZDvfzxNAAAAAAAAAAAAAAAAAAAAAADynko964dU8rJH1a1WoNwOHnGpTAAAAAK1-HwCWAQAAlgEAAAIAAABZYqkAhk8CAAAAAQAAAAAAVVNEANgCWgCcwgAAAAAAAgIAAQIAAIoAARZs0gAAAAA./clickenc=,Malicious,
http://fra1.ib.adnxs.com/if?enc=mpmZmZmZuT9aZDvfT423Py_dJAaBlec_WmQ730-Ntz-amZmZmZm5P0_0nOi6mjoJ37uAzmBqFx1Cr2pTAAAAAPXlJwBhCQAAawYAAAIAAADJReYAqzkGAAAAAQBVU0QAVVNEANgCWgCvygAABo0AAgUAAQIAAI4ARClGTgAAAAA.&cnd=%21lCVsEwjrkOsBEMmLmQcYACCr8xgwADgAQABI6wxQ9cufAVgAYGdoAHAAeACAAQCIAQCQAQGYAQGgAQGoAQOwAQC5AZqZmZmZmbk_wQGamZmZmZm5P8kBZPc1FeUu_j_ZAQAAAAAAAPA_4AEA9QEAAIA-&ccd=%21YgbRPAjrkOsBEMmLmQcYq_MYIAA.&udj=uf%28%27a%27%2C+129071%2C+1399500610%29%3Buf%28%27l%27%2C+407979%2C+1399500610%29%3Buf%28%27c%27%2C+3852395%2C+1399500610%29%3Buf%28%27r%27%2C+15091145%2C+1399500610%29%3B&vpid=1209&apid=274927&referrer=twitpic.com%E2%80%9D%20TYPE%3D&media_subtypes=1&ct=0&dlo=1,Malicious,
http://fra1.ib.adnxs.com/if?enc=m5mZmZmZuT80MzMzMzOzPzm0yHa-n7o_NDMzMzMzsz-amZmZmZm5P_lLkjT4MlF8VASXL0e1gVfcN2pTAAAAAMMBHgBNBQAAawYAAAIAAADJReYAuasCAAAAAQBVU0QAVVNEANgCWgCWbgAA2owAAgUAAQIAAIoAuiXz4AAAAAA.&cnd=%21ViQS4wjrkOsBEMmLmQcYACC51wowADgAQABI6wxQw4N4WABg1AVoAHAAeACAAQCIAQCQAQGYAQGgAQGoAQOwAQC5AZqZmZmZmbk_wQGamZmZmZm5P8kBDsZ_U6B8AUDZAQAAAAAAAPA_4AEA9QEAAIA-&ccd=%21RgZ9PAjrkOsBEMmLmQcYudcKIAA.&udj=uf%28%27a%27%2C+129071%2C+1399470044%29%3Buf%28%27c%27%2C+3852395%2C+1399470044%29%3Buf%28%27r%27%2C+15091145%2C+1399470044%29%3B&vpid=366&apid=165057&referrer=http%3A%2F%2Fs1.gravyseals.com%2Fserve%3Fpid%3D2136%26z%3D94051%26if%3D1%26cb%3D555139417%26s%3DLT_E3519311-518B-4B38-BBBE-3A2DE2A85909%26click%3D&ct=0&dlo=1,Malicious,
http://ams1.ib.adnxs.com/if?enc=m5mZmZmZuT80MzMzMzOzP8dLN4lBYMU_NDMzMzMzsz-amZmZmZm5P0Vlw4dmFiYEMGHfAXu7c3JaS2pTAAAAACPMJABNBQAAawYAAAIAAADJReYAFSwDAAAAAQBVU0QAVVNEANgCWgD8_QAAe7oAAgUAAQIAAIwASiPv9gAAAAA.&cnd=%217CWfAAjrkOsBEMmLmQcYACCV2AwwADgAQABI6wxQo5iTAVgAYKACaABwAHgAgAEAiAEAkAEBmAEBoAEBqAEDsAEAuQGamZmZmZm5P8EBmpmZmZmZuT_JAa5Y54LwRf0_2QEAAAAAAADwP-ABAPUBAACAPg..&ccd=%21JQbTOwjrkOsBEMmLmQcYldgMIAA.&udj=uf%28%27a%27%2C+129071%2C+1399475034%29%3Buf%28%27c%27%2C+3852395%2C+1399475034%29%3Buf%28%27r%27%2C+15091145%2C+1399475034%29%3B&vpid=366&apid=219027&referrer=http%3A%2F%2Ftr.adsplats.com%2Fcmp%2F1412355%2Findex.html%3Fsize%3D728x90%26referrer%3D%26KbQ2KfwE%3D354_728x90_0&media_subtypes=1&ct=0&dlo=1,Malicious,
http://fra1.ib.adnxs.com/if?enc=MzMzMzMzwz-xne-nxku_P57vp8ZLN-0_sZ3vp8ZLvz8zMzMzMzPDPzlsqQgj34YT-pgjOj5_ijiMAmhTAAAAAFvsJwBoCAAA2AcAAAIAAAClEuUAlY4FAAAAAQBVU0QAVVNEANgCWgCUdQAAxowAAgUAAQIAAIwAICZVIwAAAAA.&cnd=%21fSFjXgjq_ekBEKWllAcYACCVnRYwADgAQABI2A9Q29ifAVgAYKoCaABwAHgAgAEAiAEAkAEBmAEBoAEBqAEDsAEAuQEzMzMzMzPDP8EBMzMzMzMzwz_JAVsZXG2tDP4_2QEAAAAAAADwP-ABAPUBmpmZPg..&ccd=%21TwYsQAjq_ekBEKWllAcYlZ0WIAA.&udj=uf%28%27a%27%2C+276362%2C+1399325324%29%3Buf%28%27c%27%2C+3833578%2C+1399325324%29%3Buf%28%27r%27%2C+15012517%2C+1399325324%29%3B&vpid=1058&apid=209734&referrer=http%3A%2F%2Foptimized-by.rubiconproject.com%2Fa%2F9852%2F26428%2F104466-2.html%3F%26cb%3D0.1919752927598667%26tk_st%3D1%26rf%3Dhttp%253A%2F%2Fwww.telegraaf.nl%2F%26rp_s%3Dc%26p_pos%3Dbtf%26p_screen_res%3D1366x768&media_subtypes=1&ct=0&dlo=1,Malicious,
http://ams1.ib.adnxs.com/if?enc=mpmZmZmZuT8CK4cW2c63P7x0kxgEVt4_AiuHFtnOtz-amZmZmZm5P29rLHcHR3QawaVQz4lFMUZZhmpTAAAAAHV2JgBfAAAAawYAAAIAAADJReYAagUGAAAAAQBVU0QAVVNEANgCWgDttQAA2d8AAgUAAQIAAI4ASSauEgAAAAA.&cnd=%21fibrOgjrkOsBEMmLmQcYACDqihgwADgAQABI6wxQ9eyZAVgAYJEGaABwAHgAgAEAiAEAkAEBmAEBoAEBqAEDsAEAuQGamZmZmZm5P8EBmpmZmZmZuT_JAcywTa_MPv0_2QEAAAAAAADwP-ABAPUBAACAPg..&ccd=%21OAZoPAjrkOsBEMmLmQcY6ooYIAA.&udj=uf%28%27a%27%2C+129071%2C+1399490137%29%3Buf%28%27c%27%2C+3852395%2C+1399490137%29%3Buf%28%27r%27%2C+15091145%2C+1399490137%29%3B&vpid=14&apid=274242&referrer=http%3A%2F%2Fonlineroadtrips.com%2Fadserver%2F728.html&media_subtypes=1&ct=0&dlo=1,Malicious,
http://ams1.ib.adnxs.com/if?enc=mpmZmZmZuT9rvHSTGAS2P9v5fmq8dNs_a7x0kxgEtj-amZmZmZm5P-qNC8TCcRQEmEscsKhOGE1TZGpTAAAAAMOtEQAIBgAAawYAAAIAAADJReYAlhUDAAAAAQBVU0QAVVNEANgCWgCZogAAEMEAAgUAAQIAAIQA_SYLzgAAAAA.&cnd=%21cSTD1gjrkOsBEMmLmQcYACCWqwwwADgAQABI6wxQw9tGWABgwANoAHAAeACAAQCIAQCQAQGYAQGgAQGoAQOwAQC5AZqZmZmZmbk_wQGamZmZmZm5P8kB41fMkSRfAUDZAQAAAAAAAPA_4AEA9QEAAIA-&ccd=%21-QUkOwjrkOsBEMmLmQcYlqsMIAA.&udj=uf%28%27a%27%2C+129071%2C+1399481427%29%3Buf%28%27c%27%2C+3852395%2C+1399481427%29%3Buf%28%27r%27%2C+15091145%2C+1399481427%29%3B&vpid=503&apid=144253&referrer=http%3A%2F%2Fgo.cz.bbelements.com%2Fplease%2Fshowit%2F505%2F1%2F1%2F1%2F%3F_bbefekt%3D1%2F0%2F1000000ffff%2F3c%2F800%2F0%2F0%2F0%2F204000004%2F4000000000000000%26typkodu%3Dhtml%26topmargin%3D0%26leftmargin%3D0%26popis%3D1%26okraj%3D1%26bgcolor%3Dffffff%26text%3D000000%26link%3D0000ff%26target%3D_top%26ubl%3Dcs%26ucc%3Dx86%26ucd%3D32%26uce%3Dtrue%26udx%3D96%26udy%3D96%26usl%3Dcs%26uje%3Dtrue%26uah%3D860%26uaw%3D1440%26ubd%3D0%26uhe%3D900%26ulx%3D96%26uly%3D96%26use%3Dtrue%26uto%3D-120%26uti%3D1399481426924%26uui%3D0%26uul%3Dcs%26uwi%3D1440%26__INWIDTH%3D0%26__INHEIGHT%3D0%26href%3Dhttp%253A%2F%2Fwww.tipcars.com%2Fwww%2Fglobal%2Fbannery.php%253Fkeywords%253Dreg_00%253Blang_cz%253B%2526aplikace%253DTC%2526pozice%253DC1%2526ver%253D1399481425%26bust%3D0.011659690040405124&media_subtypes=1&ct=0&dlo=1,Malicious,
http://ib.adnxs.com/tt?id=2633647&cb=1399478710&referrer=http://www.grated.com/15-stars-who-dropped-out-of-high-school/?z=113904&cb=709121644,Malicious,
http://fra1.ib.adnxs.com/if?enc=m5mZmZmZuT80MzMzMzOzPzm0yHa-n7o_NDMzMzMzsz-amZmZmZm5P_i2tDZ5ll1UVASXL0e1gVfaN2pTAAAAAMMBHgBNBQAAawYAAAIAAADJReYAuasCAAAAAQBVU0QAVVNEANgCWgCWbgAAiYsAAgUAAQIAAIoAvSUH-AAAAAA.&cnd=%21NSRr4AjrkOsBEMmLmQcYACC51wowADgAQABI6wxQw4N4WABg1AVoAHAAeACAAQCIAQCQAQGYAQGgAQGoAQOwAQC5AZqZmZmZmbk_wQGamZmZmZm5P8kBbIxxPTbGAEDZAQAAAAAAAPA_4AEA9QEAAIA-&ccd=%21RgZ9PAjrkOsBEMmLmQcYudcKIAA.&udj=uf%28%27a%27%2C+129071%2C+1399470042%29%3Buf%28%27c%27%2C+3852395%2C+1399470042%29%3Buf%28%27r%27%2C+15091145%2C+1399470042%29%3B&vpid=366&apid=165057&referrer=http%3A%2F%2Fs1.gravyseals.com%2Fserve%3Fpid%3D2136%26z%3D94051%26if%3D1%26cb%3D555139417%26s%3DLT_E3519311-518B-4B38-BBBE-3A2DE2A85909%26click%3D&ct=0&dlo=1,Malicious,
http://ib.adnxs.com/tt?id=2446839&cb=1399477801&referrer=${REFERRER_URL}&pubclick=http://ams1.ib.adnxs.com/click?exSuR-F6lD9IUPwYc9eSP7gehetRuM4_SFD8GHPXkj97FK5H4XqUPye4tkqKjv8ZZ8XK_jqQWRcpVmpTAAAAACqWJQDIAQAAgAcAAAIAAAADScAAm5gFAAAAAQBVU0QAVVNEANgCWgCjiAAAy8IDAQUAAQIAAIwAoCe4pgAAAAA./cnd=%21MgUEMQi2g6kBEIOSgQYYm7EWIAA./referrer=http%3A%2F%2Fams1.ib.adnxs.com%2Fif%3Fenc%3DAAAAAAAAAAAAAAAAAAAAAB1aZDvfzxNAAAAAAAAAAAAAAAAAAAAAAClY936zn2lEZ8XK_jqQWRcoVmpTAAAAAK1-HwCWAQAAlgEAAAIAAABZYqkAhk8CAAAAAQAAAAAAVVNEANgCWgCcwgAAAAAAAgIAAQIAAIoAOxWFlgAAAAA./clickenc=,Malicious,
http://ams1.ib.adnxs.com/if?enc=MzMzMzMzwz-xne-nxku_P57vp8ZLN-0_sZ3vp8ZLvz8zMzMzMzPDP_2oRlZSyEdZObPDe_ZjLC9rBGhTAAAAAFvsJwBoCAAA2AcAAAIAAAClEuUAlY4FAAAAAQBVU0QAVVNEANgCWgCUdQAAb2cAAgUAAQIAAIwA_yZojAAAAAA.&cnd=%21rSLfgQjq_ekBEKWllAcYACCVnRYwADgAQABI2A9Q29ifAVgAYNEDaABwAHgAgAEAiAEAkAEBmAEBoAEBqAEDsAEAuQEzMzMzMzPDP8EBMzMzMzMzwz_JAQ5mrHGgzP8_2QEAAAAAAADwP-ABAPUBmpmZPg..&ccd=%21TwYsQAjq_ekBEKWllAcYlZ0WIAA.&udj=uf%28%27a%27%2C+276362%2C+1399325803%29%3Buf%28%27c%27%2C+3833578%2C+1399325803%29%3Buf%28%27r%27%2C+15012517%2C+1399325803%29%3B&vpid=1058&apid=209734&referrer=http%3A%2F%2Foptimized-by.rubiconproject.com%2Fa%2F9852%2F26428%2F104466-2.html%3F%26cb%3D0.9831272145276761%26tk_st%3D1%26rf%3Dhttp%253A%2F%2Fwww.telegraaf.nl%2F%26rp_s%3Dc%26p_pos%3Datf%26p_screen_res%3D1280x1024&media_subtypes=1&ct=0&dlo=1,Malicious,
http://fra1.ib.adnxs.com/if?enc=mpmZmZmZuT_D9Shcj8K1Pylcj8L1KLw_w_UoXI_CtT-amZmZmZm5P52_LgdZJ6tkhtozYaYPXjMMSWpTAAAAADrvHQCABwAAawYAAAIAAADJReYA9-4EAAAAAQBVU0QAVVNEANgCWgDSqQAAh9oAAgUAAQIAAIYAESqwhAAAAAA.&cnd=%212SWjIwjrkOsBEMmLmQcYACD33RMwADgAQABI6wxQut53WABglgNoAHAAeACAAQCIAQCQAQGYAQGgAQGoAQOwAQC5AZqZmZmZmbk_wQGamZmZmZm5P8kB6qPzPygF_T_ZAQAAAAAAAPA_4AEA9QEAAIA-&ccd=%21kwbmPQjrkOsBEMmLmQcY990TIAA.&udj=uf%28%27a%27%2C+129071%2C+1399474444%29%3Buf%28%27c%27%2C+3852395%2C+1399474444%29%3Buf%28%27r%27%2C+15091145%2C+1399474444%29%3B&vpid=801&apid=232693&referrer=http%3A%2F%2Fwww.apunkabollywood.us%2Fbrowser%2Fcategory%2Fview%2F1094%2Flata-mangeshkar&ct=0&dlo=1,Malicious,
http://fra1.ib.adnxs.com/if?enc=MzMzMzMzwz_DILByaJG9P99PjZduEuM_wyCwcmiRvT8zMzMzMzPDPyTl3qHc3Q4zJyiLjW1AwT-CKWhTAAAAAMOXJwBpBwAA2AcAAAIAAAClEuUAHS8GAAAAAQBVU0QAVVNEANgCWgD8vgAAWYwAAgUAAQIAAI4AUSRGWAAAAAA.&cnd=%21vSPWtwjq_ekBEKWllAcYACCd3hgwADgAQABI2A9Qw6-eAVgAYOcFaABwBHgsgAEEiAEskAEBmAEBoAEBqAEDsAEAuQEzMzMzMzPDP8EBMzMzMzMzwz_JAXBhaf-I0_c_2QEAAAAAAADwP-ABAPUBmpmZPg..&ccd=%21mgZeQQjq_ekBEKWllAcYnd4YIAA.&udj=uf%28%27a%27%2C+276362%2C+1399335298%29%3Buf%28%27c%27%2C+3833578%2C+1399335298%29%3Buf%28%27r%27%2C+15012517%2C+1399335298%29%3B&vpid=773&apid=274566&referrer=http%3A%2F%2Fg2g.fm%2F&media_subtypes=1&ct=0&dlo=1,Malicious,
http://fra1.ib.adnxs.com/if?enc=mpmZmZmZuT_D9Shcj8K1P3sUrkfherQ_w_UoXI_CtT-amZmZmZm5P-NTJyaT3UZoAw2CJEOEijLjUGpTAAAAACcYEgA5BAAAawYAAAIAAADJReYAXxsDAAAAAQBVU0QAVVNEANgCWgDU6gAATM0AAgUAAQIAAIQAoSdQBQAAAAA.&cnd=%219SVgCwjrkOsBEMmLmQcYACDftgwwADgAQABI6wxQp7BIWABg-wJoAHAAeACAAQCIAQCQAQGYAQGgAQGoAQOwAQC5AZqZmZmZmbk_wQGamZmZmZm5P8kB-Hd1WC_v_T_ZAQAAAAAAAPA_4AEA9QEAAIA-&ccd=%21TQa9PAjrkOsBEMmLmQcY37YMIAA.&udj=uf%28%27a%27%2C+129071%2C+1399476451%29%3Buf%28%27c%27%2C+3852395%2C+1399476451%29%3Buf%28%27r%27%2C+15091145%2C+1399476451%29%3B&vpid=195&referrer=theladbible.com&ct=0&dlo=1,Malicious,
http://ib.adnxs.com/tt?id=2614296&referrer=http%3A%2F%2Fkh4.knowhow.sungard.com%2Fsites%2FBanking%2FProduct-Documentation%2FIntelliMatch%2Ftraining%2Fdefault.aspx&cb=14265852336,Malicious,
http://ams1.ib.adnxs.com/if?enc=MzMzMzMzwz_KoUW28_28P7ByaJHtfNc_yqFFtvP9vD8zMzMzMzPDP7isg2PO8eNWdUD7aGd7QT7q_2dTAAAAAOHUJQCABwAA2AcAAAIAAAClEuUA-e8FAAAAAQBVU0QAVVNEANgCWgBsZQAAcbcAAgUAAQIAAI4AbCvlxwAAAAA.&cnd=%21vyFycwjq_ekBEKWllAcYACD53xcwADgAQABI2A9Q4amXAVgAYG1oAHAAeACAAQCIAQCQAQGYAQGgAQGoAQOwAQC5ATMzMzMzM8M_wQEzMzMzMzPDP8kB0zqRWmmdAEDZAQAAAAAAAPA_4AEA9QGamZk-&ccd=%219gYrQwjq_ekBEKWllAcY-d8XIAA.&udj=uf%28%27a%27%2C+276362%2C+1399324650%29%3Buf%28%27c%27%2C+3833578%2C+1399324650%29%3Buf%28%27r%27%2C+15012517%2C+1399324650%29%3B&vpid=801&apid=265864&referrer=http%3A%2F%2Fwww.poong.tv%2Fads%2F728x90.html&media_subtypes=1&ct=0&dlo=1,Malicious,
http://ams1.ib.adnxs.com/if?enc=MzMzMzMzwz-xne-nxku_P57vp8ZLN-0_sZ3vp8ZLvz8zMzMzMzPDP7_oZMNcV7FwhCFi8FDn3Dw7NGhTAAAAAFvsJwBoCAAA2AcAAAIAAAClEuUAlY4FAAAAAQBVU0QAVVNEANgCWgCUdQAAxMYAAgUAAQIAAIwAwih87AAAAAA.&cnd=%21ESRjFQjq_ekBEKWllAcYACCVnRYwADgAQABI2A9Q29ifAVgAYOwCaABwBHjSAYABBIgB0gGQAQGYAQGgAQGoAQOwAQC5ATMzMzMzM8M_wQEzMzMzMzPDP8kB3gHFk1cS-D_ZAQAAAAAAAPA_4AEA9QGamZk-&ccd=%21TwYsQAjq_ekBEKWllAcYlZ0WIAA.&udj=uf%28%27a%27%2C+276362%2C+1399338043%29%3Buf%28%27c%27%2C+3833578%2C+1399338043%29%3Buf%28%27r%27%2C+15012517%2C+1399338043%29%3B&vpid=1058&apid=209734&referrer=http%3A%2F%2Foptimized-by.rubiconproject.com%2Fa%2F9852%2F26428%2F104466-2.html%3F%26cb%3D0.07993836217195%26tk_st%3D1%26rf%3Dhttp%253A%2F%2Fwww.telegraaf.nl%2F%26rp_s%3Dc%26p_pos%3Datf%26p_screen_res%3D1920x1200&media_subtypes=1&ct=0&dlo=1,Malicious,
http://ams1.ib.adnxs.com/if?enc=mpmZmZmZuT_D9Shcj8K1P-F6FK5H4e4_w_UoXI_CtT-amZmZmZm5P7gV-vx_FjZbK2t1pBIIOxPWq2pTAAAAALRwFQBGAQAAawYAAAIAAADJReYAkzECAAAAAQBVU0QAVVNEANgCWgCyOQAAB7kAAgUAAQIAAIIAwig0oQAAAAA.&cnd=%21LiaCEAjrkOsBEMmLmQcYACCT4wgwADgAQABI6wxQtOFVWABg0wRoAHAAeACAAQCIAQCQAQGYAQGgAQGoAQOwAQC5AZqZmZmZmbk_wQGamZmZmZm5P8kBzIz0M5l5_T_ZAQAAAAAAAPA_4AEA9QEAAIA-&ccd=%21KgbpOwjrkOsBEMmLmQcYk-MIIAA.&udj=uf%28%27a%27%2C+129071%2C+1399499734%29%3Buf%28%27c%27%2C+3852395%2C+1399499734%29%3Buf%28%27r%27%2C+15091145%2C+1399499734%29%3B&vpid=18&apid=172470&referrer=http%3A%2F%2Fwww.breakingnews.ie%2F&media_subtypes=1&ct=0&dlo=1,Malicious,
http://fra1.ib.adnxs.com/if?enc=m5mZmZmZuT80MzMzMzOzPzm0yHa-n7o_NDMzMzMzsz-amZmZmZm5Pzltx4r1hEMOg5biJ_rh4AnKPmpTAAAAAMMBHgBNBQAAawYAAAIAAADJReYAuasCAAAAAQBVU0QAVVNEANgCWgCceAAAYMsAAgUAAQIAAI4APCdQXAAAAAA.&cnd=%21RyTPtAjrkOsBEMmLmQcYACC51wowADgAQABI6wxQw4N4WABgO2gAcAB4AIABAIgBAJABAZgBAaABAagBA7ABALkBmpmZmZmZuT_BAZqZmZmZmbk_yQFmCsv6ZbgAQNkBAAAAAAAA8D_gAQD1AQAAgD4.&ccd=%21RgZ9PAjrkOsBEMmLmQcYudcKIAA.&udj=uf%28%27a%27%2C+129071%2C+1399471818%29%3Buf%28%27c%27%2C+3852395%2C+1399471818%29%3Buf%28%27r%27%2C+15091145%2C+1399471818%29%3B&vpid=366&apid=165057&referrer=http%3A%2F%2Fwww.grated.com%2F15-most-expensive-cities-in-the-world%2F%3Fz%3D113904%26cb%3D747904925&ct=0&dlo=1,Malicious,
http://fra1.ib.adnxs.com/if?enc=MzMzMzMzwz_DILByaJG9P6wcWmQ739c_wyCwcmiRvT8zMzMzMzPDPxxKL03wym5i9AZ3TGh6KQ25xWdTAAAAAOthJgB4BgAA2AcAAAIAAAClEuUAFtEFAAAAAQBVU0QAVVNEANgCWgBo7wAAkswAAgUAAQIAAIwAPSRJIAAAAAA.&cnd=%218CGefQjq_ekBEKWllAcYACCWohcwADgAQABI2A9Q68OZAVgAYPQDaABwAHgAgAEAiAEAkAEBmAEBoAEBqAEDsAEAuQEzMzMzMzPDP8EBMzMzMzMzwz_JAeN-uTo-jAFA2QEAAAAAAADwP-ABAPUBmpmZPg..&ccd=%21VgZIQAjq_ekBEKWllAcYlqIXIAA.&udj=uf%28%27a%27%2C+276362%2C+1399309753%29%3Buf%28%27c%27%2C+3833578%2C+1399309753%29%3Buf%28%27r%27%2C+15012517%2C+1399309753%29%3B&vpid=631&referrer=http%3A%2F%2Fwww.nigeriannews.com%2FNigeria_main.php&media_subtypes=1&ct=0&dlo=1,Malicious,
http://ams1.ib.adnxs.com/if?enc=mpmZmZmZuT_D9Shcj8K1P9V46SYxCMw_w_UoXI_CtT-amZmZmZm5P-Jy9XS7k-hwFcTn-Bn6UBVdu2pTAAAAABb4JACfAwAAawYAAAIAAADJReYAjtUFAAAAAQBVU0QAVVNEANgCWgCMWAAAIdcAAgUAAQIAAI4ATSxzegAAAAA.&cnd=%21hSNwuwjrkOsBEMmLmQcYACCOqxcwADgAQABI6wxQlvCTAVgAYHVoAHAAeACAAQCIAQCQAQGYAQGgAQGoAQOwAQC5AZqZmZmZmbk_wQGamZmZmZm5P8kB_oMKEjJ1AEDZAQAAAAAAAPA_4AEA9QEAAIA-&ccd=%21_AUdOwjrkOsBEMmLmQcYjqsXIAA.&udj=uf%28%27a%27%2C+129071%2C+1399503709%29%3Buf%28%27l%27%2C+382350%2C+1399503709%29%3Buf%28%27c%27%2C+3852395%2C+1399503709%29%3Buf%28%27r%27%2C+15091145%2C+1399503709%29%3B&vpid=76&apid=253007&referrer=http%3A%2F%2Fapr.lijit.com%2F%2F%2Fwww%2Fdelivery%2Ffpi.php%3Fcb%3D1765%26flv%3D11.6.602%26fpr%3D0d637332082d63dcb7eaa76967fbd12a%26ifr%3Dtrue%26loc%3Dhttp%253A%252F%252Fwww.swindonadvertiser.co.uk%252Fnews%252F11195076.Toddler_injured_in_fall_down_hole%252F%253Fref%253Dmr%26od%3Dapr.lijit.com%26premium%3D1%26time%3D23%253A01%253A48%26username%3DGiantRealm%26zoneid%3D156454%26tid%3D85e69c56dafa402dbe88b05dc97ac2d980d94c1f%26fd%3D4%26abf%3Dtrue%26ljt_giantid%3D0Ugc0wDs1VNL2KE23jyrK12_3S033A033A0%26width%3D728%26height%3D90%26informer%3D7642409%26uri%3Dhttp%3A%2F%2Fwww.lijit.com%2Fusers%2FGiantRealm%26beacon%3D1&media_subtypes=1&ct=0&dlo=1,Malicious,
http://fra1.ib.adnxs.com/if?enc=mpmZmZmZuT-uR-F6FK63P3E9CtejcNU_rkfhehSutz-amZmZmZm5P4kZScJ7-ykl-y9VKY1CdQoFqWpTAAAAACs_KAB2AgAAawYAAAIAAADJReYADSYFAAAAAQBVU0QAVVNEANgCWgAfwQAAUMwAAgUAAQIAAIoA_SUJlgAAAAA.&cnd=%21riVtJgjrkOsBEMmLmQcYACCNzBQwADgAQABI6wxQq_6gAVgAYPsFaABwAHgAgAEAiAEAkAEBmAEBoAEBqAEDsAEAuQGamZmZmZm5P8EBmpmZmZmZuT_JAXwRrGVXov8_2QEAAAAAAADwP-ABAPUBAACAPg..&ccd=%21GQaTOwjrkOsBEMmLmQcYjcwUIAA.&udj=uf%28%27a%27%2C+129071%2C+1399499013%29%3Buf%28%27c%27%2C+3852395%2C+1399499013%29%3Buf%28%27r%27%2C+15091145%2C+1399499013%29%3B&vpid=77&apid=223010&referrer=http%3A%2F%2Fams1.ib.adnxs.com%2Fif%3Fenc%3DAAAAAAAAAAAAAAAAAAAAADMzMzMzMwFAAAAAAAAAAAAAAAAAAAAAABqKWvNNBRZ1-y9VKY1CdQoBqWpTAAAAAAWhJQCtBwAArQcAAAIAAADKz9cAW6AFAAAAAQAAAAAAVVNEANgCWgA9lgAAAAAAAgIAAQIAAIwAyxH7SwAAAAA.&media_subtypes=1&ct=0&dlo=1,Malicious,
http://fra1.ib.adnxs.com/if?enc=MzMzMzMzwz-xne-nxku_P57vp8ZLN-0_sZ3vp8ZLvz8zMzMzMzPDP4jGBq_bw81EPxhX6_zLnlv582dTAAAAAFvsJwBoCAAA2AcAAAIAAAClEuUAlY4FAAAAAQBVU0QAVVNEANgCWgCUdQAAfIsAAgUAAQIAAIwA3ilQVAAAAAA.&cnd=%21SCIJcAjq_ekBEKWllAcYACCVnRYwADgAQABI2A9Q29ifAVgAYJ8EaABwAHgAgAEAiAEAkAEBmAEBoAEBqAEDsAEAuQEzMzMzMzPDP8EBMzMzMzMzwz_JAZoCq4LmGv8_2QEAAAAAAADwP-ABAPUBmpmZPg..&ccd=%21TwYsQAjq_ekBEKWllAcYlZ0WIAA.&udj=uf%28%27a%27%2C+276362%2C+1399321593%29%3Buf%28%27c%27%2C+3833578%2C+1399321593%29%3Buf%28%27r%27%2C+15012517%2C+1399321593%29%3B&vpid=1058&apid=209734&referrer=http%3A%2F%2Foptimized-by.rubiconproject.com%2Fa%2F9852%2F26428%2F104466-2.html%3F%26cb%3D0.26149130242089874%26tk_st%3D1%26rf%3Dhttp%253A%2F%2Fwww.telegraaf.nl%2F%26rp_s%3Dc%26p_pos%3Datf%26p_screen_res%3D1024x819&media_subtypes=1&ct=0&dlo=1,Malicious,
http://ams1.ib.adnxs.com/if?enc=MzMzMzMzwz-rHFpkO9-_P6AaL90kBtk_qxxaZDvfvz8zMzMzMzPDP4CfUJIhSUgyW5DXhHyPnijpuWdTAAAAAF-hHQB2AgAA2AcAAAIAAAClEuUA_eEEAAAAAQBVU0QAVVNEANgCWgDdSwAA_98AAgUAAQIAAIoAniR24AAAAAA.&cnd=%21QyOzoAjq_ekBEKWllAcYACD9wxMwADgAQABI2A9Q38J2WABg0wNoAHAAeACAAQCIAQCQAQGYAQGgAQGoAQOwAQC5ATMzMzMzM8M_wQEzMzMzMzPDP8kBjWoO-Kyb_T_ZAQAAAAAAAPA_4AEA9QGamZk-&ccd=%212gbDQgjq_ekBEKWllAcY_cMTIAA.&udj=uf%28%27a%27%2C+276362%2C+1399306729%29%3Buf%28%27c%27%2C+3833578%2C+1399306729%29%3Buf%28%27r%27%2C+15012517%2C+1399306729%29%3B&vpid=77&apid=211166&referrer=http%3A%2F%2Fcftcmetallurgie-nord.over-blog.fr%2F&ct=0&dlo=1,Malicious,
http://ib.adnxs.com/tt?id=2446839&cb=1399473848&referrer=${REFERRER_URL}&pubclick=http://ams1.ib.adnxs.com/click?exSuR-F6lD9IUPwYc9eSP7gehetRuM4_SFD8GHPXkj97FK5H4XqUP__PLWE1lJZ99DhuxvPi3nu4RmpTAAAAACqWJQDIAQAAgAcAAAIAAAADScAAm5gFAAAAAQBVU0QAVVNEANgCWgCjiAAAiN4DAQUAAQIAAIwAgSm6PAAAAAA./cnd=%21MgUEMQi2g6kBEIOSgQYYm7EWIAA./referrer=http%3A%2F%2Ffra1.ib.adnxs.com%2Fif%3Fenc%3DAAAAAAAAAAAAAAAAAAAAAB1aZDvfzxNAAAAAAAAAAAAAAAAAAAAAAPVC4KGfW6lI9DhuxvPi3nu4RmpTAAAAAK1-HwCWAQAAlgEAAAIAAABZYqkAhk8CAAAAAQAAAAAAVVNEANgCWgCcwgAAAAAAAgIAAQIAAIoAyRfsWwAAAAA./clickenc=,Malicious,
http://ams1.ib.adnxs.com/if?enc=MzMzMzMzwz-xne-nxku_P57vp8ZLN-0_sZ3vp8ZLvz8zMzMzMzPDPxCTO6LqZLVkXVgmstVVN23g2GdTAAAAAFHsJwBoCAAA2AcAAAIAAAClEuUAlY4FAAAAAQBVU0QAVVNEANgCWgCUdQAAn2gAAgUAAQIAAIwA1ycZtQAAAAA.&cnd=%21AyIgbQjq_ekBEKWllAcYACCVnRYwADgAQABI2A9Q0difAVgAYKUEaABwAHgAgAEAiAEAkAEBmAEBoAEBqAEDsAEAuQEzMzMzMzPDP8EBMzMzMzMzwz_JAfaAmaJHjQFA2QEAAAAAAADwP-ABAPUBmpmZPg..&ccd=%21TwYsQAjq_ekBEKWllAcYlZ0WIAA.&udj=uf%28%27a%27%2C+276362%2C+1399314656%29%3Buf%28%27c%27%2C+3833578%2C+1399314656%29%3Buf%28%27r%27%2C+15012517%2C+1399314656%29%3B&vpid=1058&apid=209734&referrer=http%3A%2F%2Fad-emea.doubleclick.net%2FN3844%2Fadi%2Febay.nl.x.slb%2F_default%3Bsz%3D728x90%3Bcat%3D77583%3Btcat%3D77583%3Bkw%3Dshimano%3Bot%3D1%3Btile%3D4%3Bord%3D1399314655%3F&media_subtypes=1&ct=0&dlo=1,Malicious,
http://ib.adnxs.com/tt?id=2614296&referrer=http%3A%2F%2Falert.scansafe.net%2Falert%2Fprocess%3Fa%3D-3-KN0ndYP8Na68EaLED_kPbJUAWnWH0XtF-VKiw6_QjdLyd-4LOMDbK-EzbjYfq-ydbz_CATfrNGqJCXqYFxgSMQ%26b%3DD4Jm8N7GDwF8uNhbC5D_3dxH-v0ZavD8ai-cW0i5-oCFUJCEXYqZE6mP3cqFRFJyzoP80TqhJ8b8xqxrAuBym1vFtj1tHo1u5qG4tIKBBmDdeMpBOiOFX7USJrarFd0ibtUa7UETTpu0w2wKSS5O8VhLSs1o4ksGgqByWMqxRoC6W4hcP_Gvt-Pi328erqBquImK_rZXGq0JNRJ2tfnY2836yJPSNRCoyhndJDXqBKfp9i8522lksiK1QbtEMb0vGiFrnom7fxVHIfo3x4BNbprlKKmOPYEkn8c_aWpamufvnDpkSD4iZDvMT34hs15zbC8Q_k4rxeX77eRN-HX-qgvuWl0iw0nWmIv9OZjsUCJroh4fEspOUg%26blockedUrl%3Dhttp%253A%252F%252Fen.metin2.gameforge.com%252Flanding%253Fkid%253Da-02007-55602-1402-a3807129&cb=4688837652,Malicious,
http://fra1.ib.adnxs.com/if?enc=mpmZmZmZuT-uR-F6FK63P2IQWDm0yNY_rkfhehSutz-amZmZmZm5P9zrtzWfY8cHYPq6JgkbIEoNPGpTAAAAANcpJwB2AgAAawYAAAIAAADJReYAs48FAAAAAQBVU0QAVVNEANgCWgCl3gAAUYwAAgUAAQIAAI4AZiikGQAAAAA.&cnd=%210CXKJQjrkOsBEMmLmQcYACCznxYwADgAQABI6wxQ19OcAVgAYOgGaABwAHgAgAEAiAEAkAEBmAEBoAEBqAEDsAEAuQGamZmZmZm5P8EBmpmZmZmZuT_JAbu7KUd3d_4_2QEAAAAAAADwP-ABAPUBAACAPg..&ccd=%21FAajOwjrkOsBEMmLmQcYs58WIAA.&udj=uf%28%27a%27%2C+129071%2C+1399471117%29%3Buf%28%27c%27%2C+3852395%2C+1399471117%29%3Buf%28%27r%27%2C+15091145%2C+1399471117%29%3B&vpid=77&apid=240107&referrer=http%3A%2F%2Fib.adnxs.com%2Ftt%3Fid%3D1860052%26cb%3D20140507135835%26referrer%3D%5BREFERRER_URL%5D%26pubclick%3Dhttp%3A%2F%2Fmedia.fastclick.net%2Fw%2Fclick.here%3Fcid%3D551113%26mid%3D1073457%26m%3D1%26sid%3D26967%26c%3D0%26tp%3D5%26UD%3DiAGxwkGQAcnRIZgB19IBoAEBqAEF8AEA%26upsid%3D117968630647%26forced_click%3D&media_subtypes=1&ct=0&dlo=1,Malicious,
http://ams1.ib.adnxs.com/if?enc=MzMzMzMzwz-5SQwCK4e-P8HKoUW28-E_uUkMAiuHvj8zMzMzMzPDP_GupCK0-XVjs9ZyiOaj9nYK2WdTAAAAAPO8JgAhCQAA2AcAAAIAAAClEuUAKM4FAAAAAQBVU0QAVVNEANgCWgCBvAAAHeAAAgUAAQIAAI4AdiZD1QAAAAA.&cnd=%21_SF0fwjq_ekBEKWllAcYACConBcwADgAQABI2A9Q8_maAVgAYMMGaABwAHgAgAEAiAEAkAEBmAEBoAEBqAEDsAEAuQEzMzMzMzPDP8EBMzMzMzMzwz_JASUMBinf0v8_2QEAAAAAAADwP-ABAPUBmpmZPg..&ccd=%21YgaKQAjq_ekBEKWllAcYqJwXIAA.&udj=uf%28%27a%27%2C+276362%2C+1399314698%29%3Buf%28%27c%27%2C+3833578%2C+1399314698%29%3Buf%28%27r%27%2C+15012517%2C+1399314698%29%3B&vpid=1153&apid=252076&referrer=http%3A%2F%2Fads.yahoo.com%2Fiframe3%3FLs2-EK-vVgAEvYsBAAAAALAgXwAAAAAAAgAAAAYAAAAAAP8AAAACFAx2jgAAAAAAuH53AAAAAAAAAAAAAAAAAAAAAAAAAAAAAAAAAAAAAAAAAAAAAAAAAAAAAAAAAAAAAAAAAAAAAABmehsAAAAAAAIAAgAAgD8AAAAAAAAAAAAAAAAAAAAAAAAAAAAAAAAAAAAAAAAAAAAAAAAAAAAAAAAAAAAAAAAAAAAAAAAAAAAAAAAAAAAAAAAAAAAAAAAAAAAAAAAAAAAUpghtib2wD62bFSpo3Pd977i2.lfQYROBeh66AAAAAA%3D%3D%2C%2Chttp%253A%252F%252Fwww.starstable.com%252Fen%252F%253Futm_source%253Dadcash%2CAffId%253D232685%2526B%253D10%2526H%253D%2526M%253D3%2526Z%253D728x90%2526_salt%253D213939049%2526affiliate%253Dadcash%2526r%253D0%2526referrer%253Dcpl%2526s%253D5681071%2526utm_campaign%253DEN-Adcash-Star-Stable%2526utm_content%253D232685%2526utm_medium%253Dcpl%2526utm_term%253Dsite-under%2C7e5c8972-d483-11e3-b833-3c4a92db2708%2C1399314697704&media_subtypes=1&ct=0&dlo=1,Malicious,
http://fra1.ib.adnxs.com/if?enc=mpmZmZmZuT9jEFg5tMi2P3WTGARWDt0_YxBYObTItj-amZmZmZm5P49jlqZkVBh1DkJDn7EXWXEWe2pTAAAAAPoPJwAhCQAAawYAAAIAAADJReYALJAFAAAAAQBVU0QARVVSANgCWgCwrgAAUcsAAgUAAQIAAI4A0yQqwAAAAAA.&cnd=%216yaFLwjrkOsBEMmLmQcYACCsoBYwADgAQABI6wxQ-p-cAVgAYK4EaABwAHgAgAEAiAEAkAEBmAEBoAEBqAEDsAEAuQGamZmZmZm5P8EBmpmZmZmZuT_JAea-3PFyX_4_2QEAAAAAAADwP-ABAPUBAACAPg..&ccd=%21DgaEOwjrkOsBEMmLmQcYrKAWIAA.&udj=uf%28%27a%27%2C+129071%2C+1399487254%29%3Buf%28%27c%27%2C+3852395%2C+1399487254%29%3Buf%28%27r%27%2C+15091145%2C+1399487254%29%3B&vpid=1153&apid=265822&referrer=http%3A%2F%2Fwww.2933685.fr&media_subtypes=1&ct=0&dlo=1,Malicious,
http://fra1.ib.adnxs.com/if?enc=mpmZmZmZuT-uR-F6FK63P2IQWDm0yNY_rkfhehSutz-amZmZmZm5PxQXZQouvPJufpL-9fftb1YDSGpTAAAAANcpJwB2AgAAawYAAAIAAADJReYAs48FAAAAAQBVU0QAVVNEANgCWgCl3gAAsY0AAgUAAQIAAI4ADirzawAAAAA.&cnd=%21QCRa7wjrkOsBEMmLmQcYACCznxYwADgAQABI6wxQ19OcAVgAYIYHaABwAHgAgAEAiAEAkAEBmAEBoAEBqAEDsAEAuQGamZmZmZm5P8EBmpmZmZmZuT_JAYy-i0F5EgFA2QEAAAAAAADwP-ABAPUBAACAPg..&ccd=%21FAajOwjrkOsBEMmLmQcYs58WIAA.&udj=uf%28%27a%27%2C+129071%2C+1399474179%29%3Buf%28%27c%27%2C+3852395%2C+1399474179%29%3Buf%28%27r%27%2C+15091145%2C+1399474179%29%3B&vpid=77&apid=240107&referrer=http%3A%2F%2Fib.adnxs.com%2Ftt%3Fid%3D1860052%26cb%3D20140507144937%26referrer%3D%5BREFERRER_URL%5D%26pubclick%3Dhttp%3A%2F%2Fmedia.fastclick.net%2Fw%2Fclick.here%3Fcid%3D557710%26mid%3D1104621%26m%3D1%26sid%3D89833%26c%3D0%26tp%3D5%26UD%3DiAHttUOQAY6FIpgB6b0FoAEBqAEF8AEA%26upsid%3D434057876957%26forced_click%3D&media_subtypes=1&ct=0&dlo=1,Malicious,
http://nym1.ib.adnxs.com/if?enc=MzMzMzMzwz-rHFpkO9-_P7ByaJHtfNc_qxxaZDvfvz8zMzMzMzPDP_DIxYU0PT1Z9RQc7wunzlUE7GdTAAAAAHOjIgB2AgAA2AcAAAIAAAClEuUADSYFAAAAAQBVU0QAVVNEANgCWgD-bgAAgqkAAgUAAQIAAI4AeiSBYwAAAAA.&cnd=%21iCLJfAjq_ekBEKWllAcYACCNzBQwADgAQABI2A9Q88aKAVgAYJ0EaABwAHgAgAEAiAEAkAEBmAEBoAEBqAEDsAEAuQEzMzMzMzPDP8EBMzMzMzMzwz_JAYF9Utompf8_2QEAAAAAAADwP-ABAPUBmpmZPg..&ccd=%21dAa6QAjq_ekBEKWllAcYjcwUIAA.&udj=uf%28%27a%27%2C+276362%2C+1399319556%29%3Buf%28%27c%27%2C+3833578%2C+1399319556%29%3Buf%28%27r%27%2C+15012517%2C+1399319556%29%3B&vpid=77&apid=223010&referrer=http%3A%2F%2Foptimized-by.rubiconproject.com%2Fa%2F8769%2F15558%2F35370-2.html%3Fct0%3Dhttp%3A%2F%2Foptimized-by.rubiconproject.com%2Ft%2F8769%2F15558%2F0-2.3572536.3738256%3Furl%3D&media_subtypes=1&ct=0&dlo=1,Malicious,
http://fra1.ib.adnxs.com/if?enc=MzMzMzMzwz_DILByaJG9P99PjZduEuM_wyCwcmiRvT8zMzMzMzPDP6OOv_LpDlEQJyiLjW1AwT8rJGhTAAAAAMOXJwBpBwAA2AcAAAIAAAClEuUAHS8GAAAAAQBVU0QAVVNEANgCWgD8vgAAbssAAgUAAQIAAI4AASTYLgAAAAA.&cnd=%21YSJciAjq_ekBEKWllAcYACCd3hgwADgAQABI2A9Qw6-eAVgAYOcFaABwAHgAgAEAiAEAkAEBmAEBoAEBqAEDsAEAuQEzMzMzMzPDP8EBMzMzMzMzwz_JAZfGQykYsP4_2QEAAAAAAADwP-ABAPUBmpmZPg..&ccd=%21mgZeQQjq_ekBEKWllAcYnd4YIAA.&udj=uf%28%27a%27%2C+276362%2C+1399333931%29%3Buf%28%27c%27%2C+3833578%2C+1399333931%29%3Buf%28%27r%27%2C+15012517%2C+1399333931%29%3B&vpid=773&apid=274566&referrer=http%3A%2F%2Fg2g.fm%2F&media_subtypes=1&ct=0&dlo=1,Malicious,
http://fra1.ib.adnxs.com/if?enc=MzMzMzMzwz-xne-nxku_P57vp8ZLN-0_sZ3vp8ZLvz8zMzMzMzPDP4_4OFHqHlBUyymm8fTwhSAo9WdTAAAAAFHsJwBoCAAA2AcAAAIAAAClEuUAlY4FAAAAAQBVU0QAVVNEANgCWgCUdQAACIsAAgUAAQIAAIwAVigv-wAAAAA.&cnd=%21hCEGVQjq_ekBEKWllAcYACCVnRYwADgAQABI2A9Q0difAVgAYIsDaABwAHgAgAEAiAEAkAEBmAEBoAEBqAEDsAEAuQEzMzMzMzPDP8EBMzMzMzMzwz_JAV8BH3avgP8_2QEAAAAAAADwP-ABAPUBmpmZPg..&ccd=%21TwYsQAjq_ekBEKWllAcYlZ0WIAA.&udj=uf%28%27a%27%2C+276362%2C+1399321896%29%3Buf%28%27c%27%2C+3833578%2C+1399321896%29%3Buf%28%27r%27%2C+15012517%2C+1399321896%29%3B&vpid=1058&apid=209734&referrer=http%3A%2F%2Fwww.da-ads.com%2Fda_custom.html%3Fcb%3D1393261758&media_subtypes=1&ct=0&dlo=1,Malicious,
http://fra1.ib.adnxs.com/if?enc=mpmZmZmZuT-uR-F6FK63PwAAAAAAAPA_rkfhehSutz-amZmZmZm5PwZAos5QNjELW1g-DhUOf25AiWpTAAAAAOoQKAB2AgAAawYAAAIAAADJReYAaz8GAAAAAQBVU0QAVVNEANgCWgDR0AAAUcwAAgUAAQIAAI4AfyMTOwAAAAA.&cnd=%21oSTYLwjrkOsBEMmLmQcYACDr_hgwADgAQABI6wxQ6qGgAVgAYOMBaABwAHgAgAEAiAEAkAEBmAEBoAEBqAEDsAEAuQGamZmZmZm5P8EBmpmZmZmZuT_JAdRPLGYdWwFA2QEAAAAAAADwP-ABAPUBAACAPg..&ccd=%21rQY9PgjrkOsBEMmLmQcY6_4YIAA.&udj=uf%28%27a%27%2C+129071%2C+1399490880%29%3Buf%28%27c%27%2C+3852395%2C+1399490880%29%3Buf%28%27r%27%2C+15091145%2C+1399490880%29%3B&vpid=77&apid=275804&referrer=http%3A%2F%2Fcastok.com%2Fads%2Fad3.php&media_subtypes=1&ct=0&dlo=1,Malicious,
http://ams1.ib.adnxs.com/if?enc=mpmZmZmZuT_D9Shcj8K1P9V46SYxCMw_w_UoXI_CtT-amZmZmZm5PwhfCrQImiEOj6oVBHbvfHEgZ2pTAAAAABb4JACfAwAAawYAAAIAAADJReYAjtUFAAAAAQBVU0QAVVNEANgCWgCMWAAAGdMAAgUAAQIAAI4AtyfHAgAAAAA.&cnd=%219CQM7wjrkOsBEMmLmQcYACCOqxcwADgAQABI6wxQlvCTAVgAYJ8CaABwAHgAgAEAiAEAkAEBmAEBoAEBqAEDsAEAuQGamZmZmZm5P8EBmpmZmZmZuT_JAUNHi8jU1gBA2QEAAAAAAADwP-ABAPUBAACAPg..&ccd=%21_AUdOwjrkOsBEMmLmQcYjqsXIAA.&udj=uf%28%27a%27%2C+129071%2C+1399482144%29%3Buf%28%27l%27%2C+382350%2C+1399482144%29%3Buf%28%27c%27%2C+3852395%2C+1399482144%29%3Buf%28%27r%27%2C+15091145%2C+1399482144%29%3B&vpid=76&apid=253007&referrer=http%3A%2F%2Fapr.lijit.com%2F%2F%2Fwww%2Fdelivery%2Ffpi.php%3Fcb%3D4233%26flv%3D11.4.402%26fpr%3D0d637332082d63dcb7eaa76967fbd12a%26ifr%3Dtrue%26loc%3Dhttp%253A%252F%252Fdailyecho.co.uk%26od%3Dib.adnxs.com%26premium%3D1%26time%3D17%253A02%253A23%26username%3DGiantRealm%26zoneid%3D156454%26tid%3D276f9157fb9f498386a5dcdd6889627afd0c9c1b%26fd%3D3%26abf%3Dtrue%26ljt_giantid%3D0Ugc0wDs1VNL2KE20DRq3j2_3S033A033A0%26width%3D728%26height%3D90%26informer%3D7642409%26uri%3Dhttp%3A%2F%2Fwww.lijit.com%2Fusers%2FGiantRealm&media_subtypes=1&ct=0&dlo=1,Malicious,
http://fra1.ib.adnxs.com/if?enc=mpmZmZmZuT-uR-F6FK63P2IQWDm0yNY_rkfhehSutz-amZmZmZm5P8phH4VsnBphS6FHA6rhsX67WmpTAAAAANcpJwB2AgAAawYAAAIAAADJReYAs48FAAAAAQBVU0QAVVNEANgCWgCl3gAAwskAAgUAAQIAAI4A1yluTAAAAAA.&cnd=%21GiQa9wjrkOsBEMmLmQcYACCznxYwADgAQABI6wxQ19OcAVgAYMMHaABwAHgAgAEAiAEAkAEBmAEBoAEBqAEDsAEAuQGamZmZmZm5P8EBmpmZmZmZuT_JAXob5C8jdABA2QEAAAAAAADwP-ABAPUBAACAPg..&ccd=%21FAajOwjrkOsBEMmLmQcYs58WIAA.&udj=uf%28%27a%27%2C+129071%2C+1399478971%29%3Buf%28%27c%27%2C+3852395%2C+1399478971%29%3Buf%28%27r%27%2C+15091145%2C+1399478971%29%3B&vpid=77&apid=240107&referrer=http%3A%2F%2Fib.adnxs.com%2Ftt%3Fid%3D1860052%26cb%3D20140507160930%26referrer%3D%5BREFERRER_URL%5D%26pubclick%3Dhttp%3A%2F%2Fmedia.fastclick.net%2Fw%2Fclick.here%3Fcid%3D557710%26mid%3D1104621%26m%3D1%26sid%3D89834%26c%3D0%26tp%3D5%26UD%3DiAHttUOQAY6FIpgB6r0FoAEBqAEF8AEA%26upsid%3D874702297399448230%26forced_click%3D&media_subtypes=1&ct=0&dlo=1,Malicious,
http://fra1.ib.adnxs.com/if?enc=mpmZmZmZuT-_nxov3SS2P4lBYOXQIss_v58aL90ktj-amZmZmZm5P_sK7fmmcb5Prb2m_IWmCQFbRWpTAAAAABOSJADLBgAAawYAAAIAAADJReYAlC0DAAAAAQBVU0QAVVNEANgCWgCCFAAAnowAAgUAAQIAAI4AOynLgQAAAAA.&cnd=%21dyaaGwjrkOsBEMmLmQcYACCU2wwwADgAQABI6wxQk6SSAVgAYN0HaABwAHgAgAEAiAEAkAEBmAEBoAEBqAEDsAEAuQGamZmZmZm5P8EBmpmZmZmZuT_JAd-WuKGifv8_2QEAAAAAAADwP-ABAPUBAACAPg..&ccd=%21JwbaOwjrkOsBEMmLmQcYlNsMIAA.&udj=uf%28%27a%27%2C+129071%2C+1399473499%29%3Buf%28%27c%27%2C+3852395%2C+1399473499%29%3Buf%28%27r%27%2C+15091145%2C+1399473499%29%3B&vpid=655&apid=144453&referrer=http%3A%2F%2Fwww.youm7.com%2Fads%2Fads12.html&media_subtypes=1&ct=0&dlo=1,Malicious,
http://ams1.ib.adnxs.com/if?enc=MzMzMzMzwz-tR-F6FK6_Pz81XrpJDNI_rUfhehSuvz8zMzMzMzPDPzjxxT3rf2N4kehjaEJXgH6dx2dTAAAAAI9iHwA_AQAA2AcAAAIAAAClEuUA9iAFAAAAAQBVU0QAVVNEANgCWgC6AQAAUbUAAgUAAQIAAAAAoiNhRgAAAAA.&cnd=%210x-XCgjq_ekBEKWllAcYACD2wRQwADgAQABI2A9Qj8V9WABgEWgAcAB4AIABAIgBAJABAZgBAaABAagBA7ABALkBMzMzMzMzwz_BATMzMzMzM8M_yQFE_QMyCGUAQNkBAAAAAAAA8D_gAQD1AZqZmT4.&ccd=%210gabQgjq_ekBEKWllAcY9sEUIAA.&udj=uf%28%27a%27%2C+276362%2C+1399310237%29%3Buf%28%27c%27%2C+3833578%2C+1399310237%29%3Buf%28%27r%27%2C+15012517%2C+1399310237%29%3B&vpid=55&apid=222033&referrer=http%3A%2F%2Farnoldclark.150m.com%2Fhtml%2Fmail92.htm&ct=0&dlo=1,Malicious,
http://ams1.ib.adnxs.com/if?enc=MzMzMzMzwz-rHFpkO9-_P_YoXI_C9dg_qxxaZDvfvz8zMzMzMzPDP29X9xqVdV8QHpOq_uBy9FgC_mdTAAAAANcpJwB2AgAA2AcAAAIAAAClEuUAs48FAAAAAQBVU0QAVVNEANgCWgCAdgAAH9MAAgUAAQIAAIwAaSWCqwAAAAA.&cnd=%21hSFpcAjq_ekBEKWllAcYACCznxYwADgAQABI2A9Q19OcAVgAYM4GaABwAHgAgAEAiAEAkAEBmAEBoAEBqAEDsAEAuQEzMzMzMzPDP8EBMzMzMzMzwz_JAYE8BNSmhABA2QEAAAAAAADwP-ABAPUBmpmZPg..&ccd=%21bwbKQAjq_ekBEKWllAcYs58WIAA.&udj=uf%28%27a%27%2C+276362%2C+1399324162%29%3Buf%28%27c%27%2C+3833578%2C+1399324162%29%3Buf%28%27r%27%2C+15012517%2C+1399324162%29%3B&vpid=77&apid=240107&referrer=http%3A%2F%2Fib.adnxs.com%2Ftt%3Fid%3D1860052%26cb%3D20140505210917%26referrer%3D%5BREFERRER_URL%5D%26pubclick%3Dhttp%3A%2F%2Fmedia.fastclick.net%2Fw%2Fclick.here%3Fcid%3D557710%26mid%3D1104621%26m%3D1%26sid%3D65338%26c%3D0%26tp%3D5%26UD%3DiAHttUOQAY6FIpgBuv4DoAEBqAEF8AEA%26upsid%3D411102267038629835%26forced_click%3D&media_subtypes=1&ct=0&dlo=1,Malicious,
http://fra1.ib.adnxs.com/if?enc=m5mZmZmZuT80MzMzMzOzP0oMAiuHFrk_NDMzMzMzsz-amZmZmZm5P1E5nsvTZ4huczpO4GCdjwpLfWpTAAAAACYzDQAdAgAAawYAAAIAAADJReYABnYCAAAAAQBVU0QAVVNEANgCWgBP9AAAk4oAAgUAAQIAAIIA_iFKoQAAAAA.&cnd=%21kCUV9wjrkOsBEMmLmQcYACCG7AkwADgAQABI6wxQpuY0WABguwRoAHAAeACAAQCIAQCQAQGYAQGgAQGoAQOwAQC5AZqZmZmZmbk_wQGamZmZmZm5P8kB8O38upEQAEDZAQAAAAAAAPA_4AEA9QEAAIA-&ccd=%21JwbPOwjrkOsBEMmLmQcYhuwJIAA.&udj=uf%28%27a%27%2C+129071%2C+1399487819%29%3Buf%28%27c%27%2C+3852395%2C+1399487819%29%3Buf%28%27r%27%2C+15091145%2C+1399487819%29%3B&vpid=45&apid=98264&referrer=egrana.com.br&ct=0&dlo=1,Malicious,
http://ams1.ib.adnxs.com/if?enc=mpmZmZmZuT-_nxov3SS2P4lBYOXQIss_v58aL90ktj-amZmZmZm5P58imHnwc9gYKEtkaZ9pNF-3a2pTAAAAABOSJADLBgAAawYAAAIAAADJReYAlC0DAAAAAQBVU0QAVVNEANgCWgCCFAAAa7wAAgUAAQIAAI4AaicT5wAAAAA.&cnd=%21ASXG0wjrkOsBEMmLmQcYACCU2wwwADgAQABI6wxQk6SSAVgAYGBoAHAAeACAAQCIAQCQAQGYAQGgAQGoAQOwAQC5AZqZmZmZmbk_wQGamZmZmZm5P8kB-qMX38meAEDZAQAAAAAAAPA_4AEA9QEAAIA-&ccd=%21JwbaOwjrkOsBEMmLmQcYlNsMIAA.&udj=uf%28%27a%27%2C+129071%2C+1399483309%29%3Buf%28%27c%27%2C+3852395%2C+1399483309%29%3Buf%28%27r%27%2C+15091145%2C+1399483309%29%3B&vpid=655&apid=144453&referrer=http%3A%2F%2Fwww.youm7.com%2Fads%2Fads12.html&media_subtypes=1&ct=0&dlo=1,Malicious,
http://ams1.ib.adnxs.com/if?enc=mpmZmZmZuT-uR-F6FK63P_7UeOkmMdg_rkfhehSutz-amZmZmZm5P9dw34ZS7_I4FSBxzdO2vD-cTWpTAAAAAHW5GAB2AgAAawYAAAIAAADJReYAiTcEAAAAAQBVU0QAVVNEANgCWgCNywAAI9kAAgUAAQIAAIwAZCtrMAAAAAA.&cnd=%21sSU26wjrkOsBEMmLmQcYACCJ7xAwADgAQABI6wxQ9fJiWABgLWgAcAB4AIABAIgBAJABAZgBAaABAagBA7ABALkBmpmZmZmZuT_BAZqZmZmZmbk_yQE7zGwqt___P9kBAAAAAAAA8D_gAQD1AQAAgD4.&ccd=%21NAb_OwjrkOsBEMmLmQcYie8QIAA.&udj=uf%28%27a%27%2C+129071%2C+1399475612%29%3Buf%28%27c%27%2C+3852395%2C+1399475612%29%3Buf%28%27r%27%2C+15091145%2C+1399475612%29%3B&vpid=77&apid=237383&referrer=http%3A%2F%2Fwww.ittefaq.com.bd%2Findex.php%3Fref%3DMjBfMDVfMDdfMTRfMV82M18xXzEyODUxNQ%3D%3D&media_subtypes=1&ct=0&dlo=1,Malicious,
http://ams1.ib.adnxs.com/if?enc=mpmZmZmZuT_D9Shcj8K1P8_3U-Olm-Q_w_UoXI_CtT-amZmZmZm5P72dFfhPVqxB_WlMi9jPHBQITmpTAAAAALRwFQBGAQAAawYAAAIAAADJReYAkzECAAAAAQBVU0QAVVNEANgCWgCyOQAA0L8AAgUAAQIAAIIAYCuNYQAAAAA.&cnd=%21bySl2wjrkOsBEMmLmQcYACCT4wgwADgAQABI6wxQtOFVWABgpQRoAHAAeACAAQCIAQCQAQGYAQGgAQGoAQOwAQC5AZqZmZmZmbk_wQGamZmZmZm5P8kBuQpBgSlS_T_ZAQAAAAAAAPA_4AEA9QEAAIA-&ccd=%21KgbpOwjrkOsBEMmLmQcYk-MIIAA.&udj=uf%28%27a%27%2C+129071%2C+1399475720%29%3Buf%28%27c%27%2C+3852395%2C+1399475720%29%3Buf%28%27r%27%2C+15091145%2C+1399475720%29%3B&vpid=18&apid=172470&referrer=http%3A%2F%2Fwww.irishexaminer.com%2F&media_subtypes=1&ct=0&dlo=1,Malicious,
http://fra1.ib.adnxs.com/if?enc=mpmZmZmZuT9eukkMAiu3PwAAAAAAAPA_XrpJDAIrtz-amZmZmZm5P7OpJDm8luUJ6Cdfbknk4SMidmpTAAAAAMIeKACTBwAAawYAAAIAAADJReYAq70FAAAAAQBVU0QAVVNEANgCWgA4zQAAbs0AAgUAAQIAAIwAIiQHGwAAAAA.&pubclick=http://fra1.ib.adnxs.com/click?vQ7r6IO9pD8gYzFyzQGhP7gehetRuM4_IGMxcs0BoT-8Duvog72kPwVKz0nq9WBW6Cdfbknk4SMhdmpTAAAAACqWJQDIAQAAUAMAAAIAAABP6uQAm5gFAAAAAQBVU0QAVVNEANgCWgCjiAAAvtoDAQUAAQIAAIwAoyiA2QAAAAA./cnd%3D%2521tQZfQwj6-88BEM_UkwcYm7EWIAA./referrer%3Dhttp%253A%252F%252Fkobieta.onet.pl%252Fzycie-gwiazd%252Fzo-kravitz-nie-zalozyla-majtek%252F7bz9h/clickenc%3D%26cb%3D1399485985&cnd=%21NCWlFwjrkOsBEMmLmQcYACCr-xYwADgAQABI6wxQwr2gAVgAYJgGaABwAHgAgAEAiAEAkAEBmAEBoAEBqAEDsAEAuQGamZmZmZm5P8EBmpmZmZmZuT_JAYCQ6nBzewBA2QEAAAAAAADwP-ABAPUBAACAPg..&ccd=%21aAbrPAjrkOsBEMmLmQcYq_sWIAA.&udj=uf%28%27a%27%2C+129071%2C+1399485986%29%3Buf%28%27c%27%2C+3852395%2C+1399485986%29%3Buf%28%27r%27%2C+15091145%2C+1399485986%29%3B&vpid=857&apid=265483&referrer=http%3A%2F%2Fkobieta.onet.pl%2Fzycie-gwiazd%2Fzo-kravitz-nie-zalozyla-majtek%2F7bz9h&media_subtypes=1&ct=0&dlo=1,Malicious,
http://fra1.ib.adnxs.com/if?enc=MzMzMzMzwz-5SQwCK4e-PwIrhxbZzt8_uUkMAiuHvj8zMzMzMzPDP_BzJswkVRNwOicOLGw5P0GJvWdTAAAAAPoPJwAhCQAA2AcAAAIAAAClEuUALJAFAAAAAQBVU0QARVVSANgCWgCwrgAA98oAAgUAAQIAAI4A4x_JdAAAAAA.&cnd=%21eiLfdQjq_ekBEKWllAcYACCsoBYwADgAQABI2A9Q-p-cAVgAYKIDaABwAHgAgAEAiAEAkAEBmAEBoAEBqAEDsAEAuQEzMzMzMzPDP8EBMzMzMzMzwz_JAZdsX5lLtv8_2QEAAAAAAADwP-ABAPUBmpmZPg..&ccd=%21aQarQAjq_ekBEKWllAcYrKAWIAA.&udj=uf%28%27a%27%2C+276362%2C+1399307657%29%3Buf%28%27c%27%2C+3833578%2C+1399307657%29%3Buf%28%27r%27%2C+15012517%2C+1399307657%29%3B&vpid=1153&apid=265822&referrer=http%3A%2F%2Fwww.2874696.fr&media_subtypes=1&ct=0&dlo=1,Malicious,
http://ib.adnxs.com/tt?id=2628282&cb=1399481137980&referrer=dailymail.co.uk,Malicious,
http://fra1.ib.adnxs.com/if?enc=mpmZmZmZuT_D9Shcj8K1P6jGSzeJQeQ_w_UoXI_CtT-amZmZmZm5P9Bpz9mTeUM8Pu_q20pe6GOVUWpTAAAAAGzYIAByBwAAawYAAAIAAADJReYA3U0FAAAAAQBVU0QAVVNEANgCWgDBEwAA0I0AAgUAAQIAAIwAOSzEawAAAAA.&cnd=%21ViQw-wjrkOsBEMmLmQcYACDdmxUwBDgAQABI6wxQ7LCDAVgAYKYFaABwAHgAgAEAiAEAkAEBmAEBoAESqAEDsAEAuQGamZmZmZm5P8EBmpmZmZmZuT_JAXy6KiZxkABA2QEAAAAAAADwP-ABAPUBAACAPg..&ccd=%21OQZiPAjrkOsBEMmLmQcY3ZsVIAA.&udj=uf%28%27a%27%2C+129071%2C+1399476629%29%3Buf%28%27c%27%2C+3852395%2C+1399476629%29%3Buf%28%27r%27%2C+15091145%2C+1399476629%29%3B&vpid=785&apid=241881&referrer=http%3A%2F%2Fsnapwidget.com%2Fu%2F12953423&ct=0&dlo=1,Malicious,
http://ams1.ib.adnxs.com/if?enc=mpmZmZmZuT-_nxov3SS2P4lBYOXQIss_v58aL90ktj-amZmZmZm5P38NLHG5INd9IP3XwRzfYTYdTGpTAAAAABOSJADLBgAAawYAAAIAAADJReYAlC0DAAAAAQBVU0QAVVNEANgCWgCCFAAAw8gAAgUAAQIAAI4Asid44wAAAAA.&cnd=%21XiS07QjrkOsBEMmLmQcYACCU2wwwADgAQABI6wxQk6SSAVgAYPABaABwAHgAgAEAiAEAkAEBmAEBoAEBqAEDsAEAuQGamZmZmZm5P8EBmpmZmZmZuT_JAeEkU2twkgFA2QEAAAAAAADwP-ABAPUBAACAPg..&ccd=%21JwbaOwjrkOsBEMmLmQcYlNsMIAA.&udj=uf%28%27a%27%2C+129071%2C+1399475229%29%3Buf%28%27c%27%2C+3852395%2C+1399475229%29%3Buf%28%27r%27%2C+15091145%2C+1399475229%29%3B&vpid=655&apid=144453&referrer=http%3A%2F%2Fwww.youm7.com%2Fads%2Fads12.html&media_subtypes=1&ct=0&dlo=1,Malicious,
http://ib.adnxs.com/tt?id=2517435&size=728x90&referrer=blackhatworld.com&rand=0.7293813047496497&rand=0.18369524075752763,Malicious,
http://fra1.ib.adnxs.com/if?enc=mpmZmZmZuT-uR-F6FK63P_7UeOkmMcg_rkfhehSutz-amZmZmZm5P9GXpYZw4x8cZB5jK5r081-POWpTAAAAAHsBIwB2AgAAawYAAAIAAADJReYAs48FAAAAAQBVU0QAVVNEANgCWgCf4AAATcwAAgUAAQIAAIwAVioHwgAAAAA.&cnd=%21WyTw4gjrkOsBEMmLmQcYACCznxYwADgAQABI6wxQ-4KMAVgAYIQDaABwAHgAgAEAiAEAkAEBmAEBoAEBqAEDsAEAuQGamZmZmZm5P8EBmpmZmZmZuT_JAfJkfc8STABA2QEAAAAAAADwP-ABAPUBAACAPg..&ccd=%21FAajOwjrkOsBEMmLmQcYs58WIAA.&udj=uf%28%27a%27%2C+129071%2C+1399470479%29%3Buf%28%27c%27%2C+3852395%2C+1399470479%29%3Buf%28%27r%27%2C+15091145%2C+1399470479%29%3B&vpid=77&apid=240107&referrer=http%3A%2F%2Fib.adnxs.com%2Ftt%3Fid%3D1860052%26cb%3D20140507134757%26referrer%3D%5BREFERRER_URL%5D%26pubclick%3Dhttp%3A%2F%2Fmedia.fastclick.net%2Fw%2Fclick.here%3Fcid%3D557710%26mid%3D1104621%26m%3D1%26sid%3D64518%26c%3D0%26tp%3D5%26UD%3DiAHttUOQAY6FIpgBhvgDoAEBqAEF8AEA%26upsid%3D172102267790623336%26forced_click%3D&media_subtypes=1&ct=0&dlo=1,Malicious,
http://ams1.ib.adnxs.com/if?enc=MzMzMzMzwz-xne-nxku_P57vp8ZLN-0_sZ3vp8ZLvz8zMzMzMzPDPzCyxsCBCZdVunUJxc0F8l0MAGhTAAAAAFvsJwBoCAAA2AcAAAIAAAClEuUAlY4FAAAAAQBVU0QAVVNEANgCWgCUdQAAZN4AAgUAAQIAAIwAKyfwfgAAAAA.&cnd=%21xiHadQjq_ekBEKWllAcYACCVnRYwADgAQABI2A9Q29ifAVgAYOoGaABwAHgAgAEAiAEAkAEBmAEBoAEBqAEDsAEAuQEzMzMzMzPDP8EBMzMzMzMzwz_JAemCJwEOW_0_2QEAAAAAAADwP-ABAPUBmpmZPg..&ccd=%21TwYsQAjq_ekBEKWllAcYlZ0WIAA.&udj=uf%28%27a%27%2C+276362%2C+1399324684%29%3Buf%28%27c%27%2C+3833578%2C+1399324684%29%3Buf%28%27r%27%2C+15012517%2C+1399324684%29%3B&vpid=1058&apid=209734&referrer=http%3A%2F%2Foptimized-by.rubiconproject.com%2Fa%2F9852%2F26428%2F104466-2.html%3F%26cb%3D0.06013364719957759%26tk_st%3D1%26rf%3Dhttp%253A%2F%2Fwww.telegraaf.nl%2F%26rp_s%3Dc%26p_screen_res%3D1350x1080&media_subtypes=1&ct=0&dlo=1,Malicious,
http://ams1.ib.adnxs.com/if?enc=mpmZmZmZuT9nZmZmZma2PxSuR-F6FM4_Z2ZmZmZmtj-amZmZmZm5P7YcfObx1rRQDp4tLDvHry2wV2pTAAAAAG-NJgDVBgAAawYAAAIAAADJReYAjFADAAAAAQBVU0QAVVNEANgCWgCDkgAAs78AAgUAAQIAAI4AbSjx4QAAAAA.&pubclick=http://media.fastclick.net/w/click.here?cid%3D556996%26mid%3D1103534%26m%3D1%26sid%3D88120%26c%3D0%26tp%3D5%26UD%3DiAGurUOQAcT-IZgBuLAFoAEBqAEF8AEA%26upsid%3D571502177161962664%26forced_click%3D&cnd=%21jiSc-AjrkOsBEMmLmQcYACCMoQ0wADgAQABI6wxQ75qaAVgAYP4GaABwAHgAgAEAiAEAkAEBmAEBoAEBqAEDsAEAuQGamZmZmZm5P8EBmpmZmZmZuT_JAXAvcuq3FwFA2QEAAAAAAADwP-ABAPUBAACAPg..&ccd=%215gXNOgjrkOsBEMmLmQcYjKENIAA.&udj=uf%28%27a%27%2C+129071%2C+1399478192%29%3Buf%28%27c%27%2C+3852395%2C+1399478192%29%3Buf%28%27r%27%2C+15091145%2C+1399478192%29%3B&vpid=734&apid=167838&referrer=http%3A%2F%2Fcdn.optmd.com%2FV2%2F291839%2F868524%2Findex.html&media_subtypes=1&ct=0&dlo=1,Malicious,
http://fra1.ib.adnxs.com/if?enc=mpmZmZmZuT9nZmZmZma2PxSuR-F6FM4_Z2ZmZmZmtj-amZmZmZm5P_HESMK4exs9H-Rw0xmrKETIN2pTAAAAAG-NJgDVBgAAawYAAAIAAADJReYAjFADAAAAAQBVU0QAVVNEANgCWgCDkgAActQAAgUAAQIAAI4AFyjS0wAAAAA.&pubclick=http://media.fastclick.net/w/click.here?cid%3D556996%26mid%3D1103534%26m%3D1%26sid%3D89834%26c%3D0%26tp%3D5%26UD%3DiAGurUOQAcT-IZgB6r0FoAEBqAEF8AEA%26upsid%3D416718061490%26forced_click%3D&cnd=%21uyVMDgjrkOsBEMmLmQcYACCMoQ0wADgAQABI6wxQ75qaAVgAYN8HaABwAHgAgAEAiAEAkAEBmAEBoAEBqAEDsAEAuQGamZmZmZm5P8EBmpmZmZmZuT_JAbwN-Neq0wBA2QEAAAAAAADwP-ABAPUBAACAPg..&ccd=%215gXNOgjrkOsBEMmLmQcYjKENIAA.&udj=uf%28%27a%27%2C+129071%2C+1399470024%29%3Buf%28%27c%27%2C+3852395%2C+1399470024%29%3Buf%28%27r%27%2C+15091145%2C+1399470024%29%3B&vpid=734&apid=167838&referrer=photogallery.indiatimes.com&media_subtypes=1&ct=0&dlo=1,Malicious,
http://fra1.ib.adnxs.com/if?enc=mpmZmZmZuT8Tg8DKoUW2P57vp8ZLN-0_E4PAyqFFtj-amZmZmZm5PxdXVXp-wdQ3aEV7z2-4c0W6R2pTAAAAAGCmJgDZBgAAawYAAAIAAADJReYATQsGAAAAAQBVU0QAVVNEANgCWgAG3wAAFsoAAgUAAQIAAI4AEikPkAAAAAA.&cnd=%213iVk_wjrkOsBEMmLmQcYACDNlhgwADgAQABI6wxQ4MyaAVgAYEhoAHAAeACAAQCIAQCQAQGYAQGgAQGoAQOwAQC5AZqZmZmZmbk_wQGamZmZmZm5P8kBg2j-4trNAEDZAQAAAAAAAPA_4AEA9QEAAIA-&ccd=%21JwYHPAjrkOsBEMmLmQcYzZYYIAA.&udj=uf%28%27a%27%2C+129071%2C+1399474106%29%3Buf%28%27c%27%2C+3852395%2C+1399474106%29%3Buf%28%27r%27%2C+15091145%2C+1399474106%29%3B&vpid=663&apid=265040&referrer=adnxs.com&media_subtypes=1&ct=0&dlo=1,Malicious,
http://ams1.ib.adnxs.com/if?enc=MzMzMzMzwz-rHFpkO9-_P2Q730-Nl94_qxxaZDvfvz8zMzMzMzPDP3kSYFNjeBQlpj_fHSrOTnFQv2dTAAAAAJnQJQB2AgAA2AcAAAIAAAClEuUAOu8FAAAAAQBVU0QAVVNEANgCWgAgCAAAq7cAAgUAAQIAAAAAtiGYowAAAAA.&cnd=%21uyG2Zwjq_ekBEKWllAcYACC63hcwADgAQABI2A9QmaGXAVgAYLYCaABwAHgAgAEAiAEAkAEBmAEBoAEBqAEDsAEAuQEzMzMzMzPDP8EBMzMzMzMzwz_JAXouPtPWsABA2QEAAAAAAADwP-ABAPUBmpmZPg..&ccd=%21tgbsQQjq_ekBEKWllAcYut4XIAA.&udj=uf%28%27a%27%2C+276362%2C+1399308112%29%3Buf%28%27c%27%2C+3833578%2C+1399308112%29%3Buf%28%27r%27%2C+15012517%2C+1399308112%29%3B&vpid=77&apid=257736&referrer=http%3A%2F%2Foptimized-by.rubiconproject.com%2Fa%2F9852%2F26428%2F104466-2.html%3F%26cb%3D0.9796724606980065%26tk_st%3D1%26rf%3Dhttp%253A%2F%2Fwww.telegraaf.nl%2F%26rp_s%3Dc%26p_pos%3Datf%26p_screen_res%3D1429x1143&media_subtypes=1&ct=0&dlo=1,Malicious,
http://ams1.ib.adnxs.com/if?enc=mpmZmZmZuT8K16NwPQq3P23n-6nx0s0_CtejcD0Ktz-amZmZmZm5Pw-fIaEwgvNDNC-iFsHKTBUyhGpTAAAAAMmYJQBKBQAAawYAAAIAAADJReYAF-QFAAAAAQBVU0QAVVNEANgCWgCoEwAArr0AAgUAAQIAAI4AISgGFAAAAAA.&cnd=%21USTfxQjrkOsBEMmLmQcYACCXyBcwADgAQABI6wxQybGWAVgAYDxoAHAAeACAAQCIAQCQAQGYAQGgAQGoAQOwAQC5AZqZmZmZmbk_wQGamZmZmZm5P8kBqiENJzv3_D_ZAQAAAAAAAPA_4AEA9QEAAIA-&ccd=%21Iga-OwjrkOsBEMmLmQcYl8gXIAA.&udj=uf%28%27a%27%2C+129071%2C+1399489586%29%3Buf%28%27c%27%2C+3852395%2C+1399489586%29%3Buf%28%27r%27%2C+15091145%2C+1399489586%29%3B&vpid=352&referrer=federatedmedia.net&media_subtypes=1&ct=0&dlo=1,Malicious,
http://ams1.ib.adnxs.com/if?enc=MzMzMzMzwz-xne-nxku_P57vp8ZLN-0_sZ3vp8ZLvz8zMzMzMzPDP1q9h65c64Bi3F6zThPfIzbkI2hTAAAAAFvsJwBoCAAA2AcAAAIAAAClEuUAlY4FAAAAAQBVU0QAVVNEANgCWgCUdQAAMt4AAgUAAQIAAIwA8yegxwAAAAA.&cnd=%215yLJkwjq_ekBEKWllAcYACCVnRYwADgAQABI2A9Q29ifAVgAYPwBaABwAHgAgAEAiAEAkAEBmAEBoAEBqAEDsAEAuQEzMzMzMzPDP8EBMzMzMzMzwz_JAZbljX4xWf0_2QEAAAAAAADwP-ABAPUBmpmZPg..&ccd=%21TwYsQAjq_ekBEKWllAcYlZ0WIAA.&udj=uf%28%27a%27%2C+276362%2C+1399333860%29%3Buf%28%27c%27%2C+3833578%2C+1399333860%29%3Buf%28%27r%27%2C+15012517%2C+1399333860%29%3B&vpid=1058&apid=209734&referrer=http%3A%2F%2Foptimized-by.rubiconproject.com%2Fa%2F9852%2F26428%2F104466-2.html%3F%26cb%3D0.4107960660510764%26tk_st%3D1%26rf%3Dhttp%253A%2F%2Fwww.telegraaf.nl%2F%26rp_s%3Dc%26p_pos%3Datf%26p_screen_res%3D1466x916&media_subtypes=1&ct=0&dlo=1,Malicious,
http://ams1.ib.adnxs.com/if?enc=MzMzMzMzwz-xne-nxku_P57vp8ZLN-0_sZ3vp8ZLvz8zMzMzMzPDPzZLyWs66dMxBQ9rX-iHzzzrMGhTAAAAAFvsJwBoCAAA2AcAAAIAAAClEuUAlY4FAAAAAQBVU0QAVVNEANgCWgCUdQAACsAAAgUAAQIAAIwA-iZtgAAAAAA.&cnd=%21WiLyWAjq_ekBEKWllAcYACCVnRYwADgAQABI2A9Q29ifAVgAYGVoAHAAeACAAQCIAQCQAQGYAQGgAQGoAQOwAQC5ATMzMzMzM8M_wQEzMzMzMzPDP8kBwFAnqvlB_T_ZAQAAAAAAAPA_4AEA9QGamZk-&ccd=%21TwYsQAjq_ekBEKWllAcYlZ0WIAA.&udj=uf%28%27a%27%2C+276362%2C+1399337195%29%3Buf%28%27c%27%2C+3833578%2C+1399337195%29%3Buf%28%27r%27%2C+15012517%2C+1399337195%29%3B&vpid=1058&apid=209734&referrer=http%3A%2F%2Foptimized-by.rubiconproject.com%2Fa%2F9852%2F26428%2F104466-2.html%3F%26cb%3D0.5840615075733164%26tk_st%3D1%26rf%3Dhttp%253A%2F%2Fwww.telegraaf.nl%2Fautovisie%2F%26rp_s%3Dc%26p_pos%3Datf%26p_screen_res%3D1280x1024&media_subtypes=1&ct=0&dlo=1,Malicious,
http://ib.adnxs.com/tt?id=2598596&cb=1546751848&referrer=http%3A%2F%2Fgreatmmos.com%2Fgot%2Fstep1.html,Malicious,
http://fra1.ib.adnxs.com/if?enc=m5mZmZmZuT80MzMzMzOzP7gehetRuK4_NDMzMzMzsz-amZmZmZm5PxZdHjvY8fQNvEnf38fxNQSIO2pTAAAAACrdEwAdAgAAawYAAAIAAADJReYAQn8CAAAAAQBVU0QAVVNEANgCWgAZQwAAftoAAgUAAQIAAIYAJCVa5AAAAAA.&cnd=%21vSQTuwjrkOsBEMmLmQcYACDC_gkwADgAQABI6wxQqrpPWABgBGgAcAB4AIABAIgBAJABAZgBAaABAagBA7ABALkBmpmZmZmZuT_BAZqZmZmZmbk_yQESV4KnVfj9P9kBAAAAAAAA8D_gAQD1AQAAgD4.&ccd=%21dQZDPQjrkOsBEMmLmQcYwv4JIAA.&udj=uf%28%27a%27%2C+129071%2C+1399470984%29%3Buf%28%27c%27%2C+3852395%2C+1399470984%29%3Buf%28%27r%27%2C+15091145%2C+1399470984%29%3B&vpid=45&apid=103302&referrer=http%3A%2F%2Ftr.adsplats.com%2Ftra%2F6286939%2Findex.html%3Fsize%3D728x90&ct=0&dlo=1,Malicious,
http://ams1.ib.adnxs.com/if?enc=MzMzMzMzwz-xne-nxku_P57vp8ZLN-0_sZ3vp8ZLvz8zMzMzMzPDPz-vfeUlTNYEIrK0036FFjLB8WdTAAAAAFvsJwBoCAAA2AcAAAIAAAClEuUAlY4FAAAAAQBVU0QAVVNEANgCWgCUdQAAVckAAgUAAQIAAIwA8Sd-uQAAAAA.&cnd=%21miLIcwjq_ekBEKWllAcYACCVnRYwADgAQABI2A9Q29ifAVgAYIoDaABwAHgAgAEAiAEAkAEBmAEBoAEBqAEDsAEAuQEzMzMzMzPDP8EBMzMzMzMzwz_JAVjYwBL5OP0_2QEAAAAAAADwP-ABAPUBmpmZPg..&ccd=%21TwYsQAjq_ekBEKWllAcYlZ0WIAA.&udj=uf%28%27a%27%2C+276362%2C+1399321025%29%3Buf%28%27c%27%2C+3833578%2C+1399321025%29%3Buf%28%27r%27%2C+15012517%2C+1399321025%29%3B&vpid=1058&apid=209734&referrer=http%3A%2F%2Foptimized-by.rubiconproject.com%2Fa%2F9852%2F26428%2F104466-2.html%3F%26cb%3D0.4920041466666182%26tk_st%3D1%26rf%3Dhttp%253A%2F%2Fwww.telegraaf.nl%2F%26rp_s%3Dc%26p_pos%3Dbtf%26p_screen_res%3D1069x855&media_subtypes=1&ct=0&dlo=1,Malicious,
http://ams1.ib.adnxs.com/if?enc=m5mZmZmZuT80MzMzMzOzPzm0yHa-n7o_NDMzMzMzsz-amZmZmZm5Pw9QBNVAk_oAhxdtvB_KGGCjWWpTAAAAAMMBHgBNBQAAawYAAAIAAADJReYAuasCAAAAAQBVU0QAVVNEANgCWgCceAAAlbcAAgUAAQIAAI4A1ySplAAAAAA.&cnd=%218yPN2AjrkOsBEMmLmQcYACC51wowADgAQABI6wxQw4N4WABgxwRoAHAAeACAAQCIAQCQAQGYAQGgAQGoAQOwAQC5AZqZmZmZmbk_wQGamZmZmZm5P8kB1okKbx54AEDZAQAAAAAAAPA_4AEA9QEAAIA-&ccd=%21RgZ9PAjrkOsBEMmLmQcYudcKIAA.&udj=uf%28%27a%27%2C+129071%2C+1399478691%29%3Buf%28%27c%27%2C+3852395%2C+1399478691%29%3Buf%28%27r%27%2C+15091145%2C+1399478691%29%3B&vpid=366&apid=165057&referrer=http%3A%2F%2Fwww.grated.com%2Fsome-randomness-2%2F%3Fz%3D113904%26cb%3D301794701&ct=0&dlo=1,Malicious,
http://ib.adnxs.com/tt?id=2598596&cb=1288621266&referrer=http%3A%2F%2Fmyproducts.bandce.co.uk%2F,Malicious,
http://ib.adnxs.com/tt?id=2598596&cb=1966796193&referrer=http%3A%2F%2Fmyproducts.bandce.co.uk%2Faccount%2Factivationemail,Malicious,
http://fra1.ib.adnxs.com/if?enc=m5mZmZmZuT80MzMzMzOzPzm0yHa-n7o_NDMzMzMzsz-amZmZmZm5P-J0aKZnUDhDhxdtvB_KGGC7WWpTAAAAAMMBHgBNBQAAawYAAAIAAADJReYAuasCAAAAAQBVU0QAVVNEANgCWgCceAAAfdQAAgUAAQIAAI4AhSWT0AAAAAA.&cnd=%21cCT83gjrkOsBEMmLmQcYACC51wowADgAQABI6wxQw4N4WABgxwRoAHAAeACAAQCIAQCQAQGYAQGgAQGoAQOwAQC5AZqZmZmZmbk_wQGamZmZmZm5P8kBHhRpiKgj_j_ZAQAAAAAAAPA_4AEA9QEAAIA-&ccd=%21RgZ9PAjrkOsBEMmLmQcYudcKIAA.&udj=uf%28%27a%27%2C+129071%2C+1399478715%29%3Buf%28%27c%27%2C+3852395%2C+1399478715%29%3Buf%28%27r%27%2C+15091145%2C+1399478715%29%3B&vpid=366&apid=165057&referrer=http%3A%2F%2Fwww.grated.com%2F15-stars-who-dropped-out-of-high-school%2F%3Fz%3D113904%26cb%3D709121644&ct=0&dlo=1,Malicious,
http://fra1.ib.adnxs.com/if?enc=mpmZmZmZuT_D9Shcj8K1PyGwcmiR7cw_w_UoXI_CtT-amZmZmZm5P2nEO2TiC8d8Vu3svmrXEwT8f2pTAAAAABtWJQAyAwAAawYAAAIAAADJReYAneIEAAAAAQBVU0QAVVNEANgCWgBZEAAAhswAAgUAAQIAAI4A4yqBIgAAAAA.&cnd=%21oCXCAwjrkOsBEMmLmQcYACCdxRMwADgAQABI6wxQm6yVAVgAYM4FaABwAHgAgAEAiAEAkAEBmAEBoAEBqAEDsAEAuQGamZmZmZm5P8EBmpmZmZmZuT_JAXIErIzSm_8_2QEAAAAAAADwP-ABAPUBAACAPg..&ccd=%21IQbEOwjrkOsBEMmLmQcYncUTIAA.&udj=uf%28%27a%27%2C+129071%2C+1399488508%29%3Buf%28%27c%27%2C+3852395%2C+1399488508%29%3Buf%28%27r%27%2C+15091145%2C+1399488508%29%3B&vpid=63&apid=211277&referrer=http%3A%2F%2Fwww.ebay.it%2Fsch%2FRegno-%2F38672%2Fm.html%3F_nkw%3D&media_subtypes=1&ct=0&dlo=1,Malicious,
http://ib.adnxs.com/tt?id=2614296&referrer=http%3A%2F%2Fcr.tractionize.com%2FWLBidRequestHandler%3Foid%3D2%26width%3D1200%26height%3D900%26pubid%3D33906%26noaop%3D1%26tagid%3D100019600000000000%26revmod%3D2%26born%3D1378140268%26Prof%3D%26BTF%3D%26cb%3D1399471844897%26encoded%3D1%26cirf%3Dhttps%253A%252F%252Fwww.amazon.co.uk%252Fap%252Fsignin%253F_encoding%253DUTF8%2526accountStatusPolicy%253DP1%2526openid.assoc_handle%253Dgbflex%2526openid.claimed_id%253Dhttp%25253A%25252F%25252Fspecs.openid.net%25252Fauth%25252F2.0%25252Fidentifier_select%2526openid.identity%253Dhttp%25253A%25252F%25252Fspecs.openid.net%25252Fauth%25252F2.0%25252Fidentifier_select%2526openid.mode%253Dcheckid_setup%2526openid.ns%253Dhttp%25253A%25252F%25252Fspecs.openid.net%25252Fauth%25252F2.0%2526openid.ns.pape%253Dhttp%25253A%25252F%25252Fspecs.openid.net%25252Fextensions%25252Fpape%25252F1.0%2526openid.pape.max_auth_age%253D0%2526openid.return_to%253Dhttps%25253A%25252F%25252Fwww.amazon.co.uk%25252Fgp%25252Fcss%25252Forder-history%25253Fie%25253DUTF8%252526ref_%25253Dpe_385721_37986871_TE_gs%252526ref_%25253Dyo_mob_des%2526pageId%253Dwebcs-yourorder%2526showRmrMe%253D1&cb=86874150119,Malicious,
http://nym1.ib.adnxs.com/if?enc=mpmZmZmZuT9rvHSTGAS2P0w3iUFg5eQ_a7x0kxgEtj-amZmZmZm5P3QkXgVK6i0drcympncG5SHZaGpTAAAAANqYJwAIBwAAawYAAAIAAADJReYAC6kEAAAAAQBVU0QAVVNEANgCWgBBvwAA7tQAAgUAAQIAAI4APyfSdgAAAAA.&pubclick=http://d1ui18tz1fx59z.cloudfront.net/au/ad-728.html&cnd=%21tyUdGAjrkOsBEMmLmQcYACCL0hIwADgAQABI6wxQ2rGeAVgAYN0BaABwAHgAgAEAiAEAkAEBmAEBoAEBqAEDsAEAuQGamZmZmZm5P8EBmpmZmZmZuT_JARoA6KGmmf0_2QEAAAAAAADwP-ABAPUBAACAPg..&ccd=%21GwabOwjrkOsBEMmLmQcYi9ISIAA.&udj=uf%28%27a%27%2C+129071%2C+1399482585%29%3Buf%28%27c%27%2C+3852395%2C+1399482585%29%3Buf%28%27r%27%2C+15091145%2C+1399482585%29%3B&vpid=726&apid=204093&referrer=http%3A%2F%2Fd1ui18tz1fx59z.cloudfront.net%2Fau%2Fad-728.html&media_subtypes=1&ct=0&dlo=1,Malicious,
http://ams1.ib.adnxs.com/if?enc=MzMzMzMzwz-xne-nxku_P57vp8ZLN-0_sZ3vp8ZLvz8zMzMzMzPDP5x4xp870UhUhCFi8FDn3Dx3G2hTAAAAAFHsJwBoCAAA2AcAAAIAAAClEuUAlY4FAAAAAQBVU0QAVVNEANgCWgCUdQAAD9gAAgUAAQIAAIwAtyc7vAAAAAA.&cnd=%21_SKojgjq_ekBEKWllAcYACCVnRYwADgAQABI2A9Q0difAVgAYOwCaABwAHgAgAEAiAEAkAEBmAEBoAEBqAEDsAEAuQEzMzMzMzPDP8EBMzMzMzMzwz_JAZOJUvUvq_8_2QEAAAAAAADwP-ABAPUBmpmZPg..&ccd=%21TwYsQAjq_ekBEKWllAcYlZ0WIAA.&udj=uf%28%27a%27%2C+276362%2C+1399331703%29%3Buf%28%27c%27%2C+3833578%2C+1399331703%29%3Buf%28%27r%27%2C+15012517%2C+1399331703%29%3B&vpid=1058&apid=209734&referrer=http%3A%2F%2Fad-emea.doubleclick.net%2FN3844%2Fadi%2Febay.nl.x.slb%2F_default%3Bsz%3D728x90%3Bcat%3D26395%3Btcat%3D26395%3Bkw%3D6x%20hegron%20mix%20haar%20gel%20styling%20haargel%201000ml%3Bot%3D1%3Btile%3D4%3Bord%3D1399331702%3F&media_subtypes=1&ct=0&dlo=1,Malicious,
http://ams1.ib.adnxs.com/if?enc=MzMzMzMzwz-xne-nxku_P57vp8ZLN-0_sZ3vp8ZLvz8zMzMzMzPDPzkpKm5CzhNrdkYAMlk95Az6JWhTAAAAAFvsJwBoCAAA2AcAAAIAAAClEuUAlY4FAAAAAQBVU0QAVVNEANgCWgCUdQAAwbwAAgUAAQIAAIwAeSW33QAAAAA.&cnd=%21giM0lAjq_ekBEKWllAcYACCVnRYwADgAQABI2A9Q29ifAVgAYL4CaABwAHgAgAEAiAEAkAEBmAEBoAEBqAEDsAEAuQEzMzMzMzPDP8EBMzMzMzMzwz_JAbZX-fQN3_8_2QEAAAAAAADwP-ABAPUBmpmZPg..&ccd=%21TwYsQAjq_ekBEKWllAcYlZ0WIAA.&udj=uf%28%27a%27%2C+276362%2C+1399334394%29%3Buf%28%27c%27%2C+3833578%2C+1399334394%29%3Buf%28%27r%27%2C+15012517%2C+1399334394%29%3B&vpid=1058&apid=209734&referrer=http%3A%2F%2Foptimized-by.rubiconproject.com%2Fa%2F9852%2F26428%2F104466-2.html%3F%26cb%3D0.48769057360635615%26tk_st%3D1%26rf%3Dhttp%253A%2F%2Fwww.telegraaf.nl%2F%26rp_s%3Dc%26p_pos%3Datf%26p_screen_res%3D1525x857&media_subtypes=1&ct=0&dlo=1,Malicious,
http://ams1.ib.adnxs.com/if?enc=mpmZmZmZuT9nZmZmZma2PxSuR-F6FM4_Z2ZmZmZmtj-amZmZmZm5P3kYT1gZl1RY_G25wH1ypgWiXWpTAAAAAG-NJgDVBgAAawYAAAIAAADJReYAjFADAAAAAQBVU0QAVVNEANgCWgCDkgAAucAAAgUAAQIAAI4Amic1kwAAAAA.&pubclick=http://media.fastclick.net/w/click.here?cid%3D556996%26mid%3D1103534%26m%3D1%26sid%3D35521%26c%3D0%26tp%3D5%26UD%3DiAGurUOQAcT-IZgBwZUCoAEBqAEF8AEA%26upsid%3D236034480604%26forced_click%3D&cnd=%21SSZiFQjrkOsBEMmLmQcYACCMoQ0wADgAQABI6wxQ75qaAVgAYLwGaABwAHgAgAEAiAEAkAEBmAEBoAEBqAEDsAEAuQGamZmZmZm5P8EBmpmZmZmZuT_JAar45KS74gBA2QEAAAAAAADwP-ABAPUBAACAPg..&ccd=%215gXNOgjrkOsBEMmLmQcYjKENIAA.&udj=uf%28%27a%27%2C+129071%2C+1399479714%29%3Buf%28%27c%27%2C+3852395%2C+1399479714%29%3Buf%28%27r%27%2C+15091145%2C+1399479714%29%3B&vpid=734&apid=167838&referrer=http%3A%2F%2Fwww.football-lineups.com%2Fteam%2FManchester_City%2F&media_subtypes=1&ct=0&dlo=1,Malicious,
http://ams1.ib.adnxs.com/if?enc=mpmZmZmZuT_D9Shcj8K1P1pkO99Pjbc_w_UoXI_CtT-amZmZmZm5P2qTyjR17fAAh5a7vPDA5VPuTGpTAAAAAGnHFQD0AwAAawYAAAIAAADJReYAI7YDAAAAAQBVU0QAVVNEANgCWgApsQAAUt8AAgUAAQIAAIYAsiyQjgAAAAA.&pubclick=http://www.burstnet.com/burstmedia/clk/BCPG230483.373540.561996/VTS%3D8iWAh.Lxo9/SZ%3D728X90A/a%3Da/s%3D22297/FPR/V%3D4.0S//REDIRURL%3D&cnd=%21XCUM9wjrkOsBEMmLmQcYACCj7A4wADgAQABI6wxQ6Y5XWABgvwJoAHAAeACAAQCIAQCQAQGYAQGgAQGoAQOwAQC5AZqZmZmZmbk_wQGamZmZmZm5P8kBYEEAyXzt_D_ZAQAAAAAAAPA_4AEA9QEAAIA-&ccd=%21SQZvPAjrkOsBEMmLmQcYo-wOIAA.&udj=uf%28%27a%27%2C+129071%2C+1399475438%29%3Buf%28%27c%27%2C+3852395%2C+1399475438%29%3Buf%28%27r%27%2C+15091145%2C+1399475438%29%3B&vpid=167&apid=167368&referrer=www.thegoodpubguide.co.uk%2F&ct=0&dlo=1,Malicious,
http://fra1.ib.adnxs.com/if?enc=mpmZmZmZuT8Tg8DKoUW2P57vp8ZLN-0_E4PAyqFFtj-amZmZmZm5P01I7776LUAMaEV7z2-4c0WtR2pTAAAAAGCmJgDZBgAAawYAAAIAAADJReYATQsGAAAAAQBVU0QAVVNEANgCWgAG3wAASowAAgUAAQIAAI4AKSlVnwAAAAA.&cnd=%214yV__QjrkOsBEMmLmQcYACDNlhgwADgAQABI6wxQ4MyaAVgAYEhoAHAAeACAAQCIAQCQAQGYAQGgAQGoAQOwAQC5AZqZmZmZmbk_wQGamZmZmZm5P8kB5CPPVVj4_T_ZAQAAAAAAAPA_4AEA9QEAAIA-&ccd=%21JwYHPAjrkOsBEMmLmQcYzZYYIAA.&udj=uf%28%27a%27%2C+129071%2C+1399474093%29%3Buf%28%27c%27%2C+3852395%2C+1399474093%29%3Buf%28%27r%27%2C+15091145%2C+1399474093%29%3B&vpid=663&apid=265040&referrer=adnxs.com&media_subtypes=1&ct=0&dlo=1,Malicious,
http://fra1.ib.adnxs.com/if?enc=mpmZmZmZuT9jEFg5tMi2PwwCK4cW2d4_YxBYObTItj-amZmZmZm5P1kBO4-1f8wA5iRvEbsydxKYTmpTAAAAAKgQJwAhCQAAawYAAAIAAADJReYALJAFAAAAAQBVU0QARVVSANgCWgDsmQAAS8wAAgUAAQIAAI4ADiU2zQAAAAA.&pubclick=http%253A%252F%252Fl.adxcore.com%252Fa%252Fclic%252F%253Fc%253D2352Y29udHJvbGxlcj1jbGljJmFjdGlvbj1pbmRleCZ0eXBlPWNsaWMmbl9jbGljPTY2MTAwODc0ODM4ODAmem9uZT02NjEwJmJhbm5lcj0xMTA0NzQmcmVtdT0tOWJjS3Fndm8zRzJoaGNleldwelRsMCZtYXJnZT1IclRYQkhOQlRLOHUxS2V4S0Q1SXVfUQ%2526redirect%253D&cnd=%21GCRt1QjrkOsBEMmLmQcYACCsoBYwADgAQABI6wxQqKGcAVgAYKYFaABwAHgAgAEAiAEAkAEBmAEBoAEBqAEDsAEAuQGamZmZmZm5P8EBmpmZmZmZuT_JAUIYpUuH8gBA2QEAAAAAAADwP-ABAPUBAACAPg..&ccd=%21DgaEOwjrkOsBEMmLmQcYrKAWIAA.&udj=uf%28%27a%27%2C+129071%2C+1399475864%29%3Buf%28%27c%27%2C+3852395%2C+1399475864%29%3Buf%28%27r%27%2C+15091145%2C+1399475864%29%3B&vpid=1153&apid=264630&referrer=http%3A%2F%2Fwww.3361.com&media_subtypes=1&ct=0&dlo=1,Malicious,
http://ib.adnxs.com/tt?id=2108779&size=728x90&referrer=http%3A%2F%2Ffree.mapsgalaxy.com%2F,Malicious,
http://fra1.ib.adnxs.com/if?enc=m5mZmZmZuT80MzMzMzOzPzm0yHa-n7o_NDMzMzMzsz-amZmZmZm5P5qRE7m3FqFrg5biJ_rh4AnLPmpTAAAAAMMBHgBNBQAAawYAAAIAAADJReYAuasCAAAAAQBVU0QAVVNEANgCWgCceAAAmIsAAgUAAQIAAI4ARCd2YAAAAAA.&cnd=%21aiQmtgjrkOsBEMmLmQcYACC51wowADgAQABI6wxQw4N4WABgO2gAcAB4AIABAIgBAJABAZgBAaABAagBA7ABALkBmpmZmZmZuT_BAZqZmZmZmbk_yQFQW85eDpT9P9kBAAAAAAAA8D_gAQD1AQAAgD4.&ccd=%21RgZ9PAjrkOsBEMmLmQcYudcKIAA.&udj=uf%28%27a%27%2C+129071%2C+1399471819%29%3Buf%28%27c%27%2C+3852395%2C+1399471819%29%3Buf%28%27r%27%2C+15091145%2C+1399471819%29%3B&vpid=366&apid=165057&referrer=http%3A%2F%2Fwww.grated.com%2F15-most-expensive-cities-in-the-world%2F%3Fz%3D113904%26cb%3D747904925&ct=0&dlo=1,Malicious,
http://ib.adnxs.com/tt?id=2628287&size=728x90&cb=1399305907&age=0&gender=u&referrer=http://s1.gravyseals.com/serve?pid=2136&z=94051&if=1&cb=538879019&s=LT_E3519311-518B-4B38-BBBE-3A2DE2A85909&click=&pubclick=http://ams1.ib.adnxs.com/click?LkMc6-I2Gj9iMlUwKqkTPyGwcmiR7bw_YjJVMCqpEz8tQxzr4jYaP8_uZ8x7Ar4qVASXL0e1gVeztmdTAAAAAMMBHgBNBQAAMgMAAAIAAABX-OQAuasCAAAAAQBVU0QAVVNEANgCWgCWbgAAkMAAAgUAAQIAAIoA1SK8mAAAAAA./cnd=%21wgbuQAif7ekBENfwkwcYudcKIAA./referrer=http%3A%2F%2Fs1.gravyseals.com%2Fserve%3Fpid%3D2136%26z%3D94051%26if%3D1%26cb%3D538879019%26s%3DLT_E3519311-518B-4B38-BBBE-3A2DE2A85909%26click%3D/clickenc=,Malicious,
http://fra1.ib.adnxs.com/if?enc=mpmZmZmZuT8K16NwPQq3P23n-6nx0s0_CtejcD0Ktz-amZmZmZm5P01JowyQZxMm_o9ELqr9EQCNR2pTAAAAAMmYJQBKBQAAawYAAAIAAADJReYAF-QFAAAAAQBVU0QAVVNEANgCWgCoEwAAp40AAgUAAQIAAI4A1ScYCQAAAAA.&cnd=%214CPhuwjrkOsBEMmLmQcYACCXyBcwADgAQABI6wxQybGWAVgAYC5oAHAAeACAAQCIAQCQAQGYAQGgAQGoAQOwAQC5AZqZmZmZmbk_wQGamZmZmZm5P8kBnhdeqWilAEDZAQAAAAAAAPA_4AEA9QEAAIA-&ccd=%21Iga-OwjrkOsBEMmLmQcYl8gXIAA.&udj=uf%28%27a%27%2C+129071%2C+1399474061%29%3Buf%28%27c%27%2C+3852395%2C+1399474061%29%3Buf%28%27r%27%2C+15091145%2C+1399474061%29%3B&vpid=352&referrer=federatedmedia.net&media_subtypes=1&ct=0&dlo=1,Malicious,
http://ams1.ib.adnxs.com/if?enc=MzMzMzMzwz-xne-nxku_PxKDwMqhRe4_sZ3vp8ZLvz8zMzMzMzPDP0k9snnNehMv5h-jLtDEGQaWXWhTAAAAAFvsJwBoCAAA2AcAAAIAAAClEuUAlY4FAAAAAQBVU0QAVVNEANgCWgCUdQAAebcAAgUAAQIAAIwAUSYKKQAAAAA.&cnd=%21OCHGVgjq_ekBEKWllAcYACCVnRYwADgAQABI2A9Q29ifAVgAYJYBaABwAHgAgAEAiAEAkAEBmAEBoAEBqAEDsAEAuQEzMzMzMzPDP8EBMzMzMzMzwz_JAZNLvgVjvwBA2QEAAAAAAADwP-ABAPUBmpmZPg..&ccd=%21TwYsQAjq_ekBEKWllAcYlZ0WIAA.&udj=uf%28%27a%27%2C+276362%2C+1399348630%29%3Buf%28%27c%27%2C+3833578%2C+1399348630%29%3Buf%28%27r%27%2C+15012517%2C+1399348630%29%3B&vpid=1058&apid=209734&referrer=http%3A%2F%2Foptimized-by.rubiconproject.com%2Fa%2F9852%2F26428%2F104466-2.html%3F%26cb%3D0.051405224133037275%26tk_st%3D1%26rf%3Dhttp%253A%2F%2Fwww.telegraaf.nl%2F%26rp_s%3Dc%26p_pos%3Dbtf%26p_screen_res%3D1326x746&media_subtypes=1&ct=0&dlo=1,Malicious,
http://fra1.ib.adnxs.com/if?enc=MzMzMzMzwz-rHFpkO9-_P_YoXI_C9dg_qxxaZDvfvz8zMzMzMzPDPxGzCfVTKMBJHpOq_uBy9FgV_mdTAAAAANcpJwB2AgAA2AcAAAIAAAClEuUAs48FAAAAAQBVU0QAVVNEANgCWgCAdgAA4skAAgUAAQIAAIwAKyaLuQAAAAA.&cnd=%21tyFYdgjq_ekBEKWllAcYACCznxYwADgAQABI2A9Q19OcAVgAYM4GaABwAHgAgAEAiAEAkAEBmAEBoAEBqAEDsAEAuQEzMzMzMzPDP8EBMzMzMzMzwz_JATGko8N-OABA2QEAAAAAAADwP-ABAPUBmpmZPg..&ccd=%21bwbKQAjq_ekBEKWllAcYs58WIAA.&udj=uf%28%27a%27%2C+276362%2C+1399324181%29%3Buf%28%27c%27%2C+3833578%2C+1399324181%29%3Buf%28%27r%27%2C+15012517%2C+1399324181%29%3B&vpid=77&apid=240107&referrer=http%3A%2F%2Fib.adnxs.com%2Ftt%3Fid%3D1860052%26cb%3D20140505210938%26referrer%3D%5BREFERRER_URL%5D%26pubclick%3Dhttp%3A%2F%2Fmedia.fastclick.net%2Fw%2Fclick.here%3Fcid%3D551113%26mid%3D1073457%26m%3D1%26sid%3D65338%26c%3D0%26tp%3D5%26UD%3DiAGxwkGQAcnRIZgBuv4DoAEBqAEF8AEA%26upsid%3D411102267038629835%26forced_click%3D&media_subtypes=1&ct=0&dlo=1,Malicious,
http://fra1.ib.adnxs.com/if?enc=m5mZmZmZuT80MzMzMzOzPzm0yHa-n7o_NDMzMzMzsz-amZmZmZm5P30LHhqPXnw_VASXL0e1gVfaN2pTAAAAAMMBHgBNBQAAawYAAAIAAADJReYAuasCAAAAAQBVU0QAVVNEANgCWgCWbgAALdQAAgUAAQIAAIoAuiOGTgAAAAA.&cnd=%21kySD5QjrkOsBEMmLmQcYACC51wowADgAQABI6wxQw4N4WABg1AVoAHAAeACAAQCIAQCQAQGYAQGgAQGoAQOwAQC5AZqZmZmZmbk_wQGamZmZmZm5P8kBKEccwpMj_j_ZAQAAAAAAAPA_4AEA9QEAAIA-&ccd=%21RgZ9PAjrkOsBEMmLmQcYudcKIAA.&udj=uf%28%27a%27%2C+129071%2C+1399470042%29%3Buf%28%27c%27%2C+3852395%2C+1399470042%29%3Buf%28%27r%27%2C+15091145%2C+1399470042%29%3B&vpid=366&apid=165057&referrer=http%3A%2F%2Fs1.gravyseals.com%2Fserve%3Fpid%3D2136%26z%3D94051%26if%3D1%26cb%3D555139417%26s%3DLT_E3519311-518B-4B38-BBBE-3A2DE2A85909%26click%3D&ct=0&dlo=1,Malicious,
http://ams1.ib.adnxs.com/if?enc=MzMzMzMzwz-xne-nxku_P57vp8ZLN-0_sZ3vp8ZLvz8zMzMzMzPDP8nwPIZMxKxADgwSVRw5tlbiCGhTAAAAAFvsJwBoCAAA2AcAAAIAAAClEuUAlY4FAAAAAQBVU0QAVVNEANgCWgCUdQAAR9cAAgUAAQIAAIwAQiYtQAAAAAA.&cnd=%21BCO6lAjq_ekBEKWllAcYACCVnRYwADgAQABI2A9Q29ifAVgAYPYDaABwAHgAgAEAiAEAkAEBmAEBoAEBqAEDsAEAuQEzMzMzMzPDP8EBMzMzMzMzwz_JAeRzsxYl7fw_2QEAAAAAAADwP-ABAPUBmpmZPg..&ccd=%21TwYsQAjq_ekBEKWllAcYlZ0WIAA.&udj=uf%28%27a%27%2C+276362%2C+1399326946%29%3Buf%28%27c%27%2C+3833578%2C+1399326946%29%3Buf%28%27r%27%2C+15012517%2C+1399326946%29%3B&vpid=1058&apid=209734&referrer=http%3A%2F%2Foptimized-by.rubiconproject.com%2Fa%2F9852%2F26428%2F104466-2.html%3F%26cb%3D0.18957732375830283%26tk_st%3D1%26rf%3Dhttp%253A%2F%2Fwww.telegraaf.nl%2Ftv%2Fopmerkelijk%2F22589169%2F__Vallende_meteoriet_gefilmd__.html%26rp_s%3Dc%26p_pos%3Datf%26p_screen_res%3D1024x819&media_subtypes=1&ct=0&dlo=1,Malicious,
http://fra1.ib.adnxs.com/if?enc=mpmZmZmZuT_D9Shcj8K1P1pkO99Pjbc_w_UoXI_CtT-amZmZmZm5P75-fBNsdYFW8z7oFenZfz2GjmpTAAAAAGnHFQD0AwAAawYAAAIAAADJReYAI7YDAAAAAQBVU0QAVVNEANgCWgApsQAAmIoAAgUAAQIAAIYA4yq3BAAAAAA.&pubclick=http://bmuk.burstnet.com/bmuk/clk/BCPG230483.373540.561996/VTS%3D8iaPE.Zr0S/SZ%3D728X90A/a%3Da/s%3D27272/FPR/V%3D2.3S//REDIRURL%3D&cnd=%21QSaUBgjrkOsBEMmLmQcYACCj7A4wADgAQABI6wxQ6Y5XWABggwZoAHAAeACAAQCIAQCQAQGYAQGgAQGoAQOwAQC5AZqZmZmZmbk_wQGamZmZmZm5P8kB9pex6PrLAEDZAQAAAAAAAPA_4AEA9QEAAIA-&ccd=%21SQZvPAjrkOsBEMmLmQcYo-wOIAA.&udj=uf%28%27a%27%2C+129071%2C+1399492230%29%3Buf%28%27c%27%2C+3852395%2C+1399492230%29%3Buf%28%27r%27%2C+15091145%2C+1399492230%29%3B&vpid=167&apid=167368&referrer=www.theladbible.com&ct=0&dlo=1,Malicious,
http://ib.adnxs.com/tt?id=2633605&cb=1399487933&referrer=photogallery.indiatimes.com,Malicious,
http://ams1.ib.adnxs.com/if?enc=MzMzMzMzwz_KoUW28_28P4_C9Shcj9I_yqFFtvP9vD8zMzMzMzPDP0-7bLVKoptpa0CP-l7SyWNM2WdTAAAAAG0-JQA5BAAA2AcAAAIAAAClEuUAb84FAAAAAQBVU0QAVVNEANgCWgANEAAAc-AAAgUAAQIAAI4A4Cft7gAAAAA.&cnd=%21oSD4dAjq_ekBEKWllAcYACDvnBcwADgAQABI2A9Q7fyUAVgAYLsDaABwAHgAgAEAiAEAkAEBmAEBoAEBqAEDsAEAuQEzMzMzMzPDP8EBMzMzMzMzwz_JATcAkJ4bAABA2QEAAAAAAADwP-ABAPUBmpmZPg..&ccd=%21qQbtQQjq_ekBEKWllAcY75wXIAA.&udj=uf%28%27a%27%2C+276362%2C+1399314764%29%3Buf%28%27c%27%2C+3833578%2C+1399314764%29%3Buf%28%27r%27%2C+15012517%2C+1399314764%29%3B&vpid=195&apid=252148&referrer=photogallery.indiatimes.com&media_subtypes=1&ct=0&dlo=1,Malicious,
http://ams1.ib.adnxs.com/if?enc=MzMzMzMzwz_DILByaJG9PwwCK4cW2d4_wyCwcmiRvT8zMzMzMzPDP7DXi_ape-0EYuMtE_nZFFHxtmdTAAAAAJwYJwBpBwAA2AcAAAIAAAClEuUAVRsGAAAAAQBVU0QAVVNEANgCWgDMmQAA78YAAgUAAQIAAI4AYCU5aQAAAAA.&cnd=%21FiShpwjq_ekBEKWllAcYACDVthgwADgAQABI2A9QnLGcAVgAYNIDaABwAHgAgAEAiAEAkAEBmAEBoAEBqAEDsAEAuQEzMzMzMzPDP8EBMzMzMzMzwz_JAZO1uOr8jf8_2QEAAAAAAADwP-ABAPUBmpmZPg..&ccd=%21qgbWQQjq_ekBEKWllAcY1bYYIAA.&udj=uf%28%27a%27%2C+276362%2C+1399305969%29%3Buf%28%27c%27%2C+3833578%2C+1399305969%29%3Buf%28%27r%27%2C+15012517%2C+1399305969%29%3B&vpid=773&apid=264778&referrer=http%3A%2F%2Fflashstreaming.mobi%2Fadnet.html&media_subtypes=1&ct=0&dlo=1,Malicious,
http://ams1.ib.adnxs.com/if?enc=MzMzMzMzwz-xne-nxku_P57vp8ZLN-0_sZ3vp8ZLvz8zMzMzMzPDPwtL9H_kqZUFbqQEHQ_hAi95IGhTAAAAAFvsJwBoCAAA2AcAAAIAAAClEuUAlY4FAAAAAQBVU0QAVVNEANgCWgCUdQAAsmcAAgUAAQIAAIwA1yWKIAAAAAA.&cnd=%21ISPkjwjq_ekBEKWllAcYACCVnRYwADgAQABI2A9Q29ifAVgAYM4GaABwAHgAgAEAiAEAkAEBmAEBoAEBqAEDsAEAuQEzMzMzMzPDP8EBMzMzMzMzwz_JAZvtzA803fw_2QEAAAAAAADwP-ABAPUBmpmZPg..&ccd=%21TwYsQAjq_ekBEKWllAcYlZ0WIAA.&udj=uf%28%27a%27%2C+276362%2C+1399332985%29%3Buf%28%27c%27%2C+3833578%2C+1399332985%29%3Buf%28%27r%27%2C+15012517%2C+1399332985%29%3B&vpid=1058&apid=209734&referrer=http%3A%2F%2Foptimized-by.rubiconproject.com%2Fa%2F9852%2F26428%2F104466-2.html%3F%26cb%3D0.02670376264589025%26tk_st%3D1%26rf%3Dhttp%253A%2F%2Fwww.telegraaf.nl%2F%26rp_s%3Dc%26p_pos%3Dbtf%26p_screen_res%3D1080x810&media_subtypes=1&ct=0&dlo=1,Malicious,
http://ams1.ib.adnxs.com/if?enc=mpmZmZmZuT9nZmZmZma2PxSuR-F6FM4_Z2ZmZmZmtj-amZmZmZm5P7m18gnu8pIRu4erLbncOXSBfWpTAAAAAG-NJgDVBgAAawYAAAIAAADJReYAjFADAAAAAQBVU0QAVVNEANgCWgCDkgAACccAAgUAAQIAAI4AKCmLQgAAAAA.&pubclick=http://media.fastclick.net/w/click.here?cid%3D556996%26mid%3D1103534%26m%3D1%26sid%3D53702%26c%3D0%26tp%3D5%26UD%3DiAGurUOQAcT-IZgBxqMDoAEBqAEF8AEA%26upsid%3D172102297545073296%26forced_click%3D&cnd=%21_CX2CwjrkOsBEMmLmQcYACCMoQ0wADgAQABI6wxQ75qaAVgAYLsEaABwAHgAgAEAiAEAkAEBmAEBoAEBqAEDsAEAuQGamZmZmZm5P8EBmpmZmZmZuT_JAdXDjcRQSP0_2QEAAAAAAADwP-ABAPUBAACAPg..&ccd=%215gXNOgjrkOsBEMmLmQcYjKENIAA.&udj=uf%28%27a%27%2C+129071%2C+1399487873%29%3Buf%28%27c%27%2C+3852395%2C+1399487873%29%3Buf%28%27r%27%2C+15091145%2C+1399487873%29%3B&vpid=734&apid=167838&referrer=http%3A%2F%2Fwww.geoworldonline.com%2F728x90.html&media_subtypes=1&ct=0&dlo=1,Malicious,
http://ams1.ib.adnxs.com/if?enc=MzMzMzMzwz-xne-nxku_P57vp8ZLN-0_sZ3vp8ZLvz8zMzMzMzPDP1oA2BrPjCk6iVfOpoMQSHI67mdTAAAAAFvsJwBoCAAA2AcAAAIAAAClEuUAlY4FAAAAAQBVU0QAVVNEANgCWgCUdQAABc4AAgUAAQIAAIwAhiZlWgAAAAA.&cnd=%21aSJmdgjq_ekBEKWllAcYACCVnRYwADgAQABI2A9Q29ifAVgAYKkGaABwAHgAgAEAiAEAkAEBmAEBoAEBqAEDsAEAuQEzMzMzMzPDP8EBMzMzMzMzwz_JAZqAtB-Ac_0_2QEAAAAAAADwP-ABAPUBmpmZPg..&ccd=%21TwYsQAjq_ekBEKWllAcYlZ0WIAA.&udj=uf%28%27a%27%2C+276362%2C+1399320122%29%3Buf%28%27c%27%2C+3833578%2C+1399320122%29%3Buf%28%27r%27%2C+15012517%2C+1399320122%29%3B&vpid=1058&apid=209734&referrer=http%3A%2F%2Foptimized-by.rubiconproject.com%2Fa%2F9852%2F26428%2F104466-2.html%3F%26cb%3D0.09344591404500851%26tk_st%3D1%26rf%3Dhttp%253A%2F%2Fwww.telegraaf.nl%2F%26rp_s%3Dc%26p_pos%3Datf%26p_screen_res%3D1080x810&media_subtypes=1&ct=0&dlo=1,Malicious,
http://fra1.ib.adnxs.com/if?enc=MzMzMzMzwz-xne-nxku_P57vp8ZLN-0_sZ3vp8ZLvz8zMzMzMzPDP1faDk7W6oAZdn3mML1TcRfxBWhTAAAAAFHsJwBoCAAA2AcAAAIAAAClEuUAlY4FAAAAAQBVU0QAVVNEANgCWgCUdQAA1o0AAgUAAQIAAIwAtyeKnwAAAAA.&cnd=%21fiCSPwjq_ekBEKWllAcYACCVnRYwADgAQABI2A9Q0difAVgAYIYGaABwAHgAgAEAiAEAkAEBmAEBoAEBqAEDsAEAuQEzMzMzMzPDP8EBMzMzMzMzwz_JAUoWUb4kiwBA2QEAAAAAAADwP-ABAPUBmpmZPg..&ccd=%21TwYsQAjq_ekBEKWllAcYlZ0WIAA.&udj=uf%28%27a%27%2C+276362%2C+1399326193%29%3Buf%28%27c%27%2C+3833578%2C+1399326193%29%3Buf%28%27r%27%2C+15012517%2C+1399326193%29%3B&vpid=1058&apid=209734&referrer=http%3A%2F%2Fwww.spanishdict.com%2Ftranslation&media_subtypes=1&ct=0&dlo=1,Malicious,
http://fra1.ib.adnxs.com/if?enc=MzMzMzMzwz-xne-nxku_P57vp8ZLN-0_sZ3vp8ZLvz8zMzMzMzPDP2TyZMAWuvpYI4eMz-BGKXeu4WdTAAAAAFHsJwBoCAAA2AcAAAIAAAClEuUAlY4FAAAAAQBVU0QAVVNEANgCWgCUdQAAxIoAAgUAAQIAAIwAGilhDgAAAAA.&cnd=%21syJGjgjq_ekBEKWllAcYACCVnRYwADgAQABI2A9Q0difAVgAYPsBaABwAHgAgAEAiAEAkAEBmAEBoAEBqAEDsAEAuQEzMzMzMzPDP8EBMzMzMzMzwz_JAcur3iF_7wBA2QEAAAAAAADwP-ABAPUBmpmZPg..&ccd=%21TwYsQAjq_ekBEKWllAcYlZ0WIAA.&udj=uf%28%27a%27%2C+276362%2C+1399316910%29%3Buf%28%27c%27%2C+3833578%2C+1399316910%29%3Buf%28%27r%27%2C+15012517%2C+1399316910%29%3B&vpid=1058&apid=209734&referrer=http%3A%2F%2Fad-emea.doubleclick.net%2FN3844%2Fadi%2Febay.nl.x.melb%2F_default%3Bcat%3D0%3Bitems%3D%3Bseg%3DAdvGL3rdP%3Bsz%3D728x90%3Bu%3Di_6691390747208661822%7Cm_157124%3B%3Bdcopt%3Dist%3Btile%3D1%3Bot%3D1%3Bum%3D3%3Bus%3D11%3Beb_trk%3D157124%3Bpr%3D30%3Bxp%3D30%3Bnp%3D30%3Buz%3D3222BH%3Bfbi%3D%3Bsbi%3D%3Bfbo%3D%3Bsbo%3D0%3Bfse%3D9800%3Bsse%3D9884%3Bfvi%3D97042%3Bsvi%3D0%3Bcg%3D28ac563d1440a5f16493e383ff560e3c%3Bord%3D1399316907753%3B&media_subtypes=1&ct=0&dlo=1,Malicious,
http://fra1.ib.adnxs.com/if?enc=mpmZmZmZuT9jEFg5tMi2P3WTGARWDt0_YxBYObTItj-amZmZmZm5PxP290P8OpUaOicOLGw5P0HXaGpTAAAAAPoPJwAhCQAAawYAAAIAAADJReYALJAFAAAAAQBVU0QARVVSANgCWgCwrgAAdooAAgUAAQIAAI4AFiXv3QAAAAA.&cnd=%21YCXsCAjrkOsBEMmLmQcYACCsoBYwADgAQABI6wxQ-p-cAVgAYKIDaABwAHgAgAEAiAEAkAEBmAEBoAEBqAEDsAEAuQGamZmZmZm5P8EBmpmZmZmZuT_JAb6Ef6z4WwFA2QEAAAAAAADwP-ABAPUBAACAPg..&ccd=%21DgaEOwjrkOsBEMmLmQcYrKAWIAA.&udj=uf%28%27a%27%2C+129071%2C+1399482583%29%3Buf%28%27c%27%2C+3852395%2C+1399482583%29%3Buf%28%27r%27%2C+15091145%2C+1399482583%29%3B&vpid=1153&apid=265822&referrer=http%3A%2F%2Fwww.2874696.fr&media_subtypes=1&ct=0&dlo=1,Malicious,
http://ib.adnxs.com/tt?id=2446839&cb=1399470512&referrer=${REFERRER_URL}&pubclick=http://fra1.ib.adnxs.com/click?exSuR-F6lD9IUPwYc9eSP7gehetRuM4_SFD8GHPXkj97FK5H4XqUP7zIzisbYc5wa5TM3ue7ABGwOWpTAAAAACqWJQDIAQAAgAcAAAIAAAADScAAm5gFAAAAAQBVU0QAVVNEANgCWgCjiAAAPIsDAQUAAQIAAIwAmidF0gAAAAA./cnd=%21MgUEMQi2g6kBEIOSgQYYm7EWIAA./referrer=http%3A%2F%2Fbanners.adfox.ru%2F131118%2Fadfox%2F302043%2Fredigo_728.html/clickenc=,Malicious,
http://fra1.ib.adnxs.com/if?enc=MzMzMzMzwz-xne-nxku_P57vp8ZLN-0_sZ3vp8ZLvz8zMzMzMzPDPwWlCmX_7zMIumh9_EIazk8ADGhTAAAAAFvsJwBoCAAA2AcAAAIAAAClEuUAlY4FAAAAAQBVU0QAVVNEANgCWgCUdQAAfYsAAgUAAQIAAIwASyb_QwAAAAA.&cnd=%218R-TFQjq_ekBEKWllAcYACCVnRYwADgAQABI2A9Q29ifAVgAYCJoAHAAeACAAQCIAQCQAQGYAQGgAQGoAQOwAQC5ATMzMzMzM8M_wQEzMzMzMzPDP8kB12g9IgVOAEDZAQAAAAAAAPA_4AEA9QGamZk-&ccd=%21TwYsQAjq_ekBEKWllAcYlZ0WIAA.&udj=uf%28%27a%27%2C+276362%2C+1399327744%29%3Buf%28%27c%27%2C+3833578%2C+1399327744%29%3Buf%28%27r%27%2C+15012517%2C+1399327744%29%3B&vpid=1058&apid=209734&referrer=http%3A%2F%2Foptimized-by.rubiconproject.com%2Fa%2F9852%2F26428%2F104466-2.html%3F%26cb%3D0.5751831199609327%26tk_st%3D1%26rf%3Dhttp%253A%2F%2Fwww.telegraaf.nl%2F%26rp_s%3Dc%26p_pos%3Dbtf%26p_screen_res%3D1920x1080&media_subtypes=1&ct=0&dlo=1,Malicious,
http://fra1.ib.adnxs.com/if?enc=m5mZmZmZuT80MzMzMzOzPzm0yHa-n7o_NDMzMzMzsz-amZmZmZm5P3mZBRuRoPkrVASXL0e1gVfYN2pTAAAAAMMBHgBNBQAAawYAAAIAAADJReYAuasCAAAAAQBVU0QAVVNEANgCWgCWbgAAfdsAAgUAAQIAAIoALiVQswAAAAA.&cnd=%21RSWq-wjrkOsBEMmLmQcYACC51wowADgAQABI6wxQw4N4WABg1AVoAHAAeACAAQCIAQCQAQGYAQGgAQGoAQOwAQC5AZqZmZmZmbk_wQGamZmZmZm5P8kB7ckyb_ZkAUDZAQAAAAAAAPA_4AEA9QEAAIA-&ccd=%21RgZ9PAjrkOsBEMmLmQcYudcKIAA.&udj=uf%28%27a%27%2C+129071%2C+1399470040%29%3Buf%28%27c%27%2C+3852395%2C+1399470040%29%3Buf%28%27r%27%2C+15091145%2C+1399470040%29%3B&vpid=366&apid=165057&referrer=http%3A%2F%2Fs1.gravyseals.com%2Fserve%3Fpid%3D2136%26z%3D94051%26if%3D1%26cb%3D555139417%26s%3DLT_E3519311-518B-4B38-BBBE-3A2DE2A85909%26click%3D&ct=0&dlo=1,Malicious,
http://ams1.ib.adnxs.com/if?enc=mpmZmZmZuT9jEFg5tMi2PwwCK4cW2d4_YxBYObTItj-amZmZmZm5P_347dY5StZeEKzeIbmAcEeKhmpTAAAAAKgQJwAhCQAAawYAAAIAAADJReYALJAFAAAAAQBVU0QARVVSANgCWgDsmQAAwL8AAgUAAQIAAI4Alijg2AAAAAA.&pubclick=http%253A%252F%252Fl.adxcore.com%252Fa%252Fclic%252F%253Fc%253D2220Y29udHJvbGxlcj1jbGljJmFjdGlvbj1pbmRleCZ0eXBlPWNsaWMmbl9jbGljPTUxODAwNjUxNzc5MDAzJnpvbmU9NTE4MCZiYW5uZXI9MTEwNDc0JnJlbXU9Wk1DR1pNbktWb1VOVE5hek1aNVVHdTQmbWFyZ2U9RlVJRzdweDluY0lwMHBJYVFPaVo3Rjg%2526redirect%253D&cnd=%21giW--QjrkOsBEMmLmQcYACCsoBYwADgAQABI6wxQqKGcAVgAYLgBaABwAHgAgAEAiAEAkAEBmAEBoAEBqAEDsAEAuQGamZmZmZm5P8EBmpmZmZmZuT_JAeBAG9lvoP0_2QEAAAAAAADwP-ABAPUBAACAPg..&ccd=%21DgaEOwjrkOsBEMmLmQcYrKAWIAA.&udj=uf%28%27a%27%2C+129071%2C+1399490186%29%3Buf%28%27c%27%2C+3852395%2C+1399490186%29%3Buf%28%27r%27%2C+15091145%2C+1399490186%29%3B&vpid=1153&apid=264630&referrer=http%3A%2F%2Fwww.3361.com&media_subtypes=1&ct=0&dlo=1,Malicious,
http://ams1.ib.adnxs.com/if?enc=mpmZmZmZuT_D9Shcj8K1P6JFtvP91Lg_w_UoXI_CtT-amZmZmZm5P1Rb9w9PeFpZLt6KM9VR8Dw2VmpTAAAAAAAcIwD6BQAAawYAAAIAAADJReYA-kEFAAAAAQBVU0QAVVNEANgCWgAarAAAFbkAAgUAAQIAAIwAKCopFgAAAAA.&cnd=%21FCO10gjrkOsBEMmLmQcYACD6gxUwADgAQABI6wxQgLiMAVgAYO4CaABwAHgAgAEAiAEAkAEBmAEBoAEBqAEDsAEAuQGamZmZmZm5P8EBmpmZmZmZuT_JAQY9H7QcOAFA2QEAAAAAAADwP-ABAPUBAACAPg..&ccd=%21PgaTPAjrkOsBEMmLmQcY-oMVIAA.&udj=uf%28%27a%27%2C+129071%2C+1399477814%29%3Buf%28%27c%27%2C+3852395%2C+1399477814%29%3Buf%28%27r%27%2C+15091145%2C+1399477814%29%3B&vpid=480&referrer=http%3A%2F%2Fdownload-pliki.bloog.pl&media_subtypes=1&ct=0&dlo=1,Malicious,
http://ib.adnxs.com/tt?id=2614296&referrer=http%3A%2F%2Falert.scansafe.net%2Falert%2Fprocess%3Fa%3D-3-KN0ndYP8Na68EaLED_kPbJUAWnWH0XtF-VKiw6_QjdLyd-4LOMDbK-EzbjYfq-ydbz_CATfrNGqJCXqYFxgSMQ%26b%3DD4Jm8N7GDwF8uNhbC5D_3dxH-v0ZavD8ai-cW0i5-oCFUJCEXYqZE6mP3cqFRFJyzoP80TqhJ8b8xqxrAuBym1vFtj1tHo1u5qG4tIKBBmDdeMpBOiOFX7USJrarFd0ibtUa7UETTpu0w2wKSS5O8VhLSs1o4ksGgqByWMqxRoC6W4hcP_Gvt-Pi328erqBquImK_rZXGq0JNRJ2tfnY2836yJPSNRCoyhndJDXqBKfp9i8522lksiK1QbtEMb0vGiFrnom7fxVHIfo3x4BNbprlKKmOPYEkn8c_aWpamufvnDpkSD4iZDvMT34hs15zbC8Q_k4rxeX77eRN-HX-qgvuWl0iw0nWmIv9OZjsUCJroh4fEspOUg%26blockedUrl%3Dhttp%253A%252F%252Fen.metin2.gameforge.com%252Flanding%253Fkid%253Da-02007-55602-1402-a3807129&cb=68165586520,Malicious,
http://fra1.ib.adnxs.com/if?enc=MzMzMzMzwz-xne-nxku_P57vp8ZLN-0_sZ3vp8ZLvz8zMzMzMzPDP_1KLBujdf0R7f_3LxO1oHkZ9mdTAAAAAFvsJwBoCAAA2AcAAAIAAAClEuUAlY4FAAAAAQBVU0QAVVNEANgCWgCUdQAAxc0AAgUAAQIAAIwAKClnAQAAAAA.&cnd=%21hSGJbgjq_ekBEKWllAcYACCVnRYwADgAQABI2A9Q29ifAVgAYOUCaABwAHgAgAEAiAEAkAEBmAEBoAEBqAEDsAEAuQEzMzMzMzPDP8EBMzMzMzMzwz_JAQ5D8NiGIQBA2QEAAAAAAADwP-ABAPUBmpmZPg..&ccd=%21TwYsQAjq_ekBEKWllAcYlZ0WIAA.&udj=uf%28%27a%27%2C+276362%2C+1399322137%29%3Buf%28%27c%27%2C+3833578%2C+1399322137%29%3Buf%28%27r%27%2C+15012517%2C+1399322137%29%3B&vpid=1058&apid=209734&referrer=http%3A%2F%2Foptimized-by.rubiconproject.com%2Fa%2F9852%2F26428%2F104466-2.html%3F%26cb%3D0.1404758619890777%26tk_st%3D1%26rf%3Dhttp%253A%2F%2Fwww.telegraaf.nl%2F%26rp_s%3Dc%26p_screen_res%3D1536x960&media_subtypes=1&ct=0&dlo=1,Malicious,
http://fra1.ib.adnxs.com/if?enc=mpmZmZmZuT_D9Shcj8K1P3sUrkfherQ_w_UoXI_CtT-amZmZmZm5PwMgkjpWxwQ9Aw2CJEOEijL3UGpTAAAAACcYEgA5BAAAawYAAAIAAADJReYAXxsDAAAAAQBVU0QAVVNEANgCWgDU6gAANKQAAgUAAQIAAIQAICZSlAAAAAA.&cnd=%21MCX99wjrkOsBEMmLmQcYACDftgwwADgAQABI6wxQp7BIWABg-wJoAHAAeACAAQCIAQCQAQGYAQGgAQGoAQOwAQC5AZqZmZmZmbk_wQGamZmZmZm5P8kBR5aCLvAX_j_ZAQAAAAAAAPA_4AEA9QEAAIA-&ccd=%21TQa9PAjrkOsBEMmLmQcY37YMIAA.&udj=uf%28%27a%27%2C+129071%2C+1399476471%29%3Buf%28%27c%27%2C+3852395%2C+1399476471%29%3Buf%28%27r%27%2C+15091145%2C+1399476471%29%3B&vpid=195&referrer=theladbible.com&ct=0&dlo=1,Malicious,
http://ams1.ib.adnxs.com/if?enc=MjMzMzMzwz_UeOkmMQjAP0oMAiuHFuk_1HjpJjEIwD8zMzMzMzPDP-g-4ErwSA0oKG26521UWjD2OWhTAAAAAO61JwBfAAAA2AcAAAIAAAClEuUA-zIGAAAAAQBVU0QAVVNEANgCWgACyQAAMMQAAgUAAQIAAI4AOyKLcwAAAAA.&cnd=%219iJxxgjq_ekBEKWllAcYACD75RgwADgAQABI2A9Q7uueAVgAYLgHaABwAHgAgAEAiAEAkAEBmAEBoAEBqAEDsAEAuQEzMzMzMzPDP8EBMzMzMzMzwz_JAY_T9mKUNgBA2QEAAAAAAADwP-ABAPUBmpmZPg..&ccd=%21_wZQQwjq_ekBEKWllAcY--UYIAA.&udj=uf%28%27a%27%2C+276362%2C+1399339510%29%3Buf%28%27c%27%2C+3833578%2C+1399339510%29%3Buf%28%27r%27%2C+15012517%2C+1399339510%29%3B&vpid=14&apid=267862&referrer=http%3A%2F%2Fad.zapcomic.info%2Fads%2Fad500.html&media_subtypes=1&ct=0&dlo=1,Malicious,
http://fra1.ib.adnxs.com/if?enc=mpmZmZmZuT_D9Shcj8K1P6JFtvP91Lg_w_UoXI_CtT-amZmZmZm5P2fs7ShGlm0KPnjWvWxpeQo9SWpTAAAAAAAcIwD6BQAAawYAAAIAAADJReYA-kEFAAAAAQBVU0QAVVNEANgCWgAarAAATtQAAgUAAQIAAIwAiCr8KAAAAAA.&cnd=%219yXuFAjrkOsBEMmLmQcYACD6gxUwADgAQABI6wxQgLiMAVgAYO4DaABwAHgAgAEAiAEAkAEBmAEBoAEBqAEDsAEAuQGamZmZmZm5P8EBmpmZmZmZuT_JAQhM9_Y22f4_2QEAAAAAAADwP-ABAPUBAACAPg..&ccd=%21PgaTPAjrkOsBEMmLmQcY-oMVIAA.&udj=uf%28%27a%27%2C+129071%2C+1399474493%29%3Buf%28%27c%27%2C+3852395%2C+1399474493%29%3Buf%28%27r%27%2C+15091145%2C+1399474493%29%3B&vpid=480&referrer=http%3A%2F%2Fpytamy.pl&media_subtypes=1&ct=0&dlo=1,Malicious,
http://fra1.ib.adnxs.com/if?enc=mpmZmZmZuT9jEFg5tMi2PwAAAAAAAPA_YxBYObTItj-amZmZmZm5P7MrTkDC53sZVOzIWS2t4nA3SGpTAAAAALuiJwAhCQAAawYAAAIAAADJReYA8-4FAAAAAQBVU0QAVVNEANgCWgDPTQAAv40AAgUAAQIAAIwAsCYC-QAAAAA.&cnd=%21HCWVKQjrkOsBEMmLmQcYACDz3RcwADgAQABI6wxQu8WeAVgAYMQEaABwAHgAgAEAiAEAkAEBmAEBoAEBqAEDsAEAuQGamZmZmZm5P8EBmpmZmZmZuT_JAYpAX6veOQFA2QEAAAAAAADwP-ABAPUBAACAPg..&ccd=%21kwbePQjrkOsBEMmLmQcY890XIAA.&udj=uf%28%27a%27%2C+129071%2C+1399474231%29%3Buf%28%27c%27%2C+3852395%2C+1399474231%29%3Buf%28%27r%27%2C+15091145%2C+1399474231%29%3B&vpid=1153&apid=237123&referrer=http%3A%2F%2Ftreslagoas.olx.com.br&media_subtypes=1&ct=0&dlo=1,Malicious,
http://ams1.ib.adnxs.com/if?enc=MzMzMzMzwz-xne-nxku_P57vp8ZLN-0_sZ3vp8ZLvz8zMzMzMzPDPxe6wpEb-bhDyCPSalRrC2g0RGhTAAAAAFvsJwBoCAAA2AcAAAIAAAClEuUAlY4FAAAAAQBVU0QAVVNEANgCWgCUdQAAIb0AAgUAAQIAAIwAwyYGdwAAAAA.&cnd=%21RCFEPQjq_ekBEKWllAcYACCVnRYwADgAQABI2A9Q29ifAVgAYEhoAHAAeACAAQCIAQCQAQGYAQGgAQGoAQOwAQC5ATMzMzMzM8M_wQEzMzMzMzPDP8kB-ntfXJZXAUDZAQAAAAAAAPA_4AEA9QGamZk-&ccd=%21TwYsQAjq_ekBEKWllAcYlZ0WIAA.&udj=uf%28%27a%27%2C+276362%2C+1399342132%29%3Buf%28%27c%27%2C+3833578%2C+1399342132%29%3Buf%28%27r%27%2C+15012517%2C+1399342132%29%3B&vpid=1058&apid=209734&referrer=http%3A%2F%2Foptimized-by.rubiconproject.com%2Fa%2F9852%2F26428%2F104466-2.html%3F%26cb%3D0.9143262381447328%26tk_st%3D1%26rf%3Dhttp%253A%2F%2Fwww.telegraaf.nl%2F%26rp_s%3Dc%26p_screen_res%3D1280x1024&media_subtypes=1&ct=0&dlo=1,Malicious,
http://ams1.ib.adnxs.com/if?enc=MzMzMzMzwz-rHFpkO9-_P-XQItv5ftI_qxxaZDvfvz8zMzMzMzPDPxBWpDiU3rYfE5365DnSSGBM82dTAAAAANI3IwB2AgAA2AcAAAIAAAClEuUA_eEEAAAAAQBVU0QAVVNEANgCWgDFRgAA_7YAAgUAAQIAAIoABCfM8AAAAAA.&cnd=%212SJfuQjq_ekBEKWllAcYACD9wxMwADgAQABI2A9Q0u-MAVgAYPsCaABwAHgAgAEAiAEAkAEBmAEBoAEBqAEDsAEAuQEzMzMzMzPDP8EBMzMzMzMzwz_JARHBnu0h-gBA2QEAAAAAAADwP-ABAPUBmpmZPg..&ccd=%212gbDQgjq_ekBEKWllAcY_cMTIAA.&udj=uf%28%27a%27%2C+276362%2C+1399321420%29%3Buf%28%27c%27%2C+3833578%2C+1399321420%29%3Buf%28%27r%27%2C+15012517%2C+1399321420%29%3B&vpid=77&apid=211166&referrer=http%3A%2F%2Fcgtpublic-eurofloat.over-blog.com%2Farticle-reunion-ce-du-14-janvier-2014-122161242.html&media_subtypes=1&ct=0&dlo=1,Malicious,
http://fra1.ib.adnxs.com/if?enc=mpmZmZmZuT_D9Shcj8K1P6JFtvP91Lg_w_UoXI_CtT-amZmZmZm5P4-iQNMvDZEr8c19axh5Hyn2impTAAAAAAAcIwD6BQAAawYAAAIAAADJReYA-kEFAAAAAQBVU0QAVVNEANgCWgAarAAAJ4wAAgUAAQIAAIwAciriNAAAAAA.&cnd=%21XiRK4AjrkOsBEMmLmQcYACD6gxUwADgAQABI6wxQgLiMAVgAYKEEaABwAHgAgAEAiAEAkAEBmAEBoAEBqAEDsAEAuQGamZmZmZm5P8EBmpmZmZmZuT_JAaIZXA_RDP4_2QEAAAAAAADwP-ABAPUBAACAPg..&ccd=%21PgaTPAjrkOsBEMmLmQcY-oMVIAA.&udj=uf%28%27a%27%2C+129071%2C+1399491318%29%3Buf%28%27c%27%2C+3852395%2C+1399491318%29%3Buf%28%27r%27%2C+15091145%2C+1399491318%29%3B&vpid=480&referrer=http%3A%2F%2Fsport.wp.pl%2Fkat%2C1750%2Ctitle%2CMedia-David-Luiz-podpisal-kontrakt-z-Barcelona%2Cwid%2C16586957%2Cwiadomosc.html&media_subtypes=1&ct=0&dlo=1,Malicious,
http://ams1.ib.adnxs.com/if?enc=mpmZmZmZuT9nZmZmZma2PxSuR-F6FM4_Z2ZmZmZmtj-amZmZmZm5P7L_sHf4D3UJL9VajPewBQU-gGpTAAAAAG-NJgDVBgAAawYAAAIAAADJReYAjFADAAAAAQBVU0QAVVNEANgCWgCDkgAANtIAAgUAAQIAAI4A0CfPzgAAAAA.&pubclick=http://media.fastclick.net/w/click.here?cid%3D556996%26mid%3D1103534%26m%3D1%26sid%3D88120%26c%3D0%26tp%3D5%26UD%3DiAGurUOQAcT-IZgBuLAFoAEBqAEF8AEA%26upsid%3D710929377353%26forced_click%3D&cnd=%211CTV8gjrkOsBEMmLmQcYACCMoQ0wADgAQABI6wxQ75qaAVgAYL8FaABwAHgAgAEAiAEAkAEBmAEBoAEBqAEDsAEAuQGamZmZmZm5P8EBmpmZmZmZuT_JAYWji6P1BAFA2QEAAAAAAADwP-ABAPUBAACAPg..&ccd=%215gXNOgjrkOsBEMmLmQcYjKENIAA.&udj=uf%28%27a%27%2C+129071%2C+1399488574%29%3Buf%28%27c%27%2C+3852395%2C+1399488574%29%3Buf%28%27r%27%2C+15091145%2C+1399488574%29%3B&vpid=734&apid=167838&referrer=http%3A%2F%2Fcdn.optmd.com%2FV2%2F291839%2F868524%2Findex.html&media_subtypes=1&ct=0&dlo=1,Malicious,
http://fra1.ib.adnxs.com/if?enc=mpmZmZmZuT9rvHSTGAS2P0w3iUFg5eQ_a7x0kxgEtj-amZmZmZm5P2iW45LUu0ozTMo9GY_jPnh9XGpTAAAAANqYJwAIBwAAawYAAAIAAADJReYAC6kEAAAAAQBVU0QAVVNEANgCWgBBvwAAycsAAgUAAQIAAI4A-yeKyQAAAAA.&pubclick=http://d1ui18tz1fx59z.cloudfront.net/au/ad-728.html&cnd=%21eyWlGQjrkOsBEMmLmQcYACCL0hIwADgAQABI6wxQ2rGeAVgAYOQCaABwAHgAgAEAiAEAkAEBmAEBoAEBqAEDsAEAuQGamZmZmZm5P8EBmpmZmZmZuT_JAZY8_63kNwFA2QEAAAAAAADwP-ABAPUBAACAPg..&ccd=%21GwabOwjrkOsBEMmLmQcYi9ISIAA.&udj=uf%28%27a%27%2C+129071%2C+1399479421%29%3Buf%28%27c%27%2C+3852395%2C+1399479421%29%3Buf%28%27r%27%2C+15091145%2C+1399479421%29%3B&vpid=726&apid=204093&referrer=http%3A%2F%2Fd1ui18tz1fx59z.cloudfront.net%2Fau%2Fad-728.html&media_subtypes=1&ct=0&dlo=1,Malicious,
http://fra1.ib.adnxs.com/if?enc=mpmZmZmZuT-_nxov3SS2P7pJDAIrh7Y_v58aL90ktj-amZmZmZm5P0lqCDQLwOI5VASXL0e1gVfZN2pTAAAAAOXAIgBSBQAAawYAAAIAAADJReYA8ZkFAAAAAQBVU0QAVVNEANgCWgB7lwAANKQAAgUAAQIAAIwARiaVMQAAAAA.&pubclick=http://fra1.ib.adnxs.com/click?fBSuR-F6dD-6HoXrUbhuP1QAjGfQ0Os_uh6F61G4bj97FK5H4Xp0P3NvYUd45TZsVASXL0e1gVfXN2pTAAAAAIgTJwAyAwAA0ggAAAIAAACYFMIAibYEAAAAAQBVU0QAVVNEANgCWgDwkQAA3osDAQUAAQIAAI4AjiZVNgAAAAA./cnd%3D%2521xgVwNgibw78BEJipiAYYie0SIAA./referrer%3Dhttp%253A%252F%252Fs1.gravyseals.com%252Fserve%253Fpid%253D2136/clickenc%3D&cnd=%212iQvDgjrkOsBEMmLmQcYACDxsxYwADgAQABI6wxQ5YGLAVgAYNQFaABwAHgAgAEAiAEAkAEBmAEBoAEBqAEDsAEAuQGamZmZmZm5P8EBmpmZmZmZuT_JAbxHdBgRV_0_2QEAAAAAAADwP-ABAPUBAACAPg..&ccd=%21ZgYpPQjrkOsBEMmLmQcY8bMWIAA.&udj=uf%28%27a%27%2C+129071%2C+1399470041%29%3Buf%28%27c%27%2C+3852395%2C+1399470041%29%3Buf%28%27r%27%2C+15091145%2C+1399470041%29%3B&vpid=356&apid=168197&referrer=http%3A%2F%2Fs1.gravyseals.com%2Fserve%3Fpid%3D2136&media_subtypes=1&ct=0&dlo=1,Malicious,
http://ams1.ib.adnxs.com/if?enc=2YBsQDYguz97FK5H4Xq0P3sUrkfherQ_yqFFtvP9vD8zMzMzMzPDP7CnIdLEOHpfsBJPvJqXyjkx6WdTAAAAAAxrIgByBwAA2AcAAAIAAAClEuUAE2wFAAAAAQBVU0QAVVNEANgCWgDHQQAAub0AAgUAAQIAAIwApyZLWwAAAAA.&cnd=%21pyGAZwjq_ekBEKWllAcYACCT2BUwADgAQABI2A9QjNaJAVgAYOgCaABwAHgAgAEAiAEAkAEBmAEBoAEBqAEDsAEAuQEzMzMzMzPDP8EBMzMzMzMzwz_JAXgRa6VVIv8_2QEAAAAAAADwP-ABAPUBmpmZPg..&ccd=%21hwYLQQjq_ekBEKWllAcYk9gVIAA.&udj=uf%28%27a%27%2C+276362%2C+1399318833%29%3Buf%28%27c%27%2C+3833578%2C+1399318833%29%3Buf%28%27r%27%2C+15012517%2C+1399318833%29%3B&vpid=785&apid=238018&referrer=http%3A%2F%2Fams1.ib.adnxs.com%2Fif%3Fenc%3DAAAAAAAAAAAAAAAAAAAAAEuwOJz51fU_AAAAAAAAAAAAAAAAAAAAACx2Tw9TtA5usBJPvJqXyjkm6WdTAAAAAOifFACWAQAAlgEAAAIAAAAnZmIAhk8CAAAAAQAAAAAAVVNEANgCWgCZYQAAAAAAAgIAAQIAAIIAVBVm4gAAAAA.%26vpid%3D25%26referrer%3Dhttp%253A%252F%252Fad.mangareader.net%252Fbttop2%26media_subtypes%3D1%26ct%3D0%26dlo%3D1&media_subtypes=1&ct=0&dlo=1,Malicious,
http://fra1.ib.adnxs.com/if?enc=m5mZmZmZuT80MzMzMzOzP7gehetRuK4_NDMzMzMzsz-amZmZmZm5P8-tJi9yCFskQlDKiUiAFSg_ZWpTAAAAACrdEwAdAgAAawYAAAIAAADJReYAQn8CAAAAAQBVU0QAVVNEANgCWgAZQwAAFcwAAgUAAQIAAIYA-CHyCgAAAAA.&cnd=%21AiX76gjrkOsBEMmLmQcYACDC_gkwADgAQABI6wxQqrpPWABgigJoAHAAeACAAQCIAQCQAQGYAQGgAQGoAQOwAQC5AZqZmZmZmbk_wQGamZmZmZm5P8kBcZQfdDjK_z_ZAQAAAAAAAPA_4AEA9QEAAIA-&ccd=%21dQZDPQjrkOsBEMmLmQcYwv4JIAA.&udj=uf%28%27a%27%2C+129071%2C+1399481663%29%3Buf%28%27c%27%2C+3852395%2C+1399481663%29%3Buf%28%27r%27%2C+15091145%2C+1399481663%29%3B&vpid=45&apid=103302&referrer=http%3A%2F%2Ftr.adsplats.com%2Ftra%2F6286939%2Findex.html%3Fsize%3D728x90&ct=0&dlo=1,Malicious,
http://ib.adnxs.com/tt?id=2446839&cb=1399498138&referrer=${REFERRER_URL}&pubclick=http://ams1.ib.adnxs.com/click?exSuR-F6lD9IUPwYc9eSP7gehetRuM4_SFD8GHPXkj97FK5H4XqUP43HAR8WV39YKDwUVr6L9zaapWpTAAAAACqWJQDIAQAAgAcAAAIAAAADScAAm5gFAAAAAQBVU0QAVVNEANgCWgCjiAAA3r8DAQUAAQIAAIwALyYTIgAAAAA./cnd=%21MgUEMQi2g6kBEIOSgQYYm7EWIAA./referrer=http%3A%2F%2Ffra1.ib.adnxs.com%2Fif%3Fenc%3DAAAAAAAAAAAAAAAAAAAAAAAAAAAAACZAAAAAAAAAAAAAAAAAAAAAAAZCFsVPwT0XKDwUVr6L9zaZpWpTAAAAALNdDwAdAgAAHQIAAAIAAACsTDkAMLACAAAAAQAAAAAAVVNEANgCWgCwRwAAAAAAAgIAAQIAAIQAQg_UkAAAAAA./clickenc=,Malicious,
http://fra1.ib.adnxs.com/if?enc=mpmZmZmZuT8CK4cW2c63P-F6FK5H4eY_AiuHFtnOtz-amZmZmZm5P7NFBNCNLJt5lN0I4xtc_El3yGpTAAAAAOq1JwBfAAAAawYAAAIAAADJReYA-TIGAAAAAQBVU0QAVVNEANgCWgBSAAAA39kAAgUAAQIAAAAA4ihQSQAAAAA.&cnd=%21iyW_JAjrkOsBEMmLmQcYACD55RgwADgAQABI6wxQ6uueAVgAYERoAHAAeACAAQCIAQCQAQGYAQGgAQGoAQOwAQC5AZqZmZmZmbk_wQGamZmZmZm5P8kBM_L_EbOSAUDZAQAAAAAAAPA_4AEA9QEAAIA-&ccd=%21ogYfPgjrkOsBEMmLmQcY-eUYIAA.&udj=uf%28%27a%27%2C+129071%2C+1399507063%29%3Buf%28%27c%27%2C+3852395%2C+1399507063%29%3Buf%28%27r%27%2C+15091145%2C+1399507063%29%3B&vpid=14&apid=267860&referrer=http%3A%2F%2Fad.housepetscomic.info%2Fads%2Fad499.html&media_subtypes=1&ct=0&dlo=1,Malicious,
http://ams1.ib.adnxs.com/if?enc=mpmZmZmZuT-uR-F6FK63P2IQWDm0yNY_rkfhehSutz-amZmZmZm5P-CbhyegT-BWS3RVLNbtznfyVWpTAAAAANcpJwB2AgAAawYAAAIAAADJReYAs48FAAAAAQBVU0QAVVNEANgCWgCl3gAAlsgAAgUAAQIAAI4AMCu3wwAAAAA.&cnd=%214iOS-QjrkOsBEMmLmQcYACCznxYwADgAQABI6wxQ19OcAVgAYOMEaABwAHgAgAEAiAEAkAEBmAEBoAEBqAEDsAEAuQGamZmZmZm5P8EBmpmZmZmZuT_JAeVJRRJZCwFA2QEAAAAAAADwP-ABAPUBAACAPg..&ccd=%21FAajOwjrkOsBEMmLmQcYs58WIAA.&udj=uf%28%27a%27%2C+129071%2C+1399477746%29%3Buf%28%27c%27%2C+3852395%2C+1399477746%29%3Buf%28%27r%27%2C+15091145%2C+1399477746%29%3B&vpid=77&apid=240107&referrer=shockhawaii.com&media_subtypes=1&ct=0&dlo=1,Malicious,
http://fra1.ib.adnxs.com/if?enc=m5mZmZmZuT80MzMzMzOzPzm0yHa-n7o_NDMzMzMzsz-amZmZmZm5PyEipANIIR5LVASXL0e1gVfcN2pTAAAAAMMBHgBNBQAAawYAAAIAAADJReYAuasCAAAAAQBVU0QAVVNEANgCWgCWbgAAUYwAAgUAAQIAAIoA7CK9FAAAAAA.&cnd=%21LyQC4QjrkOsBEMmLmQcYACC51wowADgAQABI6wxQw4N4WABg1AVoAHAAeACAAQCIAQCQAQGYAQGgAQGoAQOwAQC5AZqZmZmZmbk_wQGamZmZmZm5P8kBR_FFtglfAUDZAQAAAAAAAPA_4AEA9QEAAIA-&ccd=%21RgZ9PAjrkOsBEMmLmQcYudcKIAA.&udj=uf%28%27a%27%2C+129071%2C+1399470044%29%3Buf%28%27c%27%2C+3852395%2C+1399470044%29%3Buf%28%27r%27%2C+15091145%2C+1399470044%29%3B&vpid=366&apid=165057&referrer=http%3A%2F%2Fs1.gravyseals.com%2Fserve%3Fpid%3D2136%26z%3D94051%26if%3D1%26cb%3D555139417%26s%3DLT_E3519311-518B-4B38-BBBE-3A2DE2A85909%26click%3D&ct=0&dlo=1,Malicious,
http://ams1.ib.adnxs.com/if?enc=mpmZmZmZuT_D9Shcj8K1P6jGSzeJQeQ_w_UoXI_CtT-amZmZmZm5P-rfxoqjlrM62Anz5ezWD2kfV2pTAAAAAGzYIAByBwAAawYAAAIAAADJReYA3U0FAAAAAQBVU0QAVVNEANgCWgDBEwAAVrUAAgUAAQIAAIwAWCx-kAAAAAA.&cnd=%21DSZcHQjrkOsBEMmLmQcYACDdmxUwBDgAQABI6wxQ7LCDAVgAYJACaABwAHgAgAEAiAEAkAEBmAEBoAESqAEDsAEAuQGamZmZmZm5P8EBmpmZmZmZuT_JAbTQT3nATv4_2QEAAAAAAADwP-ABAPUBAACAPg..&ccd=%21OQZiPAjrkOsBEMmLmQcY3ZsVIAA.&udj=uf%28%27a%27%2C+129071%2C+1399478047%29%3Buf%28%27c%27%2C+3852395%2C+1399478047%29%3Buf%28%27r%27%2C+15091145%2C+1399478047%29%3B&vpid=785&apid=241881&referrer=http%3A%2F%2Fsnapwidget.com%2Fv%2F713190381176506290&ct=0&dlo=1,Malicious,
http://ib.adnxs.com/bounce?%2Ftt%3Fid%3D2614296%26referrer%3Dhttp%253A%252F%252Fpassport.imiplc.com%252Flogin%26cb%3D62056919605,Malicious,
http://fra1.ib.adnxs.com/if?enc=pJEyvUi_uD9llQTU_Qi1P7gehetRuK4_w_UoXI_CtT-amZmZmZm5P7Ix-lvlQs14K5t20ID8IyGORGpTAAAAAF85FgBNBwAAawYAAAIAAADJReYAD8YDAAAAAQBVU0QAVVNEANgCWgAhtAAAD8wAAgUAAQIAAIYAxyhvbwAAAAA.&cnd=%21iCVa8AjrkOsBEMmLmQcYACCPjA8wADgAQABI6wxQ3_JYWABguwFoAHAAeACAAQCIAQCQAQGYAQGgAQGoAQOwAQC5AZqZmZmZmbk_wQGamZmZmZm5P8kBVJxpl8Nn_j_ZAQAAAAAAAPA_4AEA9QEAAIA-&ccd=%211gWOOgjrkOsBEMmLmQcYj4wPIAA.&udj=uf%28%27a%27%2C+129071%2C+1399473294%29%3Buf%28%27c%27%2C+3852395%2C+1399473294%29%3Buf%28%27r%27%2C+15091145%2C+1399473294%29%3B&vpid=755&referrer=http%3A%2F%2Fwww.axill.com%2Ftpt%2Fgulte7281.aspx&media_subtypes=1&ct=0&dlo=1,Malicious,
http://ams1.ib.adnxs.com/if?enc=mpmZmZmZuT_D9Shcj8K1P9V46SYxCMw_w_UoXI_CtT-amZmZmZm5P53bdiRRyXMFd_ITws5kwWPuimpTAAAAABb4JACfAwAAawYAAAIAAADJReYAjtUFAAAAAQBVU0QAVVNEANgCWgCMWAAA3rwAAgUAAQIAAI4A9Cs3LQAAAAA.&cnd=%21fyNNngjrkOsBEMmLmQcYACCOqxcwADgAQABI6wxQlvCTAVgAYAdoAHAAeACAAQCIAQCQAQGYAQGgAQGoAQOwAQC5AZqZmZmZmbk_wQGamZmZmZm5P8kBLgcewpYD_z_ZAQAAAAAAAPA_4AEA9QEAAIA-&ccd=%21_AUdOwjrkOsBEMmLmQcYjqsXIAA.&udj=uf%28%27a%27%2C+129071%2C+1399491310%29%3Buf%28%27l%27%2C+382350%2C+1399491310%29%3Buf%28%27c%27%2C+3852395%2C+1399491310%29%3Buf%28%27r%27%2C+15091145%2C+1399491310%29%3B&vpid=76&apid=253007&referrer=http%3A%2F%2Fapr.lijit.com%2F%2F%2Fwww%2Fdelivery%2Ffpi.php%3Fcb%3D1449%26flv%3D13.0.0%26fpr%3D0d637332082d63dcb7eaa76967fbd12a%26ifr%3Dtrue%26loc%3Dhttp%253A%252F%252Fz14.invisionfree.com%252Frallysupport%252Findex.php%253Fshowtopic%253D10787%2526hl%253D%26od%3Dz14.invisionfree.com%26premium%3D1%26time%3D19%253A35%253A08%26username%3DGiantRealm%26zoneid%3D156454%26tid%3D48a33c5cc96b421fa64ac88e1637eae4758963a0%26fd%3D1%26abf%3Dfalse%26ljt_giantid%3D0UwU0wDs1VNL2KE20UUN4z2_3S033A033A0%26width%3D728%26height%3D90%26informer%3D7642409%26uri%3Dhttp%3A%2F%2Fwww.lijit.com%2Fusers%2FGiantRealm%26beacon%3D1&media_subtypes=1&ct=0&dlo=1,Malicious,
http://ams1.ib.adnxs.com/if?enc=mpmZmZmZuT9rvHSTGAS2P0w3iUFg5eQ_a7x0kxgEtj-amZmZmZm5PxcuFUhxDpgpxcsP7tYdmSSjUmpTAAAAANqYJwAIBwAAawYAAAIAAADJReYAC6kEAAAAAQBVU0QAVVNEANgCWgBBvwAAWLcAAgUAAQIAAI4AniUFHQAAAAA.&pubclick=http://d1ui18tz1fx59z.cloudfront.net/au/ad-728.html&cnd=%21FiW_-gjrkOsBEMmLmQcYACCL0hIwADgAQABI6wxQ2rGeAVgAYI0EaABwAHgAgAEAiAEAkAEBmAEBoAEBqAEDsAEAuQGamZmZmZm5P8EBmpmZmZmZuT_JARqOnvMMR_8_2QEAAAAAAADwP-ABAPUBAACAPg..&ccd=%21GwabOwjrkOsBEMmLmQcYi9ISIAA.&udj=uf%28%27a%27%2C+129071%2C+1399476899%29%3Buf%28%27c%27%2C+3852395%2C+1399476899%29%3Buf%28%27r%27%2C+15091145%2C+1399476899%29%3B&vpid=726&apid=204093&referrer=http%3A%2F%2Fd1ui18tz1fx59z.cloudfront.net%2Fau%2Fad-728.html&media_subtypes=1&ct=0&dlo=1,Malicious,
http://ams1.ib.adnxs.com/if?enc=MzMzMzMzwz_DILByaJG9PwwCK4cW2d4_wyCwcmiRvT8zMzMzMzPDP4caOlfAZaccYuMtE_nZFFHwtmdTAAAAAJwYJwBpBwAA2AcAAAIAAAClEuUAVRsGAAAAAQBVU0QAVVNEANgCWgDMmQAAB9MAAgUAAQIAAI4AgSL7qgAAAAA.&cnd=%21lyEebwjq_ekBEKWllAcYACDVthgwADgAQABI2A9QnLGcAVgAYNIDaABwAHgAgAEAiAEAkAEBmAEBoAEBqAEDsAEAuQEzMzMzMzPDP8EBMzMzMzMzwz_JAY6dfYJgaABA2QEAAAAAAADwP-ABAPUBmpmZPg..&ccd=%21qgbWQQjq_ekBEKWllAcY1bYYIAA.&udj=uf%28%27a%27%2C+276362%2C+1399305968%29%3Buf%28%27c%27%2C+3833578%2C+1399305968%29%3Buf%28%27r%27%2C+15012517%2C+1399305968%29%3B&vpid=773&apid=264778&referrer=http%3A%2F%2Fflashstreaming.mobi%2Fadnet.html&media_subtypes=1&ct=0&dlo=1,Malicious,
http://ams1.ib.adnxs.com/if?enc=MzMzMzMzwz-rHFpkO9-_P_Cnxks3ieU_qxxaZDvfvz8zMzMzMzPDP7ql4sjDlnd3Ss3MaYj_Fz_T42dTAAAAAIVLJwB2AgAA2AcAAAIAAAClEuUA-yMGAAAAAQBVU0QAVVNEANgCWgCNvgAAiNcAAgUAAQIAAI4Adyd4LgAAAAA.&cnd=%21ZiEHWwjq_ekBEKWllAcYACD7xxgwADgAQABI2A9QhZedAVgAYIIGaABwAHgAgAEAiAEAkAEBmAEBoAEBqAEDsAEAuQEzMzMzMzPDP8EBMzMzMzMzwz_JAbQOOEiNOv8_2QEAAAAAAADwP-ABAPUBmpmZPg..&ccd=%214QbYQgjq_ekBEKWllAcY-8cYIAA.&udj=uf%28%27a%27%2C+276362%2C+1399317459%29%3Buf%28%27c%27%2C+3833578%2C+1399317459%29%3Buf%28%27r%27%2C+15012517%2C+1399317459%29%3B&vpid=77&apid=265911&referrer=http%3A%2F%2Fwww.pvtserverz.com%2Fiframe.php&media_subtypes=1&ct=0&dlo=1,Malicious,
http://fra1.ib.adnxs.com/if?enc=mpmZmZmZuT9jEFg5tMi2PwAAAAAAAPA_YxBYObTItj-amZmZmZm5P4DNw4sLs3QaYgnqi4JMnEICU2pTAAAAAOkMKACvBwAAawYAAAIAAADJReYA1z4GAAAAAQBVU0QAVVNEANgCWgBr0AAA5csAAgUAAQIAAI4AoiW4pgAAAAA.&cnd=%211yXLNgjrkOsBEMmLmQcYACDX_RgwADgAQABI6wxQ6ZmgAVgAYKIDaABwAHgAgAEAiAEAkAEBmAEBoAEBqAEDsAEAuQGamZmZmZm5P8EBmpmZmZmZuT_JAfIe61iswgBA2QEAAAAAAADwP-ABAPUBAACAPg..&ccd=%21mAbVPQjrkOsBEMmLmQcY1_0YIAA.&udj=uf%28%27a%27%2C+129071%2C+1399476994%29%3Buf%28%27c%27%2C+3852395%2C+1399476994%29%3Buf%28%27r%27%2C+15091145%2C+1399476994%29%3B&vpid=859&apid=275600&referrer=http%3A%2F%2Faajtak.intoday.in%2Fstory%2Fjamaat-e-islami-hind-extends-support-to-kejriwal-in-varanasi-1-763736.html&media_subtypes=1&ct=0&dlo=1,Malicious,
http://fra1.ib.adnxs.com/if?enc=mpmZmZmZuT9nZmZmZma2PxSuR-F6FM4_Z2ZmZmZmtj-amZmZmZm5P7SBq8X_b4Ju3OtrcQaDGWt0XGpTAAAAAG-NJgDVBgAAawYAAAIAAADJReYAjFADAAAAAQBVU0QAVVNEANgCWgCDkgAA6ooAAgUAAQIAAI4ACSl3GAAAAAA.&pubclick=http://media.fastclick.net/w/click.here?cid%3D556996%26mid%3D1103534%26m%3D1%26sid%3D88120%26c%3D0%26tp%3D5%26UD%3DiAGurUOQAcT-IZgBuLAFoAEBqAEF8AEA%26upsid%3D242523731910%26forced_click%3D&cnd=%21MyQ-yQjrkOsBEMmLmQcYACCMoQ0wADgAQABI6wxQ75qaAVgAYHxoAHAAeACAAQCIAQCQAQGYAQGgAQGoAQOwAQC5AZqZmZmZmbk_wQGamZmZmZm5P8kB0kPkJ0-IAEDZAQAAAAAAAPA_4AEA9QEAAIA-&ccd=%215gXNOgjrkOsBEMmLmQcYjKENIAA.&udj=uf%28%27a%27%2C+129071%2C+1399479412%29%3Buf%28%27c%27%2C+3852395%2C+1399479412%29%3Buf%28%27r%27%2C+15091145%2C+1399479412%29%3B&vpid=734&apid=167838&referrer=http%3A%2F%2Fcdn.optmd.com%2FV2%2F291839%2F868524%2Findex.html&media_subtypes=1&ct=0&dlo=1,Malicious,
http://memo.extremetanningofsarasota.com/1sc9khy2mg\ncalambar.loungio.com/ads/frame.html,Malicious,
http://memo.extremetanningofsarasota.com/jmfsoaewoe\ngume.mickis.me/dobb2.html,Malicious,
http://memo.extremetanningofsarasota.com/3942xhs0f5\nwww.lavoro24.it/varese/autista-59457.html,Malicious,
http://isikpeyzaj.com/yfutj8,Malicious,
http://memo.extremetanningofsarasota.com/cyhmqy6kee\nwww.lavoro24.it/candidatura_password.php?offertaID=49851&aziendaID=0&user_email=meryvece@hotmail.it,Malicious,
http://damp.extremetanningofsarasota.com/t1fndet8nx\nholotilicga.medproshealthcare.com/bannerbox/frame.html,Malicious,
http://memo.extremetanningofsarasota.com/jw501nwm66\nwww.lavoro24.it/messaggio.php?titolo=Attenzione%21&testo=Password+non+corretta%2C+o+non+corrispondente+a+nessun+utente+registrato.&redirect=%2Fcandidatura_password.php%3FoffertaID%3D49851%26aziendaID%3D0&rtime=5&grazie=&popup=,Malicious,
http://damp.extremetanningofsarasota.com/qbukntydbx\nwww.lavoro24.it/firenze/addetta_alle_pulizie-55061.html,Malicious,
http://memo.extremetanningofsarasota.com/da8yxlxb59\nwww.lavoro24.it/candidatura_password.php?offertaID=49851&aziendaID=0,Malicious,
http://saintsraw.com/9htfn95i,Malicious,
http://oxidizin-undergang.electrickooladerecords.com/BfPPGpv1Zfa4o7txAnCU3g4TeXgMDiiA6NLHT3gs3R-wK4DxTYcyWGHK-3c__s0U1j65raEzSj0=\noxidizin-undergang.electrickooladerecords.com/h2tacp8s9i.php,Malicious,
http://soonmarketing.com/hsjva,Malicious,
http://miger.pearlstorehouse.net/az508gtv04\nmeeting-management.com/,Malicious,
http://smartcandle.ie/7xltk7ga1x,Malicious,
http://spisek.freehost.pl/h16yw7fp8,Malicious,
http://miger.pearlstorehouse.net/y8i75u9cee\nkoooop.com/music/index.php,Malicious,
http://damp.extremetanningofsarasota.com/3lo3eleebu\nwww.lavoro24.it/offerte_lavoro.php?cosa=&regione=&provincia=&categoria=302&azienda=&page=4,Malicious,
http://available.pearlstorehouse.net/upvw4wok53\nkoooop.com/music/index.php,Malicious,
http://9g553xrywc.eastwers.info/ddjd11osde\n,Malicious,
http://steffweb.dk/bkjybit,Malicious,
http://memo.extremetanningofsarasota.com/qgb9x44lel\nwww.lavoro24.it/roma/responsabile_tesoreria-49851.html,Malicious,
http://sdntqg.com/j4xxu09g,Malicious,
http://monochloranthracene.electrickooladerecords.com/n8j275m45k.php\nserv0.audserver.com/?fls=300250,Malicious,
http://memo.extremetanningofsarasota.com/k74qz1cwan\nwww.lavoro24.it/index.php,Malicious,
http://memo.extremetanningofsarasota.com/sq37letnf8\nwww.lavoro24.it/messaggio.php?titolo=Operazione+eseguita%21&testo=La+tua+nuova+password+%26egrave%3B+stata+inviata+per+e-mail&redirect=index.php&rtime=5&grazie=&popup=,Malicious,
http://memo.extremetanningofsarasota.com/x33nza9ea0\nwww.lavoro24.it/index.php,Malicious,
http://available.pearlstorehouse.net/ltddc8ye5w\none.hrietolewox.biz/kleph.cgi?12,Malicious,
http://raovat4u.com/hb74,Malicious,
http://available.theleakingbookshelf.org/hofcaqofkq\nwww.kidsmartialartsmontana.com/935a1abeefb366d8a920609aebaa8348.php?q=edf9059a246feb9708d1d1e934d30b26,Malicious,
http://memo.extremetanningofsarasota.com/z6ge1k8xp0\nholotilicga.medproshealthcare.com/bannerbox/frame.html,Malicious,
http://btechtcpiptomgrotmol.electrickooladerecords.com/17f8ek9l55.php\nwww.emx.co.uk/,Malicious,
http://fm1111.fr/34f43,Malicious,
http://memo.extremetanningofsarasota.com/06sxmax2d5\nwww.lavoro24.it/messaggio.php?titolo=Attenzione%21&testo=Email+non+corretta%2C+o+non+corrispondente+a+nessun+utente+registrato.&redirect=login.php&rtime=5&grazie=&popup=,Malicious,
http://damp.extremetanningofsarasota.com/kf89u1umi7\nwww.lavoro24.it/milano/responsabile_logistica-58560.html,Malicious,
http://memo.extremetanningofsarasota.com/jba0fpe5a2\nwww.lavoro24.it/bergamo/impiegato_ufficio_ambiente_e_sicurezza-57822.html,Malicious,
http://memo.extremetanningofsarasota.com/wxe1excx69\ngume.mickis.me/dobb2.html,Malicious,
http://memo.extremetanningofsarasota.com/jnjfqeviz7\ngume.mickis.me/dobb2.html,Malicious,
http://ktlelektro.cz/34f43,Malicious,
http://memo.unexpectedrunner.com/98o8kjmyf1\nwww.lavoro24.it/candidatura_inserisci.php?offertaID=61565&aziendaID=0,Malicious,
http://pablopaz.com/34f43,Malicious,
http://memo.extremetanningofsarasota.com/5wpipidve2\nwww.lavoro24.it/richiedi_password.php,Malicious,
http://damp.extremetanningofsarasota.com/i3spo0kdxf\nwww.lavoro24.it/offerte_lavoro.php?cosa=&regione=&provincia=&categoria=302&azienda=&page=3,Malicious,
http://memo.extremetanningofsarasota.com/icme80ojiw\nwww.lavoro24.it/candidatura_password.php?offertaID=49851&aziendaID=0,Malicious,
http://wudiai.com/098tb?hbwRGlURb=KwVPaYcH,Malicious,
http://damp.extremetanningofsarasota.com/afpb0iletd\nwww.lavoro24.it/offerte_lavoro.php?cosa=&regione=&provincia=&categoria=302,Malicious,
http://oxidizin-undergang.electrickooladerecords.com/h2tacp8s9i.php\nwww.wolfs-blog.de/2014/05/13/maxi-arnold-in-der-nationalmannschaft/,Malicious,
http://memo.unexpectedrunner.com/lofpp007en\nwww.lavoro24.it/candidatura_password.php?offertaID=61565&aziendaID=0&user_email=bianchibianca@alice.it,Malicious,
http://memo.unexpectedrunner.com/ak0tg3uqzb\nwww.lavoro24.it/messaggio.php?titolo=Attenzione%21&testo=Password+non+corretta%2C+o+non+corrispondente+a+nessun+utente+registrato.&redirect=%2Fcandidatura_password.php%3FoffertaID%3D61565%26aziendaID%3D0&rtime=5&grazie=&popup=,Malicious,
http://goodfoodprod.xyz/1exhfeofq9,Malicious,
http://damp.extremetanningofsarasota.com/pks2okgk8a\nwww.lavoro24.it/offerte_lavoro.php?cosa=&regione=&provincia=&categoria=302&azienda=&page=2,Malicious,
http://qijiaosoft.com/xb4bwcomo,Malicious,
http://studioangelucci.eu/kmdkffw,Malicious,
http://memo.extremetanningofsarasota.com/02b58w6dek\nwww.lavoro24.it/login.php,Malicious,
http://damp.ringgatan.se/hjhhzwicbv\nwww.lavoro24.it/messaggio.php?titolo=ERRORE&testo=+DATI+MANCANTI+%3Cbr%3E++nome+%3C%2Fbr%3E+cognome+%3C%2Fbr%3E+cap+%3C%2Fbr%3E+cellulare+%3C%2Fbr%3Eemail+%3C%2Fbr%3E&redirect=candidatura_inserisci.php%3FoffertaID%3D61238%26aziendaID%3D0&rtime=3&grazie=&popup=,Malicious,
http://thenumastore.com/k8f5irc,Malicious,
http://trilab.sk/epimbssz,Malicious,
http://filesdiamond.com/874ghv3,Malicious,
http://buendigkeit.southwestadvertisingteam.org/9a74zouhoo.php\nwww.steelworks.de/index.php?cat=steelWORKS&action=Flachmaterial,Malicious,
http://kohlesekdamodar.trucksbyswat.com/tu0enshvnk.php\nwww.marinawassersport.de/index.php?option=com_content&view=article&id=321&Itemid=369,Malicious,
http://marvjohnson.bestchromeaccessories.com/s83kzs23m8.php\nwww.directvillaholidays.com/index.asp?gclid=CKn5j_73qr4CFdLHtAodvkcAAQ,Malicious,
http://hope.realpneus.net/dp2yczq7yj\narc.golloyno.co.vu/main3/,Malicious,
http://two.hgvjhvjhvjh.biz/o8eu3ne084\nwww.lavoro24.it/messaggio.php?titolo=Operazione+non+effettuata%21&testo=Il+tuo+account+%26egrave%3B+gi%26agrave%3B+attivo+sul+portale.+Effettua+il+login+per+accedere.+&redirect=login.php&rtime=5&grazie=&popup=,Malicious,
http://stkittskhorramshahr.southwestadvertisingteam.com/mevt8i65kn.php\nwww.universitaperta.com/area-riservata/?tut=az&subcr=1,Malicious,
http://sickishly.21eligne.com/HHJwaTEFB6Ie1mZvDH5eyIADG0v4P9sycO2LkyyWu6XDgoz9LQoHO1bzmY58JZCBpAz2l-TghIk=\n,Malicious,
http://brejchovpalkansaajarahastoista.21eligne.com/bsmu85t1k6.php\nnewsok.com/,Malicious,
http://91.219.31.14/checkupdate,Malicious,
http://three.jhvkjvhfkcykc.biz/pg7e1isjdo\njolofilka.nursegateway.com/ads/www/frame.html,Malicious,
http://gold.fifamericas.com/8ed1smz04x\nchicweddingcandles.com/wedding-candles/,Malicious,
http://0babyungebrochene.within-reach-therapy.com/mw2jc41eqn.php\nsabotagetimes.com/reportage/little-conspiracies-1-was-henry-winklers-fonz-a-drug-dealer/,Malicious,
http://mirphak-nichteingeweihte.southwestadvertisingteam.net/yua2x94pvd.php\nwww.wolfs-blog.de/,Malicious,
http://gold.airzer.com/oxp0q617lu\nwww.lavoro24.it/offerte_lavoro.php?cosa=&regione=27&provincia=&categoria=,Malicious,
http://sickishly.21eligne.com/snn6sy28ew.php\nwww.pthfinanz.at/team-traiskirchen.html,Malicious,
http://hope.fifamericas.com/3ae3w1ug3y\nwww.itsajoyproductions.com/762c64b1cacccf57cd2674c07230f51a.php?q=5bf50347ede06241859f73e6d9f88eaf,Malicious,
http://0babyungebrochene.within-reach-therapy.com/8bpbeklw35.php\nsabotagetimes.com/reportage/little-conspiracies-1-was-henry-winklers-fonz-a-drug-dealer/,Malicious,
http://dluznikahansolo.within-reach-therapy.com/6tnImBltl2eAzSNEnAuI2Y2hV4xnyWdDsOHeHPE04VvwNJUL6Jx2p-kdfLh_EqAd2l0JyY12We0=\n,Malicious,
http://buendigkeit.southwestadvertisingteam.org/9a74zouhoo.php\nwww.steelworks.de/index.php?cat=steelWORKS&action=steelworker,Malicious,
http://gold.airzer.com/hz2tz6hs82\nwww.lavoro24.it/tutta_italia/de_longhi_selezioni_per_nuove_assunzioni-65021.html,Malicious,
http://captiuasque.trucksbyswat.com/19y7f9dqhz.php\nwww.pthfinanz.at/team-traiskirchen.html,Malicious,
http://dluznikahansolo.within-reach-therapy.com/khtkp06w69.php\nnewsok.com/,Malicious,
http://mirphak-nichteingeweihte.southwestadvertisingteam.net/d8ej9pb8xx.php\nwww.wolfs-blog.de/2014/05/13/maxi-arnold-in-der-nationalmannschaft/,Malicious,
http://one.kjghkjdfjhdc.biz/q07txtzw15\ncalambar.loungio.com/ads/frame.html,Malicious,
http://kohlesekdamodar.trucksbyswat.com/7e3x55c5pm.php\nwww.wolfs-blog.de/2014/05/13/maxi-arnold-in-der-nationalmannschaft/,Malicious,
http://kohlesekdamodar.trucksbyswat.com/hmz7v51txn.php\nwww.marinawassersport.de/index.php?option=com_content&view=article&id=105&Itemid=154,Malicious,
http://mirphak-nichteingeweihte.southwestadvertisingteam.net/sfgfqjpadu.php\nwww.wf-graphicdesign.de/,Malicious,
http://sickishly.21eligne.com/WlCnZBX-fVRXvP0fqHfNhRVh29g_A1RCrQgWTdWhAoLC6EYzkUCND8w8xV9gElNZwZQUkHoOIP4=\n,Malicious,
http://kohlesekdamodar.trucksbyswat.com/hmz7v51txn.php\nwww.marinawassersport.de/index.php?option=com_content&view=article&id=118&Itemid=282,Malicious,
http://sickishly.21eligne.com/l592w7w04t.php\nsabotagetimes.com/life/remembering-my-first-pill-leeds-festival-2010/,Malicious,
http://captiuasque.trucksbyswat.com/s9p8cce0zl.php\nwww.pferdefit.de/,Malicious,
http://dluznikahansolo.within-reach-therapy.com/ji3bb442h6.php\nnewsok.com/,Malicious,
http://captiuasque.trucksbyswat.com/s9p8cce0zl.php\nwww.pferdefit.de/ergnzungsfuttermittel-c-75_84.html,Malicious,
http://two.hgvjhvjhvjh.biz/debc24ilbm\nwww.lavoro24.it/messaggio.php?titolo=Candidatura&testo=Per+poterti+candidare%2C+all%27offerta+di+lavoro+da+te+selezionata%2C+devi+essere+registrato+al+nostro+portale.+Effettua+l%27accesso+oppure+registrati.&redirect=login.php&rtime=7&grazie=&popup=,Malicious,
http://boxint.net/jam/,Malicious,
http://sickishly.21eligne.com/snn6sy28ew.php\nwww.pthfinanz.at/,Malicious,
http://kohlesekdamodar.trucksbyswat.com/8hdtqw55eg.php\nwww.naturaliaingredients.com/p/11-deionized-grape-juice-concentrate,Malicious,
http://two.hgvjhvjhvjh.biz/5ojb83x52a\nwww.lavoro24.it/messaggio.php?titolo=Attenzione%21&testo=I+tuoi+dati+d%27accesso+sono+corretti%2C+ma+il+tuo+account+non+%26egrave%3B+attivo.+Ti+verr%26agrave%3B+inviata+una+mail+al+tuo+indirizzo+di+posta+elettronica+con+la+procedura+di+attivazione.%3Cbr+%2F%3E+Se+non+dovessi+riceverla+verifica+che+l%27indirizzo+inserito+sia+corretto%2C+o+che+l%27email+non+sia+stata+recapitata+nella+cartella+posta+indesiderata.&redirect=login.php&rtime=20&grazie=&popup=,Malicious,
http://gold.fifamericas.com/ho598ye25d\nwww.jamespitsillides.com/57f73a71e8f6f1249fe00579857055e1.php?q=dd2e0b690b404e306f68d165807b9831,Malicious,
http://machination.xyz/wp-mach/,Malicious,
http://7wkxqqr56e.gtryeuj.co/l3bb20bmne\ng7ncwezvpc.dhcydopl.co/index.php?aff=ab07gyl666&id=73HQiqaazbO&partner=fc71qse1xx,Malicious,
http://three.kjghkjdfjhdc.biz/gsd585dl1g\nwww.lavoro24.it/milano/addetto_customer_service-61123.html?utm_source=Indeed&utm_medium=cpc&utm_campaign=Indeed,Malicious,
http://buendigkeit.southwestadvertisingteam.org/tpecq1eexi.php\nwww.steelworks.de/index.php?cat=steelWORKS&action=Bleche,Malicious,
http://gold.airzer.com/e0tfw2lgmp\nscenografia.vsmu.sk/?p=874,Malicious,
http://sickishly.21eligne.com/z5buun3bd2.php\nnewsok.com/,Malicious,
http://stkittskhorramshahr.southwestadvertisingteam.com/nc6peh0hge.php\nwww.universitaperta.com/area-riservata/?tut=az&subcr=1,Malicious,
http://sickishly.21eligne.com/snn6sy28ew.php\nsabotagetimes.com/reportage/20-sex-tips-for-men/,Malicious,
http://buendigkeit.southwestadvertisingteam.org/9a74zouhoo.php\nwww.steelworks.de/index.php?cat=steelPROJEKT&action=airbus_a380,Malicious,
http://two.khvkhvkhvkjv.biz/c4ebghwznu\nwww.packagetourhongkong.com/webboard/index.php?topic=76.0,Malicious,
http://kohlesekdamodar.trucksbyswat.com/vj7bad2ej6.php\nwww.naturaliaingredients.com/c/12-grape-juice-concentrates?l=en,Malicious,
http://brejchovpalkansaajarahastoista.21eligne.com/w9HZJWGFw4YUtW6g9td2HrUQFS6lGeSTjANk04qxVYpFiXfIIlLCOVLeIXM-jSmEIci45A==\n,Malicious,
http://brejchovpalkansaajarahastoista.21eligne.com/Globals.class\n,Malicious,
http://myhest.org/,Malicious,
http://buendigkeit.southwestadvertisingteam.org/fgoaweel5a.php\nwww.steelworks.de/index.php?cat=steelWORKS&action=3D_CAD,Malicious,
http://captiuasque.trucksbyswat.com/s9p8cce0zl.php\nwww.pthfinanz.at/team-zwoelfaxing.html,Malicious,
http://miyemcitehtso.21eligne.com/la0jka808g.php\nwww.4-bid.com/,Malicious,
http://kohlesekdamodar.trucksbyswat.com/uebo7zj59v.php\n,Malicious,
http://gold.fifamericas.com/cuxvlz31q6\nordinarilyextraordinary.com/2012/01/31/what-does-it-mean-to-dwell/,Malicious,
http://buendigkeit.southwestadvertisingteam.org/fgoaweel5a.php\nwww.steelworks.de/,Malicious,
http://netrec.net/dm/,Malicious,
http://stkittskhorramshahr.southwestadvertisingteam.com/bo295vc0a5.php\nwww.wolfs-blog.de/2014/05/13/maxi-arnold-in-der-nationalmannschaft/,Malicious,
http://buendigkeit.southwestadvertisingteam.org/e5i92jeyui.php\nwww.steelworks.de/index.php?cat=steelORIGAMI&action=ORIGAMI,Malicious,
http://two.kjghkjdfjhdc.biz/920qled6mt\ncalambar.loungio.com/ads/frame.html,Malicious,
http://gold.jehovahnokotoba.net/hp1zlamjnb\nholotilicga.medproshealthcare.com/bannerbox/frame.html,Malicious,
http://gold.airzer.com/jsacf5nken\nwww.lavoro24.it/offerte_lavoro.php?cosa=&regione=&provincia=&categoria=311,Malicious,
http://buendigkeit.southwestadvertisingteam.org/e5i92jeyui.php\nwww.steelworks.de/index.php?cat=steelWORKS&action=Alu,Malicious,
http://0babyungebrochene.within-reach-therapy.com/qaead5tee6.php\nnewsok.com/,Malicious,
http://three.khvvkhvchk.biz/tda166qo9z\ncalambar.loungio.com/ads/frame.html,Malicious,
http://gold.jehovahnokotoba.net/ldet2wclkj\nholotilicga.medproshealthcare.com/bannerbox/frame.html,Malicious,
http://dluznikahansolo.within-reach-therapy.com/2s7udnuvgs.php\nnewsok.com/,Malicious,
http://many.fifamericas.com/8k8t9el9w6\nwww.itsajoyproductions.com/762c64b1cacccf57cd2674c07230f51a.php?q=fa2f78a91b0d5951129c667031c53bba,Malicious,
http://buendigkeit.southwestadvertisingteam.org/9a74zouhoo.php\nwww.steelworks.de/index.php?cat=steelHOME&action=index,Malicious,
http://brejchovpalkansaajarahastoista.21eligne.com/8gk8dp39it.php\nnewsok.com/,Malicious,
http://gold.airzer.com/oyecglhieq\nwww.lavoro24.it/reggio_emilia/impiegato_ufficio_acquisti-64966.html,Malicious,
http://captiuasque.trucksbyswat.com/19y7f9dqhz.php\nwww.pthfinanz.at/,Malicious,
http://gold.airzer.com/9sm6hoki0g\nwww.lavoro24.it/offerte_lavoro.php?cosa=&regione=27&categoria=311,Malicious,
http://two.hgvjhvjhvjh.biz/safme6wuha\nwww.lavoro24.it/messaggio.php?titolo=Operazione+eseguita%21&testo=La+tua+registrazione+%26egrave%3B+stata+confermata%21+Benvenuto+su+Lavoro24%21&redirect=login.php&rtime=20&grazie=&popup=,Malicious,
http://positiontargetamtlicher.superdutydieseldog.com/xls1aiwnyf.php\nwww.comune.cornaredo.mi.it/,Malicious,
http://captiuasque.trucksbyswat.com/19y7f9dqhz.php\nwww.pthfinanz.at/team-und-filialen.html,Malicious,
http://gold.fifamericas.com/ezo9tyfv1s\nhebron-cheer.com/calendars/amazing-championships-in-hollywood-ca%ef%bb%bf/,Malicious,
http://captiuasque.trucksbyswat.com/19y7f9dqhz.php\nwww.pthfinanz.at/team-und-filialen/32-pth-finanz-filialen/59-filiale-traiskirchen.html,Malicious,
http://0babyungebrochene.within-reach-therapy.com/mw2jc41eqn.php\nnewsok.com/,Malicious,
http://gold.airzer.com/1e4thp1hme\nwww.lavoro24.it/offerte_lavoro.php?cosa=&regione=&provincia=&categoria=311,Malicious,
http://buendigkeit.southwestadvertisingteam.org/e5i92jeyui.php\nwww.steelworks.de/index.php?cat=steelWORKS&action=Bleche,Malicious,
http://stkittskhorramshahr.southwestadvertisingteam.com/sg6s1wokem.php\nwww.wolfs-blog.de/,Malicious,
http://buendigkeit.southwestadvertisingteam.org/e5i92jeyui.php\nwww.steelworks.de/index.php?cat=steelHOME&action=impressum,Malicious,
http://buendigkeit.southwestadvertisingteam.org/9a74zouhoo.php\nwww.steelworks.de/index.php?cat=steelWORKS&action=Bleche,Malicious,
http://brejchovpalkansaajarahastoista.21eligne.com/bepdnwa1eu.php\nwww.viagmbh.com/,Malicious,
http://cosewidthwise.21eligne.com/j0obbgqd0e.php\nwww.bauspar-shop.de/,Malicious,
http://two.kjghkjdfjhdc.biz/zb1ymxv6m1\ncalambar.loungio.com/ads/frame.html,Malicious,
http://buendigkeit.southwestadvertisingteam.org/e5i92jeyui.php\nwww.steelworks.de/index.php?cat=steelORIGAMI&action=Falten,Malicious,
http://three.jhvkjvhfkcykc.biz/m6c35weqyb\ncalambar.loungio.com/ads/frame.html,Malicious,
http://pijpepeuterrungot.zen-chateau.fr/j2ztpiezgu.php\nnewsok.com/,Malicious,
http://kupilliseenkirjoitettiin.chateaubio.com/kvoli59xih.php\nwww.bigdishsat.com/product-category/iptv/,Malicious,
http://one.jdfslfdsgy.biz/o60g53en24\nwww.eastlondonnews.com/bromley-player-dies-in-local-match-against-mohammedan/,Malicious,
http://collaspeeinloesbar.zenchateau.fr/cpde7aewq9.php\nwww.oklahoman.com/classifieds,Malicious,
http://kalendarske1committatis.innovzen.fr/o4dHY6_8j1wgV4Rm93Zv6oRTxZ4s3ma3a9vLDSZp2NBA7UnUxXHrXIuDzSrY6qQSFpTR5DVH0jA=\n,Malicious,
http://two.jdfslfdsgy.biz/chylc337h0\ndkoawit6.com/ik/redir.php?url=http://two.jdfslfdsgy.biz/chylc337h0,Malicious,
http://daenenhetrecentorumque.o2chair.com/u8q4ok1hh5.php\nnewsok.com/,Malicious,
http://tamesttetrapyl-klosettdeckeln.pranair.com/nhxioew2oh.php\nwww.pandoraconsulting.co.uk/,Malicious,
http://annae-unsailable.chateaubio.com/aega1t98gf.php\nwww.bigdishsat.com/satellite-changes-affecting-france/,Malicious,
http://annae-unsailable.chateaubio.com/aega1t98gf.php\nwww.bigdishsat.com/category/news/,Malicious,
http://two.jdfslfdsgy.biz/bmv3s4d0wg\ndkoawit6.com/ik/redir.php?url=http://two.jdfslfdsgy.biz/bmv3s4d0wg,Malicious,
http://wybaluszac.zenchateau.fr/Globals.class\n,Malicious,
http://two.jdfslfdsgy.biz/xu0czcn49p\ndkoawit6.com/ik/redir.php?url=http://two.jdfslfdsgy.biz/xu0czcn49p,Malicious,
http://imitammo.o2breath.com/abflesq97u.php\nwww.rideclub.at/home.php,Malicious,
http://daenenhetrecentorumque.o2chair.com/9pvoezk9jz.php\nnewsok.com/,Malicious,
http://hyviverrou.chateau-zen.fr/vy9dg70ab7.php\nwww.mowershop.co.uk/,Malicious,
http://imitammo.o2breath.com/qv88swpa95.php\nwww.rideclub.at/,Malicious,
http://publisitetdispenso.zen-chateau.fr/8xispzcmx5.php\nnewsok.com/,Malicious,
http://collaspeeinloesbar.zenchateau.fr/cpde7aewq9.php\nnewsok.com/,Malicious,
http://wybaluszac.zenchateau.fr/3njkswjvjf.php\nnewsok.com/,Malicious,
http://three.dmslcfwq.biz/she2gvktxz\nwww.lavoro24.it/candidatura_password.php?offertaID=59046&aziendaID=0&user_email=tritto.d@tiscali.it,Malicious,
http://daenenhetrecentorumque.o2chair.com/g25lj5cdd6.php\nnewsok.com/,Malicious,
http://74dkvpwnmb.fruipl.in/cdmkp8ky43\nwww.hotpopups.com/filter.php?mid=15372439ad975c&tu=15317,Malicious,
http://two.jdfslfdsgy.biz/bg3jo1b1ip\ndkoawit6.com/ik/redir.php?url=http://two.jdfslfdsgy.biz/bg3jo1b1ip,Malicious,
http://wybaluszac.zenchateau.fr/7Bs5EQJJAvXeS_u8I2XMr7DxVSL2_TvuKNAR8RVY5ZBe7zEY9dGTg6GRau7vyBkPCD_0fUULJ-w=\n,Malicious,
http://two.jdfslfdsgy.biz/Ket3sdlUrI5hHozagqJAGvf1WgHR0jplukHAclQbJS8B28uz4r1fUKJRUzsVoWtH1H9KTw==\ntwo.jdfslfdsgy.biz/db10zvibn6,Malicious,
http://two.jdfslfdsgy.biz/zuvlsp43v5\ndkoawit6.com/ik/redir.php?url=http://two.jdfslfdsgy.biz/zuvlsp43v5,Malicious,
http://two.jdfslfdsgy.biz/t6gu2zwgce\ndkoawit6.com/ik/redir.php?url=http://two.jdfslfdsgy.biz/t6gu2zwgce,Malicious,
http://vilkkaan.innovzen.fr/Z3AXFHYQUZs9_MXU79JbClWB8aTSSfCksKKKZYEdnrWLY5KVQnkpUcuKDm8p9Gg3KzdlNIGiEBo=\nvilkkaan.innovzen.fr/2s6x4k44mw.php,Malicious,
http://dbrjgq1gcv.gtryeuj.net/7lj7pq9pee\nt1fqab1ky9.0234234.com.de/index.php?aff=c58jn238or&id=73HQiqaazbO&partner=01d7t9kf4b,Malicious,
http://two.jdfslfdsgy.biz/xnftode7u4\ndkoawit6.com/ik/redir.php?url=http://two.jdfslfdsgy.biz/xnftode7u4,Malicious,
http://hanapepeumweltbedingt.zen-chateau.fr/6qb29t1t1d.php\nnewsok.com/,Malicious,
http://one.hfgkjhkklbj.biz/3keqq0jp6h\nwww.impactaatuauditorio.com/2001fb00e858c3cbeb618440ef564fa5.php?q=9ce0f2bc1a80b7271a783727df82d4fd,Malicious,
http://one.jdfslfdsgy.biz/keqqc6yo1z\nwww.lavoro24.it/milano/cerco_caffettierebarista-59695.html?utm_source=jooble&utm_medium=cpc&utm_campaign=jooble,Malicious,
http://pijpepeuterrungot.zen-chateau.fr/vkvixnvq60.php\nnewsok.com/,Malicious,
http://collaspeeinloesbar.zenchateau.fr/cpde7aewq9.php\nwww.oklahoman.com/news,Malicious,
http://armttsubamen.zenchateau.fr/ib0uynukhp.php\nnewsok.com/,Malicious,
http://two.jdfslfdsgy.biz/w4m3bx7ues\ndkoawit6.com/ik/redir.php?url=http://two.jdfslfdsgy.biz/w4m3bx7ues,Malicious,
http://collaspeeinloesbar.zenchateau.fr/kdfycqot4e.php\nnewsok.com/,Malicious,
http://two.jdfslfdsgy.biz/ytpwqqy3ds\ndkoawit6.com/ik/redir.php?url=http://two.jdfslfdsgy.biz/ytpwqqy3ds,Malicious,
http://two.jdfslfdsgy.biz/pqn0agxwz4\ndkoawit6.com/ik/redir.php?url=http://two.jdfslfdsgy.biz/pqn0agxwz4,Malicious,
http://publisitetdispenso.zen-chateau.fr/zyxc8os31j.php\nnewsok.com/,Malicious,
http://annae-unsailable.chateaubio.com/aega1t98gf.php\nwww.bigdishsat.com/satellite-broadband/,Malicious,
http://netrec.net/dr/,Malicious,
http://ethylhexylamine.o2breath.com/of82dbak90.php\n,Malicious,
http://two.jdfslfdsgy.biz/vzc3eex4jg\ndkoawit6.com/ik/redir.php?url=http://two.jdfslfdsgy.biz/vzc3eex4jg,Malicious,
http://two.jdfslfdsgy.biz/pf56qnj0g0\ndkoawit6.com/ik/redir.php?url=http://two.jdfslfdsgy.biz/pf56qnj0g0,Malicious,
http://annae-unsailable.chateaubio.com/aega1t98gf.php\nwww.bigdishsat.com/,Malicious,
http://rewordkaupunginelinlkri.loftsattrailcreek.com/y2eh5ekutq.php\nwww.silkeplanter.com/,Malicious,
http://ethylhexylamine.o2breath.com/ofp8n3nomc.php\ncarltonscale.com/,Malicious,
http://three.dmslcfwq.biz/4s3ae0l5py\nwww.lavoro24.it/messaggio.php?titolo=Attenzione%21&testo=Password+non+corretta%2C+o+non+corrispondente+a+nessun+utente+registrato.&redirect=%2Fcandidatura_password.php%3FoffertaID%3D59046%26aziendaID%3D0&rtime=5&grazie=&popup=,Malicious,
http://hyviverrou.chateau-zen.fr/hmhxw77d4x.php\nwww.mowershop.co.uk/index.html,Malicious,
http://two.jdfslfdsgy.biz/scbnupdwqz\ndkoawit6.com/ik/redir.php?url=http://two.jdfslfdsgy.biz/scbnupdwqz,Malicious,
http://two.jdfslfdsgy.biz/9mbmk12be4\ndkoawit6.com/ik/redir.php?url=http://two.jdfslfdsgy.biz/9mbmk12be4,Malicious,
http://two.jdfslfdsgy.biz/u72azc8l7o\ndkoawit6.com/ik/redir.php?url=http://two.jdfslfdsgy.biz/u72azc8l7o,Malicious,
http://heimstaettecatawba.depotzen.com/shs0fsgiw8.php\n4-bid.com/,Malicious,
http://daenenhetrecentorumque.o2chair.com/catvlwkqev.php\nnewsok.com/,Malicious,
http://hyviverrou.chateau-zen.fr/jxo797o9hq.php\nchampionfoundation.com/melbourne-sinkhole-repair/,Malicious,
http://two.jdfslfdsgy.biz/3u0cei0l0e\ndkoawit6.com/ik/redir.php?url=http://two.jdfslfdsgy.biz/3u0cei0l0e,Malicious,
http://tamesttetrapyl-klosettdeckeln.pranair.com/QfgJyUNWu-0lqw7WBX2bLxUBW-7F5wID_GVUONFdvn50OJ-_9YDcK3wwZcuHzmFRRx4gSRIZzyg=\ntamesttetrapyl-klosettdeckeln.pranair.com/nhxioew2oh.php,Malicious,
http://tamesttetrapyl-klosettdeckeln.pranair.com/ZMf3lzBQ6F7v6WFNW4KV9GeSxgKOhZERAIzBfVbbWNPhaZeRFNO-lLIchtbeS-Sf4Tn85xtEGAo=\n,Malicious,
http://three.dmslcfwq.biz/2plx8fig8e\nwww.lavoro24.it/messaggio.php?titolo=Attenzione%21&testo=Password+non+corretta%2C+o+non+corrispondente+a+nessun+utente+registrato.&redirect=%2Fcandidatura_password.php%3FoffertaID%3D59046%26aziendaID%3D0&rtime=5&grazie=&popup=,Malicious,
http://two.jdfslfdsgy.biz/qe8touhcsb\ndkoawit6.com/ik/redir.php?url=http://two.jdfslfdsgy.biz/qe8touhcsb,Malicious,
http://kupilliseenkirjoitettiin.chateaubio.com/kvoli59xih.php\nwww.bigdishsat.com/product-category/satellite-set-top-boxes/,Malicious,
http://annae-unsailable.chateaubio.com/txljpi45e1.php\nwww.bigdishsat.com/television-products/,Malicious,
http://two.jdfslfdsgy.biz/ui4n0jyizz\ndkoawit6.com/ik/redir.php?url=http://two.jdfslfdsgy.biz/ui4n0jyizz,Malicious,
http://torquentque.chateau-zen.fr/EoegUyWsHErM7W5AhShpeWaX0JLh4SGZ_OlPxav9ZUeuyujrlDu-V7BW_B7qdb5sY_IEDw==\n,Malicious,
http://two.jdfslfdsgy.biz/b4w4i4w9nb\ndkoawit6.com/ik/redir.php?url=http://two.jdfslfdsgy.biz/b4w4i4w9nb,Malicious,
http://nonbituminous.o2breath.com/b5aq4ayzbq.php\nwww.off-roadfiberglass.com/index.html,Malicious,
http://collaspeeinloesbar.zenchateau.fr/cjlyfggf0o.php\nnewsok.com/,Malicious,
http://tamesttetrapyl-klosettdeckeln.pranair.com/bwiga2t5k7.php\nwww.zeusquimica.com/,Malicious,
http://imitammo.o2breath.com/ny7x79v3fz.php\nwww.rideclub.at/home.php,Malicious,
http://two.jdfslfdsgy.biz/jjdwifnawe\ndkoawit6.com/ik/redir.php?url=http://two.jdfslfdsgy.biz/jjdwifnawe,Malicious,
http://utbygget1bateau.innovzen.co/zqthtc7kpg.php\nwww.italchimici.it/,Malicious,
http://armttsubamen.zenchateau.fr/ayimwuqx17.php\nnewsok.com/,Malicious,
http://hanapepeumweltbedingt.zen-chateau.fr/4c37p99hjl.php\nnewsok.com/,Malicious,
http://two.jdfslfdsgy.biz/p1sa57nepx\ndkoawit6.com/ik/redir.php?url=http://two.jdfslfdsgy.biz/p1sa57nepx,Malicious,
http://two.jdfslfdsgy.biz/fwsubfwegc\ndkoawit6.com/ik/redir.php?url=http://two.jdfslfdsgy.biz/fwsubfwegc,Malicious,
http://annae-unsailable.chateaubio.com/eaoptk6lxu.php\nwww.bigdishsat.com/,Malicious,
http://two.jdfslfdsgy.biz/qqwjszvl2g\ndkoawit6.com/ik/redir.php?url=http://two.jdfslfdsgy.biz/qqwjszvl2g,Malicious,
http://two.jdfslfdsgy.biz/n5g9ufnsal\ndkoawit6.com/ik/redir.php?url=http://two.jdfslfdsgy.biz/n5g9ufnsal,Malicious,
http://metsojenonbespeurbaar.02ipad.com/UK6nlJT4e5iyf-FdBnduTpoPRlF5Xx1ETJkj0QygjnG2Xi-s0rszcZIliE7DOj83l7FyHxNQmAU=\nmetsojenonbespeurbaar.02ipad.com/2z98dne87w.php,Malicious,
http://pijpepeuterrungot.zen-chateau.fr/jm8nw7fotj.php\nnewsok.com/,Malicious,
http://two.jdfslfdsgy.biz/db10zvibn6\none.hrietolewox.biz/kleph.cgi?12,Malicious,
http://heimstaettecatawba.depotzen.com/mm2ch9xfmb.php\nwww.4-bid.com/,Malicious,
http://two.jdfslfdsgy.biz/mu39ebegnf\ndkoawit6.com/ik/redir.php?url=http://two.jdfslfdsgy.biz/mu39ebegnf,Malicious,
http://two.jdfslfdsgy.biz/d6eaoeudf2\ndkoawit6.com/ik/redir.php?url=http://two.jdfslfdsgy.biz/d6eaoeudf2,Malicious,
http://two.jdfslfdsgy.biz/epggaveno5\ndkoawit6.com/ik/redir.php?url=http://two.jdfslfdsgy.biz/epggaveno5,Malicious,
http://two.fdsfgsgdvsd.biz/xmhnde233g\nwww.hvacmarketing.com/a6fa2e855db7f5fcf1aeaf0e2087e58f.php?q=96eda8b731c3ff45b0c383845f27991b,Malicious,
http://two.jdfslfdsgy.biz/lx1cpbden8\ndkoawit6.com/ik/redir.php?url=http://two.jdfslfdsgy.biz/lx1cpbden8,Malicious,
http://introvenient-raoulilla.chateau-zen.fr/xy7d9kg1ln.php\nxhamster-video.com/top/ads.html?contentid=9532,Malicious,
http://two.jdfslfdsgy.biz/8c4we57ek4\ndkoawit6.com/ik/redir.php?url=http://two.jdfslfdsgy.biz/8c4we57ek4,Malicious,
http://two.jdfslfdsgy.biz/n2y4lpog9i\ndkoawit6.com/ik/redir.php?url=http://two.jdfslfdsgy.biz/n2y4lpog9i,Malicious,
http://imitammo.o2breath.com/ns5yqzcogi.php\nwww.off-roadfiberglass.com/index.html,Malicious,
http://annae-unsailable.chateaubio.com/txljpi45e1.php\nwww.bigdishsat.com/category/blog/,Malicious,
http://one.jdfslfdsgy.biz/voettpt427\ncampusblog.nl/2013/09/de-mooiste-hardlooproutes-van-utrecht/,Malicious,
http://paskuda.gq/,Malicious,
http://daenenhetrecentorumque.o2chair.com/1nzvunzc93.php\nnewsok.com/,Malicious,
http://torquentque.chateau-zen.fr/lua77b1gfk.php\nwww.peinadoshombre.net/con-flequillo/,Malicious,
http://two.jdfslfdsgy.biz/vdgp752482\ndkoawit6.com/ik/redir.php?url=http://two.jdfslfdsgy.biz/vdgp752482,Malicious,
http://two.jdfslfdsgy.biz/7xitsg88z6\ndkoawit6.com/ik/redir.php?url=http://two.jdfslfdsgy.biz/7xitsg88z6,Malicious,
http://two.jdfslfdsgy.biz/j74we28lck\ndkoawit6.com/ik/redir.php?url=http://two.jdfslfdsgy.biz/j74we28lck,Malicious,
http://oogpunte.chateau-zen.fr/eqxlv8dscx.php\nwww.golfclubdenantes.net/,Malicious,
http://three.dmslcfwq.biz/szxqat1gat\nwww.lavoro24.it/messaggio.php?titolo=Attenzione%21&testo=Password+non+corretta%2C+o+non+corrispondente+a+nessun+utente+registrato.&redirect=%2Fcandidatura_password.php%3FoffertaID%3D59046%26aziendaID%3D0&rtime=5&grazie=&popup=,Malicious,
http://wxp5va.pikirykopypd.com/24p5geeab0\nwww.lavoro24.it/messaggio.php?titolo=Candidatura&testo=Per+poterti+candidare%2C+all%27offerta+di+lavoro+da+te+selezionata%2C+devi+essere+registrato+al+nostro+portale.+Effettua+l%27accesso+oppure+registrati.&redirect=login.php&rtime=7&grazie=&popup=,Malicious,
http://verbluemteres.wilfredspears.com/n47cwe32yu.php\nwww.magnetionizer.com/,Malicious,
http://two.vcdsknvkds.biz/ev6vweq3iz\nholotilicga.medproshealthcare.com/bannerbox/frame.html,Malicious,
http://txqmfavkon.lecopaxpp.net/s7xn82v2vc\nsuperpornwax.com/,Malicious,
http://three.vcdsknvkds.biz/8dfhea12iv\ndema.tvdiadema.com.br/znvlbk2.html,Malicious,
http://atio.li/exjik,Malicious,
http://roman64.humlak.cz/7bnisgf,Malicious,
http://nationaliserekcas.xn--72cf0c5a7duaq7i.com/KqX4hVyOoCep0zZXqpoxGIvKeSTyEUoB_WHPmaMgReHYj7kErha9McbBnNrEwDartV2UgYnhHLo=\n,Malicious,
http://three.vcdsknvkds.biz/pfwhn7xys2\ndema.tvdiadema.com.br/znvlbk2.html,Malicious,
http://kisekka-spiderwebby.myomedworks.com/GGgXs872hyuTN8uKVTtuXixW_S_OMxeIlm-7w0biilYFA82AJVQTHlmCFiPB8hVuPuDZGkCLJTE=\n,Malicious,
http://hydraulusystemudvikling.fearlesshobbys.com/qcjnep5z6u.php\nxhamster-video.com/top/ads.html?contentid=9532,Malicious,
http://joisey-arrodilladura.myomedworks.com/GAdct6HhWCZPnv2J9NJrhgsZ6NRJMBfKirm9HRvhEGDeMZFPjB0f5OFhiMZlk5d0mx_bUKYSAQ4=\njoisey-arrodilladura.myomedworks.com/osd4qc8m3x.php,Malicious,
http://vhittiskaupanwaffenbe.roaringlion.co/jk0oeme830.php\n,Malicious,
http://1moncureantautumisesta.furnituregalleryandsleepcenter.com/ele3se7qgp.php\nxhamster-video.com/top/ads.html?contentid=9532,Malicious,
http://zurueckseinsuppletorily.jackmacleodcoaching.com/8QFVHHofeOiNQknCOCBcegAO3E_pxfyLAiombD6YCDCCQJH6zMZ4unxNfQzuyIP9PMQBZtTB6LU=\n,Malicious,
http://jnjk.mobunykedafppw.net/6t35b531ol\nwww.emaildominion.com/77c9a683ce87189c9d8801b0c24aecef.php?q=eee9d91e80826e6d2b6672e0a3764b2b,Malicious,
http://ypipb4sjdz.mobunydafppw.info/wvcl27vzb9\nvellejaresearch.com/b/728x90.jpg?ref=coolin,Malicious,
http://jnjk.mobunykedafppw.net/pljeaovjli\nwww.emaildominion.com/77c9a683ce87189c9d8801b0c24aecef.php?q=015d4ad3c4cb8b0362ecb41fd2abbda2,Malicious,
http://fritidssysler-silviculturist.bigbearantiques.com/bfene876gs.php\n,Malicious,
http://jnjk.mobunykedafppw.net/cv080fj5l0\nwww.emaildominion.com/77c9a683ce87189c9d8801b0c24aecef.php?q=c414c946496080ab69a0e062383464c1,Malicious,
http://alu.hikonebebppw.info/KKQlMtZn8zH5AlciEl7NcaZPxWAgNBf6O20Ap_CiCdeqc8RMeaFImqJu01htWSmFxusd08PLWCY=\nalu.hikonebebppw.info/u9bpzlnhlj,Malicious,
http://xylestrixdanny_prousline.accountingheritage.com/avoncsslqk.php\n,Malicious,
http://tmb.lecopabohyxppw.info/3l4u8ke6oi\nwww.dailylick.com/7605c31cda1cbda5358eadfe573b6348.php?q=5666596122d07a6f18b72de4c9bd4456,Malicious,
http://qvwu4f.lecopabohyxppw.net/1tlgwg7ms2\nwww.dailyconsumerjournals.com/332dfdde32161e6fdc47f2f966b6f82a.php?q=5076cd746974c594f9e56526c1e6db7c,Malicious,
http://goldak-sousvergableshaped.adclap.net/Gn-EdDL-HVKAxUnj1hBTlBNMWbqSDFTVZT4mv4GU1QwsNRTXsz8iIj5WHoNDuKkF6f5dBX0dNUc=\n,Malicious,
http://ej4.hohyzutexppw.info/0gj0bdkf0e\nwww.danielfastreview.com/c27a854857a5f0ea400e1cfa9084e906.php?q=488dda8f3fcda9ab3ec1e150ddd7e0ae,Malicious,
http://fm1111.fr/4sl2rtd,Malicious,
http://mpvmeo.hikonebebppw.info/2b1kbjiyg6\nwww.danielkubus.com/68af73f5af3bccbfed003b774376e760.php?q=9d7d152a953fae415964c38fd58e031c,Malicious,
http://qvwu4f.lecopabohyxppw.net/sit4z8fw08\nwww.lavoro24.it/messaggio.php?titolo=ERRORE&testo=+DATI+MANCANTI+%3Cbr%3E++cellulare+%3C%2Fbr%3E+&redirect=candidatura_inserisci.php%3FoffertaID%3D49506%26aziendaID%3D0&rtime=3&grazie=&popup=,Malicious,
http://62ky8d6uda.luzetowegodppa.info/9tl72tml4c\nvellejaresearch.com/b/728x90.jpg?ref=coolin,Malicious,
http://mpvmeo.hikonebebppw.info/k1maivbv9f\nwww.danielkubus.com/68af73f5af3bccbfed003b774376e760.php?q=14c1cb8038a24ce3fe112d2c6ff36c69,Malicious,
http://xylestrixdanny_prousline.accountingheritage.com/SrAcrNiyV5nYMzQ1BQB8pMT-cRQRSxN5OgeBBHk8G-FrjPzfwuGdvgpFaxcZ5b9ostm1s-e5sAQ=\nxylestrixdanny_prousline.accountingheritage.com/avoncsslqk.php,Malicious,
http://tmb.lecopabohyxppw.info/3l4u8ke6oi\nwww.dailylick.com/7605c31cda1cbda5358eadfe573b6348.php?q=ebc9efad4740290d3f4791cbe5e7dc27,Malicious,
http://178.33.194.125/n1d5w01pth\nvellejaresearch.com/b/728x90.jpg?ref=coolin,Malicious,
http://62ky8d6uda.luzetowegodppa.info/19ma2u7c3b\nvellejaresearch.com/b/728x90.jpg?ref=coolin,Malicious,
http://fatt8.hikonebebppw.net/3g50eyolsb\nfityritu.activi.st/xrqz2.html,Malicious,
http://fatt8.hikonebebppw.net/wa9cdgj7v5\nwww.danhartjoy.com/1a4124270d83ae140df680c7783ba8bb.php?q=3a536ac4a9caa1363f3b2114ab6e3dfb,Malicious,
http://opjv.hikonefabebppw.net/SB8ADY5XZyncYGjtzpjgU-HKAzo-ytLu-RasHXWpdSTYC0PquCkAQrOdefx6WvFA_BIzBpoTsDA=\n,Malicious,
http://okl.hohyzuketexppw.info/5yl2o5x830\nshock.turbomingming.com/hlydav2.html,Malicious,
http://ej4.hohyzutexppw.info/7ux6osmcev\nwww.danielfastreview.com/c27a854857a5f0ea400e1cfa9084e906.php?q=ae13d960b4efedca4d4a689eba124113,Malicious,
http://pv9wfy.hikonebebppw.com/6neocklg7x\nwww.dallas-mobile-marketing.com/d764a4f4ca5569354ef4c16e0ade1b97.php?q=8c3f6f61007564c47b6e358bbe01f928,Malicious,
http://qvwu4f.lecopabohyxppw.net/ekew9eg35z\nwww.lavoro24.it/messaggio.php?titolo=Attenzione%21&testo=Password+non+corretta%2C+o+non+corrispondente+a+nessun+utente+registrato.&redirect=%2Fcandidatura_password.php%3FoffertaID%3D49506%26aziendaID%3D0&rtime=5&grazie=&popup=,Malicious,
http://qvwu4f.lecopabohyxppw.net/h47cicyhen\nwww.lavoro24.it/candidatura_password.php?offertaID=49506&aziendaID=0&user_email=biagiolapenna@gmail.com,Malicious,
http://opjv.hikonefabebppw.net/uc2tfpw85k\nwww.collegeautomotivemesa.com/535c16d4ae4720095444d029c3b7773f.php?q=2975824871bff2089674fa6b53e02e13,Malicious,
http://okl.hohyzuketexppw.info/2h4kBwWCm8DWEgTuZaGxUEegdeeyPJ7IAWWr6N3O0QyUSqDWK5HfNzfIaZXwgA3e2XHgkzt3nxk=\n,Malicious,
http://okl.hohyzuketexppw.info/q8joffz5cl\nshock.turbomingming.com/xnhn2.html,Malicious,
http://okl.hohyzuketexppw.info/5jjjz7601g\n,Malicious,
http://fxprz.hohyzuketexppw.com/yub3c5759m\nwww.collegeautomotivemesa.com/535c16d4ae4720095444d029c3b7773f.php?q=c45dc8e899c590cf1b01d80ff134da96,Malicious,
http://okl.hohyzuketexppw.info/pueih9k2ht\nwww.commondem.com/983e6bd89c343abfea652ce4341d6494.php?q=087c9c20313e1b62415b98fa20f70434,Malicious,
http://s56xr.hohyzuketexppw.info/3jyq0u2wnc\nwww.comocrearunnegociorentable.com/5f584c170bffc4494e96b140b7c6327d.php?q=7a13c1d1b21a159992927ffb43be3157,Malicious,
http://onnettomuuskonetta.kioskey.com/peiyhszp81.php\n,Malicious,
http://iintx.kioskey.com/9ys1dpmxme.php\n,Malicious,
http://onnettomuuskonetta.kioskey.com/nkeetx0t9v.php\n,Malicious,
http://onnettomuuskonetta.kioskey.com/8xlxlsiza7.php\n,Malicious,
http://profugatisquerequemazon.brockin.com/3t33w3nz7b.php\n,Malicious,
http://profugatisquerequemazon.brockin.com/favicon.ico\n,Malicious,
http://okl.hohyzuketexppw.info/gddqxf60u3\nshock.turbomingming.com/xnhn2.html,Malicious,
http://profugatisquerequemazon.brockin.com/CogmtrOuCxojXJA5kjnWjq3OcuoxjFZYDbyEH9Wyli2_KHpOqgqRNQ5pybXYuW2-ExTPtqaNTI8=\n,Malicious,
http://onnettomuuskonetta.kioskey.com/vys8jzasih.php\n,Malicious,
http://two.nertriko.biz/jfiwcc6d5j\nwww.closedesignclientsnow.com/f863610ad6417ef394ceaff69183f4b0.php?q=80420975c1d24816ab45f30a5717eebd,Malicious,
http://okl.hohyzuketexppw.info/3e37qctaz7\nshock.turbomingming.com/xnhn2.html,Malicious,
http://onnettomuuskonetta.kioskey.com/9uud10jkw8.php\n,Malicious,
http://okl.hohyzuketexppw.info/dfa5t1duY6GkJYKB46mxQRqPMPylQ_9dJw4GIGgao_kzC_tpTR5OomD1KbI8nMJpIJJc7EWZFpA=\n,Malicious,
http://okl.hohyzuketexppw.info/5jjjz7601g\nwww.commondem.com/983e6bd89c343abfea652ce4341d6494.php?q=a3ec22187311ed216f2fe1e08db53a20,Malicious,
http://onnettomuuskonetta.kioskey.com/2tazyosjzo.php\n,Malicious,
http://iintx.kioskey.com/w76vao77ay.php\n,Malicious,
http://okl.hohyzuketexppw.info/zaHXs7CG9SGXFtAbL4QmH-Z2MfhJ0T39ZHm36kplKsZNe8WJpBIH0TNxDdtcdd7H1S1KZA==\n,Malicious,
http://onnettomuuskonetta.kioskey.com/qe4smd8a1j.php\n,Malicious,
http://frr3i.hikonefabebppw.net/g1efmo5smh\nwww.coachingsuccessuniversity.com/ac3109fa441a4d3258b5ffc27ce0c59d.php?q=14c1cb8038a24ce3fe112d2c6ff36c69,Malicious,
http://fxprz.hohyzuketexppw.com/e3y40iiyw8\nwww.collaborativegeek.com/0f1fa6702fc8a1ce9839b336316945ed.php?q=25f8c816b24f3a5b2e5331546a507aaa,Malicious,
http://onnettomuuskonetta.kioskey.com/q96dmnwesx.php\n,Malicious,
http://okl.hohyzuketexppw.info/xlukxoumgf\nshock.turbomingming.com/xnhn2.html,Malicious,
http://onnettomuuskonetta.kioskey.com/7l8jo4wi9z.php\n,Malicious,
http://8z2d8.hohyzuketexppw.com/a3ye3e2lwm\nwww.collaborativegeek.com/0f1fa6702fc8a1ce9839b336316945ed.php?q=d7ef854cd51d25e1bfd73511b112c331,Malicious,
http://hf0.hikonefabebppw.info/4gu1ycjskf\nwww.lavoro24.it/messaggio.php?titolo=Candidatura&testo=Per+poterti+candidare%2C+all%27offerta+di+lavoro+da+te+selezionata%2C+devi+essere+registrato+al+nostro+portale.+Effettua+l%27accesso+oppure+registrati.&redirect=login.php&rtime=7&grazie=&popup=,Malicious,
http://u3m2.hohyzuketexppw.info/90etx6cz4k\nwww.comocrearunnegociorentable.com/5f584c170bffc4494e96b140b7c6327d.php?q=0d9ebb5954f86ccffedf05fb6bc25e99,Malicious,
http://horreauxbusang.epicboardshop.com/hce2vwick9.php\n,Malicious,
http://fxprz.hohyzuketexppw.com/ypiom5ok31\nwww.collegeautomotivemesa.com/535c16d4ae4720095444d029c3b7773f.php?q=79a0d7c9d9107fa59aaa6a1595cbff6e,Malicious,
http://onnettomuuskonetta.kioskey.com/wy3y5q0ewp.php\n,Malicious,
http://opjv.hikonefabebppw.net/ufluh1oasw\nwww.collegeautomotivemesa.com/535c16d4ae4720095444d029c3b7773f.php?q=609272b50fe5e1c046a89e9e3a065e2e,Malicious,
http://okl.hohyzuketexppw.info/3e37qctaz7\nmonst.wallpaperstravel.com/pllhq2.html,Malicious,
http://g8yfj7.hikonefabebppw.info/zhnyyg2fum\nwww.coachingsuccessstories.com/c28013a0c3d4f5ba46bb854b1cf5e3cf.php?q=cbb4c0081b3f000d02a6c1cb0adb425d,Malicious,
http://fxprz.hohyzuketexppw.com/y0us5kvm9e\nwww.collegedealstraining.com/ef7b074b6035f2df6ac42bf7d6ad126f.php?q=eae5491e134da5aa916f0bb3b376bbbe,Malicious,
http://okl.hohyzuketexppw.info/-nzHxdGM41R4T_To-0MoMtHXuW911ctp2oQhF1Dv0-nRdwGa13yHn1WB7c_g3nX5UxjjB4ugxog=\n,Malicious,
http://okl.hohyzuketexppw.info/jxoCRXynopK_rcjjQrZPWX-xuSF4DhQW_2Prbg-HByXory9H_sBF1kDmf1F2XhsU5RIYXAeoLmI=\n,Malicious,
http://okl.hohyzuketexppw.info/9ffa80vesi\nshock.turbomingming.com/xnhn2.html,Malicious,
http://okl.hohyzuketexppw.info/gtx6qwe5q2\nshock.turbomingming.com/xnhn2.html,Malicious,
http://onnettomuuskonetta.kioskey.com/vsvqyui19q.php\n,Malicious,
http://u3m2.hohyzuketexppw.info/2osn6k0kx9\nwww.comocrearunnegociorentable.com/5f584c170bffc4494e96b140b7c6327d.php?q=ed8c01dcf3b322ae85e1c6a8e23644ee,Malicious,
http://z6ztd0emqf.naqycirefujppa.info/6959keq6vk\nvellejaresearch.com/b/728x90.jpg?ref=coolin,Malicious,
http://okl.hohyzuketexppw.info/bykskfcc6z\nwww.commondem.com/983e6bd89c343abfea652ce4341d6494.php?q=9bb019f05718c6975cfc14a0227aac3a,Malicious,
http://profugatisquerequemazon.brockin.com/LtOF8pAeuZ4nWpC6OWrRNiKpP6y2Rt3begy9e6XJn3InZQIgv3QMJygnTEeaDkhL2DJnm_WxAqc=\n,Malicious,
http://thkd5s.hikonefabebppw.net/95n85egxwq\nwww.lavoro24.it/la_spezia/addetto_vendita_part_time-58004.html,Malicious,
http://okl.hohyzuketexppw.info/uCLoSoseBvsurz1rit3bCtpQOQQd36pd-o1tvd7ViNW_tI_d66Wso0xGSPHZz7anBmgXSvpqCB8=\n,Malicious,
http://5qta.hohyzuketexppp.info/ud95xt4bz9\nwww.buyyoutubeviews-z.com/7aea74cf2d22a984d6756812c4ac2640.php?q=08e5d095ac7e2d3921dd65533ebf5d53,Malicious,
http://one.hutyerfliop.biz/9uie3k5ysb\nwww.charlesnjohnson.com/6c82beafbdc461c912f24f3d184bc287.php?q=d17689697e53ab26b2b73ad60b693d04,Malicious,
http://o484j.luzetowegodppp.com/nvb4lhivie\nwww.capital-visions.com/c51484d8e53e7b41c6388c3999a54b99.php?q=db4a1d9012f76e79b776f2de2e44efad,Malicious,
http://l47km.hikonefabebppp.com/l1b6wtbgdp\nwww.businesssuccessmembers.com/103710a93983c8d493c63f6de012320e.php?q=5a2ae5a35c31e87a084ab2d315cf7f47,Malicious,
http://one.hutyerfliop.biz/9cgiik372u\nwww.charlesnjohnson.com/6c82beafbdc461c912f24f3d184bc287.php?q=cb256612514d530dc2941e5c2d12a9ad,Malicious,
http://three.hutyerfliop.biz/2ulwpkauk2\nwww.certifiedmiracleofmoneycoach.com/ba97639ea2ce039afdaf77f83af60ec3.php?q=a4abd3ade262cbf4d7f439f44854c295,Malicious,
http://5syh0.hikonefabebppp.com/8918uc1acl\nwww.businesssuccessmembers.com/103710a93983c8d493c63f6de012320e.php?q=9f533a5dbee7d3fbc3b12467704032c2,Malicious,
http://o484j.luzetowegodppp.com/nvb4lhivie\nwww.capital-visions.com/c51484d8e53e7b41c6388c3999a54b99.php?q=893257d5b2f18a6dfc66087373eff592,Malicious,
http://one.hutyerfliop.biz/fl876d8mbs\nwww.charlesnjohnson.com/6c82beafbdc461c912f24f3d184bc287.php?q=7d31d2ad33348bc65194258221145c7b,Malicious,
http://one.guilerty.biz/x7u6et4n6z\nwww.changeagentstraining.com/ce0d1210b45fc1d1dc16b6e54504f587.php?q=bd710f9fa95c4c444d0c65e2b06a5b6f,Malicious,
http://odmzx4.luzetowegodppp.net/ybo1zxznvi\nwww.businessfundingadvisor.com/bb527320aa6c398fab000d6e02a2884c.php?q=cdc83053ff259c3c66f159c806d1c3a4,Malicious,
http://yz0d.mobunykedafppp.com/qxgg77yv56\nwww.celebrityfatlosssecrets.com/1179841717e7284039e01c7e2851e7dd.php?q=09d0ac5fb8933fb3c2307825045a2112,Malicious,
http://t3nuh7.luzetowegodppp.info/kzu3ciuei5\nwww.carolinefaraldo.com/bdf6fd6ec8c3286fd08fcd209af9ec02.php?q=26250e453fc0dd2b30fe912d0c4aa889,Malicious,
http://o484j.luzetowegodppp.com/4liqh8o5kx\nwww.capital-visions.com/c51484d8e53e7b41c6388c3999a54b99.php?q=16bec476e3d13b2bb52b5e6ad54b2d6c,Malicious,
http://one.guilerty.biz/e5bzsup6ph\nwww.charlesnjohnson.com/6c82beafbdc461c912f24f3d184bc287.php?q=b7c2ee55da6cb470cdb2945c00c1e72f,Malicious,
http://three.guilerty.biz/ge48wwseka\nwww.charterstonecapital.com/e9c8a1e08858e8c875ae8094f191ed72.php?q=f5872854e0b6091283348d80ef3de485,Malicious,
http://9va.luzetowegodppp.info/xmswks7zkj\nwww.capital-visions.com/c51484d8e53e7b41c6388c3999a54b99.php?q=62e17c501979bb1c22ecc6ce25f4d0ad,Malicious,
http://m9pa32.lanapyxefyfppd.net/qvkxajwpj8\nwww.bposme.com/989122ec63d8d67d01d9a0e8af094446.php?q=5890900c08ca2e8f70660e5eb958b75f,Malicious,
http://vtgr7.hohyzuketexppp.com/y6p9wndaue\nwww.buyyoutubeviews-z.com/7aea74cf2d22a984d6756812c4ac2640.php?q=811dcccd90fcb2f1b3f04cc148250afb,Malicious,
http://7cj7gd.mobunykedafppp.com/t0zsastovd\nwww.celebritypetgossip.com/993f82f0f62feb7325b22bc481537fa5.php?q=95bb842a5b1b5fe7ef38e08578eb8f5f,Malicious,
http://4ge5.hikonefabebppd.net/wye0i0j3oi\nwww.bootcampgoldmine.com/c059971959b7f94ebe52a9cb18e1d158.php?q=94cd68eb06fc51b5a554a44b3e4a7d6f,Malicious,
http://tln0bymj23.gogexycoiko.net/8ta7mv5l96\nsalsomaggioreconvention.com/b/728x90.jpg?ref=coolin,Malicious,
http://7gh3.luzetowegodppp.com/y76o2uq25o\nwww.bvsyndicate.com/6bfb089406a447272d6e8bc53bdc0511.php?q=d7ef854cd51d25e1bfd73511b112c331,Malicious,
http://t3nuh7.luzetowegodppp.info/7euvpzbnjq\nwww.casasenventaenmorelos.com/db8f9d73c70300e5f72ed7483dde7658.php?q=9d55726cf9c3f5b86870629864dd0f09,Malicious,
http://m9pa32.lanapyxefyfppd.net/asyaxbo8qx\nwww.bposme.com/989122ec63d8d67d01d9a0e8af094446.php?q=2471545f63e9c66d700053bdc2daf344,Malicious,
http://kc2.lecopabohyxppd.com/qpqs3ex1dy\nwww.thanonline.com/index.php?option=com_content&view=article&id=226831:2014-04-14-04-30-10&catid=101:2009-02-08-11-30-52&Itemid=440,Malicious,
http://t3nuh7.luzetowegodppp.info/tmn1iq39ot\nwww.carolinefaraldo.com/bdf6fd6ec8c3286fd08fcd209af9ec02.php?q=b105c8041a347090d84597e22a15b12b,Malicious,
http://7t6i8xb9h9.zuryxakaxyt.net/dfadznvvyu\nxtimes.in/,Malicious,
http://luq.lecopabohyxppd.com/u7fje8ue9o\nwww.brainwavebase.com/a12dfb6621bb94a0b9e6a023dbcd45bf.php?q=5c43de453fc539b0ac1e0e24bef42b25,Malicious,
http://7gh3.luzetowegodppp.com/y76o2uq25o\nwww.bvsyndicate.com/6bfb089406a447272d6e8bc53bdc0511.php?q=1317871b9e89c0043661999d28da0537,Malicious,
http://k047.luzetowegodppp.info/uuzd7fjpov\nwww.businessfundingadvisor.com/bb527320aa6c398fab000d6e02a2884c.php?q=6ff0d7eadbfde6f7e55c7f209bb4129f,Malicious,
http://wwnh6.hikonefabebppd.com/v1094lg62b\nwww.blackboxtoovercomefibromyalgia.com/6e1312db0a31e05b74fa70077b20bcee.php?q=120dd20f65c57f0e7b53e718baba5cc8,Malicious,
http://stacg.hikonefabebppd.info/0a1zezm0ih\nwww.bolt-lightning.com/9d6e294f524666da31456526a762aff3.php?q=2408b87cdbcfa77edac9613b302748bd,Malicious,
http://ah59.hikonefabebppd.com/l0p6silexl\nadf.ly/1market.php?p=ZwCiII64NMDWAO1mMhjTUOxiLNCTJZulIhjDoN3zOQTzUMzxMYDDQMs4IEmDZNsyYUXjNYolIRjWoOw0LcCDJOtjbJ2mJIp6bIGCUdiiOwjiAIsxIImi1OviYMm2lcsiZwVi9IvtcNyjII66IIki5YvjIJny0ei=,Malicious,
http://stacg.hikonefabebppd.info/0a1zezm0ih\nwww.bolt-lightning.com/9d6e294f524666da31456526a762aff3.php?q=4343625614aaab400ea24ef9ecaaf288,Malicious,
http://wdrsm.hikonefabebppd.com/qwqitajw9d\nwww.blackboxtoovercomefibromyalgia.com/6e1312db0a31e05b74fa70077b20bcee.php?q=607129a45fe096ace93a470bcaed10d0,Malicious,
http://two.kiortnion.biz/5p8leoeoq2\nwww.bjjredondobeach.com/16ce3f791aa105cf6221e5d0f4b7dd0c.php?q=cf43e5d6643ffd46f569a4a66eb0807d,Malicious,
http://r0g2k1o6kr.hikonefabebpps.info/6pykd0amva\nsalsomaggioreconvention.com/b/728x90.jpg?ref=coolin,Malicious,
http://wwnh6.hikonefabebppd.com/51coec5tl3\nwww.blogbuilderbasics.com/95d9497e546917a8e3d6bb9035e7f633.php?q=b66e11b4180154c23ba07188a51a4c07,Malicious,
http://two.kiortnion.biz/be75x3hnns\nwww.blackandtam.com/61ec450c9b7e801421644d6b5783550c.php?q=7dfa657c3f49f07b0bf977485b7fba88,Malicious,
http://ekn.hikonefabebppd.info/29b7pk6z90\nwww.bolt-lightning.com/9d6e294f524666da31456526a762aff3.php?q=dd2aa2d3539b625072508492d6570114,Malicious,
http://wwnh6.hikonefabebppd.com/v1094lg62b\nwww.blackboxtoovercomefibromyalgia.com/6e1312db0a31e05b74fa70077b20bcee.php?q=a226ba6000a18e7bdeea5e0211aed32c,Malicious,
http://89.40.181.39/js/1.exe,Malicious,
http://qztrt4pdsf.xuqowilokyt.net/O20UsAMOyPXxIz8eTal_LcyzfHHkbXLucmTD96wU2TWHbwohgI8iva1EPBtVmbEHoO8msQ==\n,Malicious,
http://cvt5.lanapyxefyfppd.info/tpfeyjayem\nwww.bootcampmarkham.com/aac9e9a1cf22d8db9dffdfc64ed9365c.php?q=edfe84803b91571e3ff5efc52a4d24ad,Malicious,
http://ah59.hikonefabebppd.com/22euhlypl1\nwww.blackboxtoovercomefibromyalgia.com/6e1312db0a31e05b74fa70077b20bcee.php?q=0fbf5487d72ac8bed28d8cb323b68a07,Malicious,
http://ah59.hikonefabebppd.com/ma4c0ezoig\nwww.blastbellyfat.com/35c5ce4fa28e0a3927953eabffea7232.php?q=f5872854e0b6091283348d80ef3de485,Malicious,
http://wwnh6.hikonefabebppd.com/51coec5tl3\nwww.blogbuilderbasics.com/95d9497e546917a8e3d6bb9035e7f633.php?q=d40f00c96db34cafe16f8ec2779aba83,Malicious,
http://hdskm.hikonefabebppd.net/dzw8zijbag\nwww.bootcampfitnesssandiego.com/9fadc519414e4480882ae4320b7b0e6e.php?q=2c8f8d3f43014e7b9e83501cf1eb1003,Malicious,
http://dcv.lanapyxefyfppd.info/p6mmkpmcc7\nwww.bootcampincalifornia.com/f9612a1ecce1327a4114f008606f90fd.php?q=d331a5c9840bf6e19640531ea343c3e8,Malicious,
http://jhl3j.hikonefabebppd.info/kb85j53n5u\nwww.blogbuilderbasics.com/95d9497e546917a8e3d6bb9035e7f633.php?q=a4abd3ade262cbf4d7f439f44854c295,Malicious,
http://wwnh6.hikonefabebppd.com/uyyipfvwo1\nwww.blogbuilderbasics.com/95d9497e546917a8e3d6bb9035e7f633.php?q=86bc7a59dca4e83bd0de24de7ed30e6d,Malicious,
http://wv2dhvkasn.gogexycoiko.net/gy4zspkkjc\nsalsomaggioreconvention.com/b/728x90.jpg?ref=coolin,Malicious,
http://flbert1ky8.zuryxakaxyt.net/ce15p483nl\nxtimes.in/,Malicious,
http://smergelen.kindlecatena.com/zelv8w4e45\nabout.disneybyphone.com/tube/?a=1&b=newcj&ksid=130f7cd44ad49dc3691c1b306131ab30,Malicious,
http://angestiftetemureic.kindlecatena.com/wWl4AQN2XhMbWhO5FGUwiTILAxCB5K0Fz4Y6ZU0vToqCLl65V0WWQ-2OWkS3hgm3fnJM9e0OaZA=\nangestiftetemureic.kindlecatena.com/px08pjvq9h,Malicious,
http://ctzmp0lq8t.symirijibimsds.net/06l08u3utq\nad.convfunnel.com/fusionx/www/delivery/afr.php?zoneid=941&cb=35391052662,Malicious,
http://bp7whgutkm.tumijicalolsds.info/z2m29bkawd\nad.convfunnel.com/fusionx/www/delivery/afr.php?zoneid=941&cb=7992744024,Malicious,
http://viittoma.kindlecatena.com/u902gve14n\nabout.disneybyphone.com/tube/?a=1&b=newcj&ksid=130f7cd44ad49dc3691c1b306131ab30,Malicious,
http://qjhhk.sudomokojiqpps.com/4bu9v3ohaf\nholotilicga.medproshealthcare.com/bannerbox/frame.html,Malicious,
http://pothzuq2ja.kubysupamudysds.info/fewdlpva0c\nlz5erfktir.xvcerop.in/index.php?aff=dlco2ze0sz&id=73HQiqaazbO&partner=9syw4djk28,Malicious,
http://dnkl.sipocodukyrpps.net/7ko5klcc9n\nwww.doblatuproductividad.com/000ded60ea040d013384ba6eac24fdf1.php?q=766cf4760f78938de986ca9cb9c04ca8,Malicious,
http://dksfu.sipocodukyrpps.info/xomgsae38o\nwww.doblatuproductividad.com/000ded60ea040d013384ba6eac24fdf1.php?q=d512fb8e212aaaf7803465a39e46d8fa,Malicious,
http://0k9.sipocodukyrpps.com/6lgeg9mdqz\nwww.thanonline.com/index.php?option=com_content&view=article&id=163726:-itd--2----177-&catid=176:2009-06-25-09-26-02&Itemid=524,Malicious,
http://0k9.sipocodukyrpps.com/gl30h19sv2\nwww.thanonline.com/index.php?option=com_content&view=article&id=207432:2013-11-19-08-32-09&catid=107:2009-02-08-11-34-25&Itemid=456,Malicious,
http://wbuovh3z6b.tumijicalolsds.com/qijduxi6v1\n2p5biqf2v1.lecopabohyxsds.com/index.php?id=intads&campid=ju8ypxrvtq&glivestream=i23og4gzde,Malicious,
http://7hxj2kb2cj.naqycirefujisds.com/3av71klm48\nad.convfunnel.com/fusionx/www/delivery/afr.php?zoneid=1235&cb=58855591044,Malicious,
http://qjhhk.sudomokojiqpps.com/y3e4oq0eg4\nwww.doblatuproductividad.com/000ded60ea040d013384ba6eac24fdf1.php?q=eae5491e134da5aa916f0bb3b376bbbe,Malicious,
http://0k9.sipocodukyrpps.com/kt3oy0zbnj\nwww.thanonline.com/index.php?option=com_content&view=article&id=170349:lhbank--55--00333--407-&catid=176:2009-06-25-09-26-02&Itemid=524,Malicious,
http://xfd7ggdc91.jawutozasoxsds.info/ow0aub700h\nwww.hotpopups.com/filter.php?mid=1536155333b746&tu=49408,Malicious,
http://8xz4m.sudomokojiqpps.info/69tah0pil5\nholotilicga.medproshealthcare.com/bannerbox/frame.html,Malicious,
http://dksfu.sipocodukyrpps.info/j79au6esxh\nwww.doblatuproductividad.com/000ded60ea040d013384ba6eac24fdf1.php?q=f8f2595bb462509caec8087f887fce51,Malicious,
http://4d46hk9wap.lufohiqybivisds.info/ehue93otyq\nwww.hotpopups.com/filter.php?mid=15361582c7d7c0&tu=60020,Malicious,
http://qjhhk.sudomokojiqpps.com/8gq0t3c1cp\nholotilicga.medproshealthcare.com/bannerbox/frame.html,Malicious,
http://qjhhk.sudomokojiqpps.com/tD8iQZjF3hPJDknPPJBnNSycWYAiozSMHm47uRQOtf0ZozIgZzMJAJlZFvg6nx-fZrZh32MgN3U=\nqjhhk.sudomokojiqpps.com/y3e4oq0eg4,Malicious,
http://hzz.sipocodukyrpps.net/7jwij9xdcv\nwww.doblatuproductividad.com/000ded60ea040d013384ba6eac24fdf1.php?q=087c9c20313e1b62415b98fa20f70434,Malicious,
http://0k9.sipocodukyrpps.com/q2jfey1a5e\nwww.thanonline.com/index.php?option=com_content&view=article&id=228918:----4g-2100mhz-&catid=176:2009-06-25-09-26-02&Itemid=524,Malicious,
http://0k9.sipocodukyrpps.com/7eyl1v28l0\nwww.thanonline.com/index.php?option=com_content&view=article&id=227810:2014-04-22-06-13-03&catid=129:2009-02-08-11-47-38&Itemid=479,Malicious,
http://67t5uj.sudomokojiqpps.com/30hyjfnzb4\nwww.doblatuproductividad.com/000ded60ea040d013384ba6eac24fdf1.php?q=8683f1764a2c2be26a04ab61790f6cf5,Malicious,
http://ntoo6usskf.lufohiqybivisds.info/1jc3zgqyqg\n7nbe3qdcn3.cvhenckd.in/index.php?id=intads&campid=zk32rksv7y&glivestream=vhylalgnqp,Malicious,
http://qjhhk.sudomokojiqpps.com/y376cps2eZALTT0u_oi2N8Rl1_BPy5YN_hriH0BlIrmYfua3hSO2NKkA_47L2RNjp75z_g8L-pE=\nqjhhk.sudomokojiqpps.com/4bu9v3ohaf,Malicious,
http://jp1wq.lucirabydevpps.info/6oiy6z5u6v\nwww.doblatuproductividad.com/000ded60ea040d013384ba6eac24fdf1.php?q=7445350e9ae8618a2b4affbe89588c29,Malicious,
http://cixtor4mfd.bimowamokykzzx.info/ceiui8y8bg\n,Malicious,
http://8xz4m.sudomokojiqpps.info/tzimoib9hi\nholotilicga.medproshealthcare.com/bannerbox/frame.html,Malicious,
http://oyd2s.fubyxoresabpps.info/dsy4s1qaib\nwww.doblatuproductividad.com/000ded60ea040d013384ba6eac24fdf1.php?q=609272b50fe5e1c046a89e9e3a065e2e,Malicious,
http://k51iyk.fubyxoresabpps.com/m1eu01vvmp\nwww.doblatuproductividad.com/000ded60ea040d013384ba6eac24fdf1.php?q=ca64d1b91c734217b8f9e5b4bcad6ff4,Malicious,
http://fe5.padudopacyjpps.info/9spjcxzusv\nwww.doblatuproductividad.com/000ded60ea040d013384ba6eac24fdf1.php?q=ad6e8927a39c441208f7f98b9f1e76e7,Malicious,
http://8xz4m.sudomokojiqpps.info/fu52H3MDuthGzJIeZemZxWMT2yUsb_HwJuarihb8ATylMAw_obXbgw8DAThj0DPMY8NMlwUkGUw=\n8xz4m.sudomokojiqpps.info/tzimoib9hi,Malicious,
http://ugwpc.bimowamokykpps.net/hlmxedz1x7\nwww.doblatuproductividad.com/000ded60ea040d013384ba6eac24fdf1.php?q=9548281190ce91dc5defdad264aff2a4,Malicious,
http://hxjuw0z03w.gufysorimirezzx.info/3dv5sp53n2\n852krd3o9e.pygubesykilsds.info/index.php?aff=1inyz4k6a6&id=73HQiqaazbO&partner=ssfz1ynhyz,Malicious,
http://0yuq.padudopacyjpps.com/jhufqjew2h\nwww.doblatuproductividad.com/000ded60ea040d013384ba6eac24fdf1.php?q=2fdf0b40c812db3e482c72f4a7605f72,Malicious,
http://jp1wq.lucirabydevpps.info/edb7fkwk6h\nwww.doblatuproductividad.com/000ded60ea040d013384ba6eac24fdf1.php?q=44c833c1a4c159af39b474e58ea4974b,Malicious,
http://cke8q1.lucirabydevpps.info/v0lt8ven1z\nwww.doblatuproductividad.com/000ded60ea040d013384ba6eac24fdf1.php?q=30e2b8d2874c2d442b0f25591dc21702,Malicious,
http://jp1wq.lucirabydevpps.info/2hch1igt4i\nwww.doblatuproductividad.com/000ded60ea040d013384ba6eac24fdf1.php?q=cdc83053ff259c3c66f159c806d1c3a4,Malicious,
http://jp1wq.lucirabydevpps.info/cd4whe6df4\nwww.doblatuproductividad.com/000ded60ea040d013384ba6eac24fdf1.php?q=9415ce9bc9c2a0f41e38bd7d3e9d202c,Malicious,
http://k51iyk.fubyxoresabpps.com/m1eu01vvmp\nwww.doblatuproductividad.com/000ded60ea040d013384ba6eac24fdf1.php?q=9f533a5dbee7d3fbc3b12467704032c2,Malicious,
http://jp1wq.lucirabydevpps.info/1tymsv8b5q\nwww.doblatuproductividad.com/000ded60ea040d013384ba6eac24fdf1.php?q=1bfafa73ee738ad4bfac8e75db6b912e,Malicious,
http://c4n1q.padudopacyjpps.net/5hg6xqkxwb\nwww.doblatuproductividad.com/000ded60ea040d013384ba6eac24fdf1.php?q=293b39ffc29128d3c0ba73c6d230af96,Malicious,
http://jp1wq.lucirabydevpps.info/emqtoxclk9\nwww.doblatuproductividad.com/000ded60ea040d013384ba6eac24fdf1.php?q=0d7b158348ae52cb7b6ba8107059ce4d,Malicious,
http://cke8q1.lucirabydevpps.info/xip0nkc7f0\nwww.doblatuproductividad.com/000ded60ea040d013384ba6eac24fdf1.php?q=468ec4dfdf03a416f932e6006e245223,Malicious,
http://2hs2kujyus.gufysorimirezzx.info/mhkief5cse\n,Malicious,
http://cke8q1.lucirabydevpps.info/zla4u55jxc\nwww.doblatuproductividad.com/000ded60ea040d013384ba6eac24fdf1.php?q=00d99394125a37085e8f4f81ddee3c18,Malicious,
http://0yuq.padudopacyjpps.com/jhufqjew2h\nwww.doblatuproductividad.com/000ded60ea040d013384ba6eac24fdf1.php?q=7d31d2ad33348bc65194258221145c7b,Malicious,
http://h57cx1bxzb.gufysorimirezzx.info/6s7xsxexcc\nyu49ccygf7.yfdonmf.in/index.php?id=intads&campid=lc1wjpv8ac&glivestream=e9mqc8hkwu,Malicious,
http://fe5.padudopacyjpps.info/0nll76nzle\nwww.doblatuproductividad.com/000ded60ea040d013384ba6eac24fdf1.php?q=a4abd3ade262cbf4d7f439f44854c295,Malicious,
http://cke8q1.lucirabydevpps.info/b1318z6xeh\nwww.doblatuproductividad.com/000ded60ea040d013384ba6eac24fdf1.php?q=015d4ad3c4cb8b0362ecb41fd2abbda2,Malicious,
http://95grik1s1i.jekacekydibaccs.info/bqtaswix1g\nov4erg0q8w.lijemyduredusds.com/index.php?aff=7nubypnt8q&id=73HQiqaazbO&partner=5wltvcafk0,Malicious,
http://oyd2s.fubyxoresabpps.info/ctx1ln6s19\nwww.doblatuproductividad.com/000ded60ea040d013384ba6eac24fdf1.php?q=23464aaa88a121cf528352a4465063f6,Malicious,
http://fsop7t3wx2.bimowamokykzzx.info/3gmqbv024u\ngyyur1a0vc.asoytujn.in/index.php?id=intads&campid=xgo7ok7q3h&glivestream=opkawowkdz,Malicious,
http://oyd2s.fubyxoresabpps.info/jbkgmfe2ow\nwww.doblatuproductividad.com/000ded60ea040d013384ba6eac24fdf1.php?q=51c16f0a8990e15bdd19943f0395d244,Malicious,
http://oyd2s.fubyxoresabpps.info/5k8oodecwm\nwww.doblatuproductividad.com/000ded60ea040d013384ba6eac24fdf1.php?q=d7ef854cd51d25e1bfd73511b112c331,Malicious,
http://ijoj2y.lucirabydevpps.info/fsf2gaiofp\nwww.doblatuproductividad.com/000ded60ea040d013384ba6eac24fdf1.php?q=7551111e2ec6b3122270b657d1a504d2,Malicious,
http://m4gq9m.bimowamokykpps.info/yftj5zzl1f\nwww.doblatuproductividad.com/000ded60ea040d013384ba6eac24fdf1.php?q=d331a5c9840bf6e19640531ea343c3e8,Malicious,
http://524pl17pl6.gubuhacolifysds.info/fffglcln98\n7idt3g8t1u.asoytujn.in/index.php?id=intads&campid=kqlbdctzdu&glivestream=qmo6vkj8ox,Malicious,
http://0yuq.padudopacyjpps.com/j4db4s21m8\nwww.doblatuproductividad.com/000ded60ea040d013384ba6eac24fdf1.php?q=b259b3a816f655e06489517215043992,Malicious,
http://uo7.bimowamokykpps.info/s4weipbdi6\nwww.doblatuproductividad.com/000ded60ea040d013384ba6eac24fdf1.php?q=163883f302372491364b8c6d408f509e,Malicious,
http://oyd2s.fubyxoresabpps.info/di4ajdyuuq\nwww.doblatuproductividad.com/000ded60ea040d013384ba6eac24fdf1.php?q=2471545f63e9c66d700053bdc2daf344,Malicious,
http://ijoj2y.lucirabydevpps.info/fsf2gaiofp\nwww.doblatuproductividad.com/000ded60ea040d013384ba6eac24fdf1.php?q=c956fe2adc9985283abc0fcdc510250c,Malicious,
http://41yqe.bimowamokykpps.info/y84cig7l34\nwww.doblatuproductividad.com/000ded60ea040d013384ba6eac24fdf1.php?q=0fbf5487d72ac8bed28d8cb323b68a07,Malicious,
http://urt7.fubyxoresabpps.com/h4hf6gx5e5\nwww.doblatuproductividad.com/000ded60ea040d013384ba6eac24fdf1.php?q=33c273ba2dd2c003c9f82219e6f0c4c0,Malicious,
http://m1m55k9tb4.bimowamokykzzx.com/esyi2o9e0v\nwww.todobulla.cl/,Malicious,
http://cixtor4mfd.bimowamokykzzx.info/ceiui8y8bg\n70mgdlvkfz.yfdonmf.in/index.php?aff=t3o4orswnt&id=73HQiqaazbO&partner=yd3u1ydbiu,Malicious,
http://oyd2s.fubyxoresabpps.info/ctx1ln6s19\nwww.doblatuproductividad.com/000ded60ea040d013384ba6eac24fdf1.php?q=46a853cf8b615a1411758984966254c6,Malicious,
http://xstsa3.bimowamokykpps.com/eyyy6sg_HqkC9hXmM6v1CqYf1XvPtBqSRU-FSs68DHceNPXF\n,Malicious,
http://gdc1.bimowamokykpps.net/jyh3msmv6t\ncorriente.us/tag/cattle/,Malicious,
http://gdc1.bimowamokykpps.net/jyh3msmv6t\nwww.doblatuproductividad.com/000ded60ea040d013384ba6eac24fdf1.php?q=edfe84803b91571e3ff5efc52a4d24ad,Malicious,
http://uo7.bimowamokykpps.info/fmp1qjosvw\nwww.doblatuproductividad.com/000ded60ea040d013384ba6eac24fdf1.php?q=ff58e20399568310005e646a3d4f658d,Malicious,
http://41yqe.bimowamokykpps.info/BY5N_tnsnD-SI5MVBKD4tF2dwsnmiNp8-sGYFeS7Aw1qa8kE\n41yqe.bimowamokykpps.info/l5t6y5wiw0,Malicious,
http://ycwjacy1m8.bimowamokykzzx.net/lK4vvRy5qsLdMi4KWmwCMBvKVIYgPX14Ktq63LYIDfGRj4AH\n,Malicious,
http://uo7.bimowamokykpps.info/8qe5x9e13c\nwww.doblatuproductividad.com/000ded60ea040d013384ba6eac24fdf1.php?q=e1ca056f851c62da54089ebdfe6bab0f,Malicious,
http://p1ed6d5qr8.gufysorimirezzx.info/uyevw6kbxv\no9wqzcchpe.sudomokojiqzzx.com/index.php?aff=i2ifz92ycb&id=73HQiqaazbO&partner=5s9y35tjnh,Malicious,
http://m4gq9m.bimowamokykpps.info/xgu1fupnxl\nwww.doblatuproductividad.com/000ded60ea040d013384ba6eac24fdf1.php?q=82af19bc7272e9c6dae5587f43503c85,Malicious,
http://gcb6yq9bz0.bimowamokykzzx.com/63ee96t0se\nwww.todobulla.cl/,Malicious,
http://1nsd.bimowamokykpps.com/Globals.class\n,Malicious,
http://xstsa3.bimowamokykpps.com/mo9zxytyu4\nwww.doblatuproductividad.com/000ded60ea040d013384ba6eac24fdf1.php?q=8fcc4e800c3691b4b9342de760bfa9c0,Malicious,
http://ycwjacy1m8.bimowamokykzzx.net/lxhhul9kux\nw27p6vev5u.xamufaqaqobzzx.info/index.php?aff=dss1h2wywp&id=73HQiqaazbO&partner=leybjb7p4p,Malicious,
http://uo7.bimowamokykpps.info/9870juu84c\nwww.doblatuproductividad.com/000ded60ea040d013384ba6eac24fdf1.php?q=a0dc71992f22a01e4cebd0df20acf334,Malicious,
http://xstsa3.bimowamokykpps.com/tpo5qux8th\nwww.doblatuproductividad.com/000ded60ea040d013384ba6eac24fdf1.php?q=13e07ab18ef18600417b4e4116c69f92,Malicious,
http://cvv725k884.bimowamokykzzx.com/p3k34deg9x\nwww.todobulla.cl/que-nombre-debe-llevar-el-estadio-de-la-u,Malicious,
http://p1ed6d5qr8.gufysorimirezzx.info/hb6ykmdgzb\no9wqzcchpe.sudomokojiqzzx.com/index.php?aff=i2ifz92ycb&id=73HQiqaazbO&partner=5s9y35tjnh,Malicious,
http://1nsd.bimowamokykpps.com/GDSM3ZfQtFllt9C6n3zNXyCkUlHYKLd0csDr07eEiG3HZar8\n,Malicious,
http://uo7.bimowamokykpps.info/8qe5x9e13c\nwww.doblatuproductividad.com/000ded60ea040d013384ba6eac24fdf1.php?q=7dfa657c3f49f07b0bf977485b7fba88,Malicious,
http://41yqe.bimowamokykpps.info/l5ydi041az\nwww.doblatuproductividad.com/000ded60ea040d013384ba6eac24fdf1.php?q=d85c1ccb9fb86a6ddb920be219098d15,Malicious,
http://y7o3lvh49l.bimowamokykzzx.info/77lbv2zb1m\nwww.hotpopups.com/filter.php?mid=1535e6fb7cc266&tu=54947,Malicious,
http://41yqe.bimowamokykpps.info/l5t6y5wiw0\nturbo.bitdocument.com/dyxxu2.html,Malicious,
http://1nsd.bimowamokykpps.com/27zqz8niq0\nwww.doblatuproductividad.com/000ded60ea040d013384ba6eac24fdf1.php?q=7a13c1d1b21a159992927ffb43be3157,Malicious,
http://1qwh.bimowamokykpps.net/ea11lj8ij2\nwww.doblatuproductividad.com/000ded60ea040d013384ba6eac24fdf1.php?q=03647a67688972d2c68c700e52a67004,Malicious,
http://uo7.bimowamokykpps.info/4yw7ec86ow\nwww.doblatuproductividad.com/000ded60ea040d013384ba6eac24fdf1.php?q=4e10c9957cffdb10d594509a4ad4af15,Malicious,
http://ycwjacy1m8.bimowamokykzzx.net/favicon.ico\n,Malicious,
http://41yqe.bimowamokykpps.info/6y4daps5pa\nwww.doblatuproductividad.com/000ded60ea040d013384ba6eac24fdf1.php?q=c414c946496080ab69a0e062383464c1,Malicious,
http://swissamericanaluevalvontakyky.boardgamedistrict.com/ncjb2hqw8o\ntag.tlvmedia.com/?id=104019_151405&ad_type=banner&ad_size=300x250&referrer=$REFURL$,Malicious,
http://vxo6ucgg01.pimyhemeqahwsed.com/el4yw1wl59\ne18maeowv8.wexeposypolwsed.com/index.php?aff=htsvx5l6p7&id=73HQiqaazbO&partner=wf491wne2d,Malicious,
http://reklamegburlile.officialstore.org/awmqfuqne9\nadserving.mediatrafficreports.com/newServing/go.php?nid=1&cpx=cpv&uid=31824875424517&pid=320877&sid=536308&spid=360&kw=channel%3AAdult&af=3&rf=0&curl=http%3A%2F%2Fdownloadindia.com%2F&chkjs=45314518+60,Malicious,
http://ycwjacy1m8.bimowamokykzzx.net/0y3_ULPi-zg8v9NakANyxOn4U3RjcGZaDfVLJT0KYoLymDsN\n,Malicious,
http://41yqe.bimowamokykpps.info/a4xvndii7v\nwww.doblatuproductividad.com/000ded60ea040d013384ba6eac24fdf1.php?q=653c59c966c68f6bb0f5406721d29fd2,Malicious,
http://1zwfqo12ix.zexutyjocujqazs.info/66d3zo31pu\nni51poqcvb.wexeposypolwsed.com/index.php?id=intads&campid=0nzkttjiqe&glivestream=jkadevu7zx,Malicious,
http://21oq88trjd.drefcvest.in/s1eji0kjw1\n,Malicious,
http://xgtjdh2d8y.xamorafurawqazs.info/fs9zvqwjgy\nnrqn717q81.qyrelupeduziwsed.net/index.php?aff=zwzvwk7am0&id=73HQiqaazbO&partner=mcbuv14dwy,Malicious,
http://nylx5gmlbo.fekazutegyfwsed.com/ez3p8x2b0d\nfvnksg7015.wexeposypolwsed.info/index.php?id=intads&campid=5i40y4l1ax&glivestream=r709xtrfki,Malicious,
http://egk1vjx8cz.cynesuwecyrwsed.net/7i7b54x4no\nwww.hotpopups.com/filter.php?mid=15358c6828d02d&tu=59969,Malicious,
http://co8bo23vsd.mymazisocimowsed.com/nb9zatf4tk\nwww.hotpopups.com/filter.php?mid=15357f73305c2b&tu=34738,Malicious,
http://vvxsr3uvn3.mailprofit.eu/2cnzlihve5\n6qxbs1i534.012321324423.com.de/index.php?id=intads&campid=66wmr73ar1&glivestream=va5o1wg45i,Malicious,
http://9py8y2vyv5.cynesuwecyrwsed.info/eg1548xgt6\nor44z26l1e.zexutyjocujwsed.net/index.php?aff=9jvvqhzb5n&id=73HQiqaazbO&partner=hn1wsiebxe,Malicious,
http://mail.globaltechresearch.org/,Malicious,
http://dr-gottlob-institut.de/11.exe,Malicious,
http://filling-machine-india.com/images/1.exe,Malicious,
http://files.karamellasa.gr/tvcs_russia/2.exe,Malicious,
http://www.shu-versicherungsvergleich.de/loader.exe,Malicious,
http://segurgestion.es/1.bin,Malicious,
http://golestangallery.com/333%283%29.exe,Malicious,
http://intropitch.com/1.bin,Malicious,
http://alecctv.com/modules/webstat/finanzgruppe_volksbanken_ne,Malicious,
http://homedecorplan.com/wp-content/themes/webstat/finanzgruppe_volksbanken_ne,Malicious,
http://fpc-lvks.org/modules/telekom/telekom_deutschland_gmbh,Malicious,
http://highpointrealtylv.com/wp-content/plugins/telekom/telekom_deutschland_gmbh,Malicious,
http://guitarsmusicalinstrumentsstore.c7chord.com/wp-content/themes/webstat/finanzgruppe_volksbanken_ne,Malicious,
http://fpc-lvks.org/modules/telekom/vodafone_onlinerechnung,Malicious,
http://highpointrealtylv.com/wp-content/plugins/telekom/vodafone_onlinerechnung,Malicious,
http://lea-economia.com/wp-content/plugins/telekom/telekom_deutschland_gmbh,Malicious,
http://lea-economia.com/wp-content/plugins/telekom/vodafone_onlinerechnung,Malicious,
http://oceanmemorial.net/plugins/user/webstat/deutsche_telekom_ag,Malicious,
http://proyectokokoro.org/wp-content/plugins/telekom/vodafone_onlinerechnung,Malicious,
http://proyectokokoro.org/wp-content/plugins/telekom/telekom_deutschland_gmbh,Malicious,
http://progettocrea.org/wp-content/themes/telekom/vodafone_onlinerechnung/,Malicious,
http://vait.net/wp-content/themes/telekom/telekom_deutschland_gmbh,Malicious,
http://ritsoperrol.ru/,Malicious,
http://torosakiskan.com/modules/telekom/vodafone_onlinerechnung,Malicious,
http://www.catherinemarcus.com/wp-content/plugins/telekom/vodafone_onlinerechnung,Malicious,
http://www.catherinemarcus.com/wp-content/plugins/telekom/telekom_deutschland_gmbh,Malicious,
http://lionhub.com.au/wp-content/themes/webstat/fiducia_it,Malicious,
http://zerowords.com/wp-content/plugins/telekom/telekom_deutschland_gmbh,Malicious,
http://inspirasiproperty.com/wp-content/themes/webstat/fiducia_it,Malicious,
http://mesologos.nl/wp-content/themes/webstat/fiducia_it,Malicious,
http://limaonline.net/wp-content/themes/*,Malicious,
http://klettur.bk-sh.com/wp-content/themes/webstat/fiducia_it,Malicious,
http://hospaccx.in/wp-content/themes/webstat/fiducia_it,Malicious,
http://nopeatech.hu/wp-content/themes/webstat/vodafone_service_d2,Malicious,
http://nopeatech.hu/wp-content/themes/webstat/mail_rechnung_pdf,Malicious,
http://nopeatech.hu/wp-content/themes/webstat/rechnungonline_telekom_rt,Malicious,
http://nopeatech.hu/wp-content/themes/webstat/fiducia_it,Malicious,
http://nopeatech.hu/wp-content/themes/webstat/finanzgruppe_volksbanken_ne,Malicious,
http://nopeatech.hu/wp-content/themes/webstat/kundencenter_mobilfunk,Malicious,
http://nopeatech.hu/wp-content/themes/webstat/deutsche_telekom_ag,Malicious,
http://nopeatech.hu/wp-content/themes/webstat/telekom_deutschland_gmbh,Malicious,
http://nopeatech.hu/wp-content/themes/webstat/online_v2_vodafone_team,Malicious,
http://nopeatech.hu/wp-content/themes/webstat/vodafone_onlinerechnung,Malicious,
http://122.224.34.75:8188/rewgtf3er4t,Malicious,
http://122.224.34.75:8188/sdmfdsfhjfe,Malicious,
http://122.224.34.75:8188/gfhjrtfyhuf,Malicious,
http://122.224.34.75:8188/ferwfrre,Malicious,
http://122.224.34.75:8188/root,Malicious,
http://122.224.34.75:8188/gfhddsfew,Malicious,
http://122.224.34.75:8188/dsfrefr,Malicious,
http://122.224.34.75:8188/sfewfesfs,Malicious,
http://www.dgnfd564sdf.com:8080/gfhjrtfyhuf,Malicious,
http://www.dgnfd564sdf.com:8080/gfhddsfew,Malicious,
http://www.dgnfd564sdf.com:8080/sfewfesfs,Malicious,
http://www.dgnfd564sdf.com:8080/rewgtf3er4,Malicious,
http://www.dgnfd564sdf.com:8080/ferwfrre,Malicious,
http://www.dgnfd564sdf.com:8080/dsfrefr,Malicious,
http://www.dgnfd564sdf.com:8080/sdmfdsfhjfe,Malicious,
http://103.31.186.19:1000/FetchIP.aspx,Malicious,
http://69.197.14.111/images/imag,Malicious,
http://80.224.32.4/test,Malicious,
http://update.windowsautoupdate.com:443/index0000,Malicious,
http://www.screenblaze.com/scrdl.php?id=,Malicious,
http://www.screenblaze.com/scr2.php?id=,Malicious,
http://mirefocus.com/kb2484033.exe,Malicious,
http://84.234.71.214:8080/460326245047F2B6E405E92260B09AA0E35D7CA2B1,Malicious,
http://91.109.17.189/,Malicious,
http://106.186.17.60/,Malicious,
http://46.30.41.98/werqfGADSHAJWe/file.php,Malicious,
http://46.30.41.217/street/file.php,Malicious,
http://sdspropro.co.ua/1123asdASdqeqwoijlkj/file.php,Malicious,
http://46.30.41.23/AshjkyuiHKJLuhjka/file.php,Malicious,
http://46.30.41.51/WBHJSAKJghasjkdJHAGSDAu8/file.php,Malicious,
http://delprizmanet.com/hjkl123678qwe12lkj012/file.php,Malicious,
http://46.30.43.93/WhjyyuqwvbnqwjhERW/file.php,Malicious,
http://46.30.41.118/QHasdHJsadbnMQWe/file.php,Malicious,
http://sdspropro.co.ua/rrrguudness/file.php,Malicious,
http://atampy.com/wordpress/wp-includes/pomo/dx.php,Malicious,
http://7adharat.com/forum/includes/search/index_search.php?id=,Malicious,
http://anymax.ru/modules/mod_search/source.php,Malicious,
http://artem.sataev.com/blog/wp-includes/pomo/src.php?id=,Malicious,
http://atampy.com/wordpress/wp-includes/pomo/dx.php?id=,Malicious,
http://ask.az/chat/cgi-bin/source.php,Malicious,
http://abainternationaltoursandtravel.com/hiking_Safaris/source.php?id=,Malicious,
http://alpikaclub.com/wp-includes/pomo/idx.php?id=,Malicious,
http://baneh2net.com/wp-includes/pomo/idx.php,Malicious,
http://geointeres.com/engine/modules/source.php?id=,Malicious,
http://cadlab.ru/components/com_search/com_search.php,Malicious,
http://iqaws.com/catalog/install/source.php?id=,Malicious,
http://fcderby.com/ajax/ajax/ajx.php?id=,Malicious,
http://ijbeta.com/wp-includes/pomo/dx.php?id=,Malicious,
http://fasdalf.ru/modules/forum/forum-src.php,Malicious,
http://giant99.com/site-admin/pages/source.php?id=,Malicious,
http://finadmition.ru/wp-includes/pomo/idx.php,Malicious,
http://familienieuwland.com/Schotland_files/_vti_cnf/index2.php?id=,Malicious,
http://fortexcompany.ru/forms/FCKeditor/editor/plugins/bbcode/fckplugin.php,Malicious,
http://bukzahid.org.ua/engine/modules/src.php?id=,Malicious,
http://insurancelower.com/tareas/include/_php.php?id=,Malicious,
http://mahsms.ir/wp-includes/pomo/dtsrc.php,Malicious,
http://motorjo.com/z/j/tiny_mce/plugins/media/source.php?id=,Malicious,
http://ogizni.ru/wp-includes/pomo/idx.php,Malicious,
http://naturexperts.com/themes/bluemarine/node.php?id=,Malicious,
http://radiolocator.ru/includes/domit/dom_xmlrpc_builder_src.php,Malicious,
http://motahariblog.com/core/date/date.php?id=,Malicious,
http://pekanin.freevar.com/include/template/isx.php?id=,Malicious,
http://light-idea-10/idx.php?id=,Malicious,
http://rubyup.com/zmods/includes/idx.php?id=,Malicious,
http://shwandukani.ueuo.com/modules/mod_search/mod_research.php?id=,Malicious,
http://topstonet.ru/modules/mod_search/source.php,Malicious,
http://rcdm-global.de/plugins/search/content/source.php?id=,Malicious,
http://theluvsite.com/modules/search/src.php?id=,Malicious,
http://raznyi-content.ru/wp-includes/pomo/idx.php,Malicious,
http://rchdmtnez.com/modules/mod_search/source.php?id=,Malicious,
http://swissitaly.com/includes/phpmailer/class.pop3.php?id=,Malicious,
http://www.cetlot.com/wp-includes/pomo/idx.php?id=,Malicious,
http://www.activateav.com/wp-includes/pomo/dx.php?id=,Malicious,
http://www.a-knoblach.de/russland-blog/functions/locnav/pfeil_src.php?id=,Malicious,
http://www.espadonline.com/forum/includes/block/source.php?id=,Malicious,
http://wmr.ueuo.com/advertisers/TEMP/dbaza.php?id=,Malicious,
http://tripstoasia.com/wp-content/plugins/idx.php?id=,Malicious,
http://www.jterps.com/wp-includes/pomo/idx.php?id=,Malicious,
http://www.jklgdf789dh43.com/7890890778yer/rtrtyr/rty/rty/ery/er.php?id=,Malicious,
http://www.soluciones4web.com/wp-includes/pomo/dx.php?id=,Malicious,
http://www.meortemple.com/wp-includes/pomo/idx.php?id=,Malicious,
http://www.snow-lab.com/modules/mod_search/tmpl/search.php?id=,Malicious,
http://ytu.am/modules/mod_search/source.php?id=,Malicious,
http://www.sdfgdsdf2354235il.com/inc/eml_templates/source.php?id,Malicious,
http://www.rutravel.com/admin/include/source.php?id=,Malicious,
http://xezri.net/chat/etiraf/source.php?id=,Malicious,
http://chrome-update.sytes.net,Malicious,
http://hpyassin.no-ip.biz:81,Malicious,
http://younisdeaaa.zapto.org/,Malicious,
http://sajad999.no-ip.biz/,Malicious,
http://safanaali1.no-ip.biz,Malicious,
http://londonpearl¬≠uk.co/2/R.exe,Malicious,
http://dl.dropboxusercontent.com/s/xpb2d7xzuolseri/g.exe,Malicious,
http://dl.dropboxusercontent.com/s/wipk304bgpvkvx3/m1.exe,Malicious,
http://dl.dropboxusercontent.com/s/mktuyqoj07i8jsn/wht.exe,Malicious,
http://dl.dropboxusercontent.com/s/xd2d0f1o1ybufep/c0.exe,Malicious,
http://dl.dropboxusercontent.com/s/z2upqc1an4wqvwr/r22.exe,Malicious,
http://dl.dropboxusercontent.com/s/3fceuz06gdldnxz/345.exe,Malicious,
http://dl.dropboxusercontent.com/s/6pow0o9g1kw2pyv/b2.exe,Malicious,
http://dl.dropboxusercontent.com/s/9rhja0yvfede0b3/y123.exe,Malicious,
http://dl.dropboxusercontent.com/s/3n5v79wyd9ha85q/b.exe,Malicious,
http://default.asp?act=,Malicious,
http://video-porno-gratuit.eu/animalporn.apk,Malicious,
http://video-porno-gratuit.eu/pornvideo.apk,Malicious,
http://video-porno-gratuit.eu/new/animalporn.apk,Malicious,
http://mobil-apps.biz/Raiffeisen.apk,Malicious,
http://mobil-apps.biz/ZKB.apk,Malicious,
http://mobil-apps.biz/Sparkasse.apk,Malicious,
http://security-apps.biz/BankAustria.apk,Malicious,
http://security-apps.biz/CreditSuisse.apk,Malicious,
http://security-apps.biz/ZKB.apk,Malicious,
http://security-apps.biz/LUKB.apk,Malicious,
http://security-apps.biz/Raiffeisen.apk,Malicious,
http://security-apps.biz/Sparkasse.apk,Malicious,
http://mobil-apps.biz/BankAustria.apk,Malicious,
http://security-apps.net/CreditSuisse.apk,Malicious,
http://security-apps.net/BankAustria.apk,Malicious,
http://security-apps.net/ZKB.apk,Malicious,
http://mobil-apps.biz/LUKB.apk,Malicious,
http://mobil-apps.biz/CreditSuisse.apk,Malicious,
http://security-apps.net/Raiffeisen.apk,Malicious,
http://omni-trust.com/BankAustria.apk,Malicious,
http://omni-trust.com/CreditSuisse.apk,Malicious,
http://security-apps.net/LUKB.apk,Malicious,
http://security-apps.net/Sparkasse.apk,Malicious,
http://omni-trust.com/Raiffeisen.apk,Malicious,
http://omni-trust.com/Sparkasse.apk,Malicious,
http://mobil-apps.net/BankAustria_SmsSecurity.apk,Malicious,
http://omni-trust.com/LUKB.apk,Malicious,
http://omni-trust.com/ZKB.apk,Malicious,
http://mobil-apps.net/CreditSuisse_SmsSecurity.apk,Malicious,
http://mobil-apps.net/ZKB_SmsSecurity.apk,Malicious,
http://mobil-apps.net/LUKB_SmsSecurity.apk,Malicious,
http://mobil-apps.net/Sparkasse_SmsSecurity.apk,Malicious,
http://mobil-apps.net/Raiffeisen_SmsSecurity.apk,Malicious,
http://sms-trust.net/CreditSuisse_SmsSecurity.apk,Malicious,
http://sms-trust.net/Sparkasse_SmsSecurity.apk,Malicious,
http://sms-trust.net/Raiffeisen_SmsSecurity.apk,Malicious,
http://sms-trust.net/LUKB_SmsSecurity.apk,Malicious,
http://sms-trust.net/BankAustria_SmsSecurity.apk,Malicious,
http://apps-mobile.2fh.co/LUKB_SmsSecurity.apk,Malicious,
http://apps-mobile.2fh.co/BankAustria_SmsSecurity.apk,Malicious,
http://apps-mobile.2fh.co/CreditSuisse_SmsSecurity.apk,Malicious,
http://sms-trust.net/ZKB_SmsSecurity.apk,Malicious,
http://apps-mobile.2fh.co/Raiffeisen_SmsSecurity.apk,Malicious,
http://sms-trust.2fh.co/LUKB_SmsSecurity.apk,Malicious,
http://apps-mobile.2fh.co/Sparkasse_SmsSecurity.apk,Malicious,
http://apps-mobile.2fh.co/ZKB_SmsSecurity.apk,Malicious,
http://sms-trust.2fh.co/CreditSuisse_SmsSecurity.apk,Malicious,
http://sms-trust.2fh.co/BankAustria_SmsSecurity.apk,Malicious,
http://sms-trust.2fh.co/Raiffeisen_SmsSecurity.apk,Malicious,
http://sms-trust.2fh.co/ZKB_SmsSecurity.apk,Malicious,
http://sms-trust.2fh.co/Sparkasse_SmsSecurity.apk,Malicious,
http://la-sante-naturelle.net/macaron/,Malicious,
http://adworks.webhop.me/wp-content/themes/bmw/s6.png,Malicious,
http://adrev22.ddns.net/network/superads/logo.dat,Malicious,
http://tc-zo.ch.ch/security/LUKB.apk,Malicious,
http://tc-zo.ch.ch/security/CreditSuisse.apk,Malicious,
http://sms-trust.com/Raiffeisen_SmsSecurity.apk,Malicious,
http://sms-trust.com/LUKB_SmsSecurity.apk,Malicious,
http://sms-trust.com/Sparkasse_SmsSecurity.apk,Malicious,
http://sms-trust.com/CreditSuisse_SmsSecurity.apk,Malicious,
http://tc-zo.ch.ch/security/ZKB.apk,Malicious,
http://sms-trust.com/ZKB_SmsSecurity.apk,Malicious,
http://bastelfunboard.ch/js/,Malicious,
http://sms-trust.com/BankAustria_SmsSecurity.apk,Malicious,
http://chimesy.com/kurdish/modules/Statistics/source.php?id=,Malicious,
http://ijbeta.com/wp-includes/pomo/ambigos0.jpg,Malicious,
http://al-mashkoor.com/php/mail/source.php?id=,Malicious,
http://stalprof.com.ua/includes/domit/src.php?id=,Malicious,
http://www.cometothetruth.com/cms/tinymce/examples/src.php?id=,Malicious,
http://ncmp2014.com/modules/mod_feed/feed/,Malicious,
http://gruenerenate.de/wp-content/plugins/bbpress/includes/lang/,Malicious,
http://www.arshinmalalan.com/themes/v6/templates/css/in.php,Malicious,
http://products.parentsupermarket.com/phpMyAdmin/,Malicious,
http://losdivulgadores.com/wp-content/plugins/wp-themes/,Malicious,
http://c-si.ir/includes/,Malicious,
http://www.hadilotfi.com/wp-content/themes/profile/,Malicious,
http://gofree.ir/wp-content/plugins/online-chat/,Malicious,
http://blog.epiccosplay.com/wp-includes/sitemap/,Malicious,
http://mortezanevis.ir/wp-content/plugins/wp-static/,Malicious,
http://www.massage-ketsch.de/wp-includes/,Malicious,
http://onereliablesource.com/wp-content/plugins/sitemap/,Malicious,
http://petrymantenimiento.com/wp-content/plugins/wordpress-form-manager/lang/,Malicious,
http://mkiyanpoor.ir/wp-includes/,Malicious,
http://ohsoverydarling.com/wp-content/themes/verification/,Malicious,
http://amoodgostar.com/wp-content/themes/simplebanner/,Malicious,
http://www.aspit.sn/administrator/modules/mod_feed/,Malicious,
http://curaj.net/pepeni/images/,Malicious,
http://presspublishing24.net/plugins/cc/mik.php,Malicious,
http://www.automation-net.ru/typo3temp/,Malicious,
http://poissonnerieantoine.com/web/wp-content/themes/titan/view/,Malicious,
http://www.saglikdetay.com/wp-includes/images/icons/,Malicious,
http://trendsnonstop.top/search.php,Malicious,
http://www.lacitedufleuve.com/Connections1/,Malicious,
http://discontr.com/wp-content/themes/twentytwelve/,Malicious,
http://www.gholghola.com/azemashoorhost/smarty/tmpl/,Malicious,
http://www.noraci.com/wp-includes/,Malicious,
http://original-key.com/catalog/controller/payment/,Malicious,
http://khrn.tk/wp-includes/,Malicious,
http://rollinghillsfitness.com/wp-includes/,Malicious,
http://newsweek.servehttp.com/,Malicious,
http://easycounter.sytes.net/,Malicious,
http://image.servepics.com/,Malicious,
http://adobe.faqserv.com/,Malicious,
http://avg-update.sytes.net/,Malicious,
http://newsweek.serveblog.net/,Malicious,
http://ok.wget.in/,Malicious,
http://attention.starpolice.co/FI/cls.php,Malicious,
http://alert-police.estateagentsolutions.net/,Malicious,
http://security-scan-jdytiujg.in/,Malicious,
http://alert.policecoin.info/FI/cls.php,Malicious,
http://attention.starpolice.biz/FI/cls.php,Malicious,
http://system-check-ipxmjdry.in/,Malicious,
http://81.4.110.128/netsync2/download/,Malicious,
http://netsync1/post.php,Malicious,
http://netex1/qwave1.exe,Malicious,
http://81.4.110.128/netsync1/post.php,Malicious,
http://81.4.110.128/netex1/qwave1.exe,Malicious,
http://81.4.110.128/netsync2/post.php?filename=,Malicious,
http://netsync2/post.php?filename=,Malicious,
http://mxp2022.com,Malicious,
http://mxp2066.com,Malicious,
http://mxp2116.com,Malicious,
http://mxp2158.com,Malicious,
http://mxp2212.com,Malicious,
http://mxp2153.com,Malicious,
http://mxp26.com,Malicious,
http://mxp2069.com,Malicious,
http://mxp2110.com,Malicious,
http://lpmxp2017.com,Malicious,
http://mxp2128.com,Malicious,
http://mxp2136.com,Malicious,
http://mxp4014.com,Malicious,
http://mxp2058.com,Malicious,
http://mxp201.com,Malicious,
http://mxp2100.com,Malicious,
http://mxp213.com,Malicious,
http://mxp4015.com,Malicious,
http://mxp2020.com,Malicious,
http://lpmxp2025.com,Malicious,
http://lpmxp2023.com,Malicious,
http://lpmxp2022.com,Malicious,
http://mxp2132.com,Malicious,
http://mxp2175.com,Malicious,
http://mxp2143.com,Malicious,
http://mxp2070.com,Malicious,
http://lpmxp2026.com,Malicious,
http://lpmxp2024.com,Malicious,
http://mxp2047.com,Malicious,
http://mxp2010.com,Malicious,
http://mxp2152.com,Malicious,
http://mxp2208.com,Malicious,
http://lpmxp2027.com,Malicious,
http://lpmxp2020.com,Malicious,
http://mxp2071.com,Malicious,
http://mxp2147.com,Malicious,
http://mxp2121.com,Malicious,
http://80.211.171.247/foxbit.exchange/%23signin/,Malicious,
http://sacurity-info-notifiction2018.000webhostapp.com/recovery-answer.html?=10065877425?fb_source=bookmark_apps,Malicious,
https://unblock-duik.000webhostapp.com/Unblock/recovery-chekpoint-login.html,Malicious,
http://osh5.labour.go.th/attachments/article/1/Adobe/login.php?rand=13InboxLightaspxn.1774256418&fid.4.1252899642&fid=1&fav.1&rand.13InboxLight.aspxn.1774256418&fid.1252899642&fid.1&fav.1&email=&.rand=13InboxLight.aspx?n=1774256418&fid=4,Malicious,
https://novoacessomobi.org/home.php,Malicious,
https://oursmartlifestyle.com/wp-admin/images/Ldoc/Ldoc/L%20Doc/1/docusingn/index.php,Malicious,
http://osh5.labour.go.th/attachments/article/1/Adobe/index.php,Malicious,
https://tinyurl.com/y9refvy6,Malicious,
http://mithrandir.fi/Uusi/ATT/attiinnddeexx.php,Malicious,
https://dealswapify.com/wp-admin/jss/at/Indexxatt.htm,Malicious,
https://raflessinaga130.000webhostapp.com/cekpoint-loogin.html,Malicious,
http://coughcrops.co.za/invoice/b80876e0cd2fb046f52a1388466606f8/,Malicious,
http://ver1fy-acct-fb-secur61.esy.es/recovery-chekpoint-login.html,Malicious,
https://dqueenmom50.000webhostapp.com/SECURITY-RECOVERY-FB.html,Malicious,
https://sacurity-info-notifiction2018.000webhostapp.com/recovery-chekpoint-login.html,Malicious,
https://pagesecure.cf/,Malicious,
https://skewbald-gaps.000webhostapp.com/recovery-chekpoint-login.html,Malicious,
http://rhbtradesmart.co.id/wp-content/themes/docsign/file.php,Malicious,
http://hssvicosa.com.br/html/home.html,Malicious,
https://sacurity-info-notif2018.000webhostapp.com/recovery-chekpoint-login.html,Malicious,
https://wwwinfopages9842.000webhostapp.com/recovery-chekpoint-login.html,Malicious,
https://disenocolombiano.com/xu/dieter/new%20outlook/index.php,Malicious,
http://monacityhomes.com/Admin/365.HTML,Malicious,
http://ethoscondominios.com.br/fonts/b/www.bb.com.br/bb/,Malicious,
http://ertfthgjhgjhfgf23455.000webhostapp.com,Malicious,
http://srivara.com/admin/ckeditor/_samples/onlineverify/chase/chase.html,Malicious,
https://pavbal.info/,Malicious,
https://gobowlingalley.com/wp-includes/js/admin/capitalone2018/login.php?cmd=login_submit&amp;id=c8f0a164ff134cbbf44d223c4beeb859c8f0a164ff134cbbf44d223c4beeb859&amp;session=c8f0a164ff134cbbf44d223c4beeb859c8f0a164ff134cbbf44d223c4beeb859,Malicious,
http://flightticketstore.com/latam/,Malicious,
http://officesupportapp.com/login.php?cmd=login_submit&id=e5862f77ce4bf53944bd84f264ca4b19e5862f77ce4bf53944bd84f264ca4b19&session=e5862f77ce4bf53944bd84f264ca4b19e5862f77ce4bf53944bd84f264ca4b19,Malicious,
http://postal-incbox.com/page/inc/e73c3ce234cb277a0d9117cbf9df0f28-%7Ce73c3ce234cb277a0d9117cbf9df0f28,Malicious,
https://info-identiy.000webhostapp.com/Payment-update-0.html?count=0&amp;fb_bmpos=login_failed&amp;fb_source=bookmark_apps&amp;ref=bookmarks,Malicious,
http://misssillschool.com/wp-includes/customize/Apple/,Malicious,
http://info-identiy.000webhostapp.com/Payment-update-0.html?fb_source=bookmark_apps&amp;ref=bookmarks&amp;count=0&amp;fb_bmpos=login_failed,Malicious,
http://paypal.com.token.2l1yrz9sac3jnxh60kov.update.padrejoao.com.br/signin/,Malicious,
http://lesteeuropeu.tur.br/psy/sess/0772559ed16b6775430f4a4adaaec154/,Malicious,
http://sistem2018.000webhostapp.com/upgrade_credit_card.html,Malicious,
https://hitafterhitonline.com/tei/OutlookNew/,Malicious,
http://administratiekantoortekoop.com/execlab%203.0/Excellent/login.php?cmd=login_submit&amp;id=5c5f158d269172492272a08f559ccb295c5f158d269172492272a08f559ccb29&amp;session=5c5f158d269172492272a08f559ccb295c5f158d269172492272a08f559ccb29,Malicious,
http://oiuhgbhj.000webhostapp.com/kjgfgjhgjhfgghg/kjgfgjhgjhfgghg/eess/rrtt/index.html,Malicious,
http://uncultivated-unifor.000webhostapp.com/2018update/index.html,Malicious,
http://sacurity-info-2018.000webhostapp.com/Payment-update-01.html?fb_,Malicious,
http://ni1420358-3.web15.nitrado.hosting/aah/fnce/0be83cf7a892d4206d24d35b924faf76/,Malicious,
https://egamandala0031.000webhostapp.com/bayar/mark.html?=10065877425?f=,Malicious,
http://assurance-ameli-recouvrement.net/PortailAS/appmanager/ameliassurane/assure_somtc=true/6c63ea9fb3f10971d7b8d633b80e8edf/connexion_compte/sms2.php,Malicious,
http://security-ceckpoins.000webhostapp.com/bayar/marks.html?fb_source=,Malicious,
http://juanpablosegura.000webhostapp.com/kkk/UPGRADE%20YOUR%20MAILBOX/verificationprocess.php,Malicious,
https://fb-secure-2018.000webhostapp.com/recovery-answer.html?=10065877425?fb_source=bookmark_apps,Malicious,
http://info527.000webhostapp.com/recovery-answer.html?=10065877425?fb_source=bookmark_apps,Malicious,
http://nortonactivation.club/,Malicious,
http://grhtyjukyjthrgty.000webhostapp.com/dhgjfkhgjfkfjhfjkfjbhvfjkfjbvhfjhfbvfgjfvfvhjfgjfkfhgjfgfffff/dhgjfkhgjfkfjhfjkfjbhvfjkfjbvhfjhfbvfgjfvfvhjfgjfkfhgjfgfffff/eess/rrtt/index.html,Malicious,
http://angelcortas388.000webhostapp.com/malin/GOG/verification.php,Malicious,
http://fb-remove.000webhostapp.com/facebook/index.php,Malicious,
http://angelcortas388.000webhostapp.com/jones/GOG/verification.php,Malicious,
http://portal-account-security-officers-in-2017.000webhostapp.com/info-2017/card.html,Malicious,
https://erdemirsurucukursu.com/chasebank.com/New%20Chase/Validation/step1.php?cmd=login_submit&amp;id=135266ecffd6f1b80c957a5fbfb24f86135266ecffd6f1b80c957a5fbfb24f86&amp;session=135266ecffd6f1b80c957a5fbfb24f86135266ecffd6f1b80c957a5fbfb24f86,Malicious,
http://notice511.000webhostapp.com/recovery-answer.html?=10065877425?fb_source=bookmark_apps&amp;count=0&amp;fb_bmpos=login_failed&amp;ref=bookmarks,Malicious,
https://security-ceckpoins.000webhostapp.com/bayar/VisaPayments.html?f=,Malicious,
http://events-egiftsent.000webhostapp.com/1error.html?wo9SpDzhykZCx2HXhwi8IgYRqlqdqot=,Malicious,
http://plumwersdonmorn.000webhostapp.com/wp_includes/groupes/crypt/crypt/index.php,Malicious,
http://0ffice365centtter.000webhostapp.com/cdf/msoutlook/Office.htm,Malicious,
http://onomastic-photo.000webhostapp.com/link/VALIDATE/mail.htm,Malicious,
http://hotellaaldea.mx/sistema/Validation/login.php?cmd=login_submit&amp;id=b6622f0ad99da5197b7cb9a5e20bd982b6622f0ad99da5197b7cb9a5e20bd982&amp;session=b6622f0ad99da5197b7cb9a5e20bd982b6622f0ad99da5197b7cb9a5e20bd982,Malicious,
http://recover0000212.000webhostapp.com/payment-update-01.html?=100658,Malicious,
http://lesteeuropeu.tur.br/psy/sess/427c13d4acfca9fabb05bfd58d17a312/,Malicious,
http://chaseonline04-chase.ga/,Malicious,
http://vvww.vlabcip.pw/lnlclar-sesion,Malicious,
http://www.stoneza.co.za/wp-includes/js/validate/mail.htm?_pageLabel=page_logonform&amp;cmd=LOB=RBGLogon&amp;secured_page=,Malicious,
http://sunwa.co.za/Dropbox/adobeCom/adobeCom/,Malicious,
https://seraildi.com/clear/Ado/adobe/cdfd473c62272f9611cac9846ae0208e/,Malicious,
http://chasemobilee.myjino.ru/record916251215216839213131/saz5de/index.htm,Malicious,
https://tdjenic.mycpanel.rs/lairs/irs/,Malicious,
http://www.famatel.com/js/extjs/tizzy/swnt/autodomain/autofil/index.php?,Malicious,
https://upgrade-pro.000webhostapp.com/recovery-chekpoint-login.html,Malicious,
http://www.officeandhome.biz/wp-content/%20DocuSign/,Malicious,
https://unblocking-fb-contact.site/help-us/ref/index.php,Malicious,
http://80.211.156.45,Malicious,
http://chaseonline07-jpmorgan.ga/,Malicious,
http://bancabci.premios.info/ASD/lniciar-sesion.html,Malicious,
https://home.country.locale.x.id.igrmqi7.com/,Malicious,
http://vitesdady.net/em/lamis/,Malicious,
https://sistem2018.000webhostapp.com/upgrade_credit_card.html,Malicious,
http://gkcpsc.edu.bd/amnsiteline.inc/Secured/PDF/eimprovement/index.php,Malicious,
https://sicoopresg.sslblindado.com/index.html,Malicious,
http://www.hotelsinbharatpur.net/css/alibaba/login.alibaba.com.php?email=abuse@aodebao.com,Malicious,
https://numpanglapak09.000webhostapp.com/speedy.php,Malicious,
http://tubinh.com.vn/OWA/365.HTML,Malicious,
http://animagineer.com/wp-includes/certificates/z7eea/82a6ccb967a9fda3b0a0e1fe26e0f234/,Malicious,
https://help-recoverry-accounts.000webhostapp.com/upgrade_credit_card.html,Malicious,
http://www.maplehillchurchofchrist.org/POF/tor/,Malicious,
http://www.optamerica.org/neeew/new%20outlook/,Malicious,
http://im-musicsolution.com/use/Indexxatt(1).htm,Malicious,
http://alexanderperfumery.com/active/mani/84929bc0ed891b45479fa8b80b2d7a9a/,Malicious,
https://sistem2018.000webhostapp.com/active.html,Malicious,
http://www.qponn.net/wp-content/bookmark/300308dff2f464ff22433eb64d8eb61f/,Malicious,
http://www.traveltroopz.in/classes/BOA/home/info.php?cmd=login_submit&amp;id=3857eb09a44aaad65abab0d801def2c43857eb09a44aaad65abab0d801def2c4&amp;session=3857eb09a44aaad65abab0d801def2c43857eb09a44aaad65abab0d801def2c4,Malicious,
http://petsmaputo.myjino.ru/gost/ghost/auth.html,Malicious,
http://recover.social/,Malicious,
https://dataupgrading.com/securityyahoosecureupgradelegendtextplaincharsetutf8base64010203040506070809@YAHOOYYYYYYYYYYYYY/secureyahoosecurityupgradelegendABCEFGHIJKLMNOPQRSTUVWXYZdatatextcharsetutf8base64lantern/legendyahooinc.html,Malicious,
https://help-recoverry-accounts.000webhostapp.com/active.html,Malicious,
http://warumrauchen.com/tnt/banco.central.bb.com.br/website/informar.php,Malicious,
https://detectinfologs080.000webhostapp.com/recovery-chekpoint-login.html,Malicious,
https://t.co/SingcAr1bM,Malicious,
http://www.enatural.pl/plugins/user/k2/post/,Malicious,
https://universalfabricsbd.com/admin/chase/Logon.aspx/,Malicious,
https://www.livetheevc.com/Documents/Microsoft/index2.php?l=_JeHFUq_VJOXK0QWHtoGYDw1774256418&fid.13InboxLight.aspxn.1774256418&fid.125289964252813InboxLight99642_Product-email&email=,Malicious,
https://outlook2018.editor.multiscreensite.com/preview/4915c5d3?device=desktop,Malicious,
https://mskvuz.trade//use/Indexxatt.htm,Malicious,
http://uwqls.sitey.me/,Malicious,
https://www.downloadweekly.net/wp-content/paypal/Support/ID-NUMB795/myaccount/signin/?country.x=US&locale.x=en_US,Malicious,
http://epprojetos.com.br/bulk/Project.Sprinkler/,Malicious,
http://brown-paper-packages-sa.com/invoice/invoice/b0028c287609714d60df89942ca88094/,Malicious,
http://cb37248.tmweb.ru/-/iToken/-/GRIPNET.php?blkcom.dll,Malicious,
http://trachytoid-pops.000webhostapp.com/kt/english%20auto/crypt/?email,Malicious,
http://smlleshome.com/,Malicious,
http://pjclientesempresarial.com/,Malicious,
http://programasurprenda.com/,Malicious,
http://epprojetos.com.br/public/thunderroadcontracting/,Malicious,
http://wojakiscool.000webhostapp.com/,Malicious,
http://www.consorciobcc.com/wp-admin/user/fixedUpgrade/upgrade_mail/index.htm,Malicious,
http://hennymumbai.000webhostapp.com/z(1)/webmail_reset.htm,Malicious,
http://authentification-membre.xyz/my.html,Malicious,
http://stalky-stoves.000webhostapp.com/purc/purc/document.html,Malicious,
https://notifications-fb-centre2017.000webhostapp.com/recovery-answer.html?=10065877425?fb_source=bookmark_apps,Malicious,
http://disasterandriskassociates.com/wp-content/upgrade/auth/secureserver/bbtnew/1/index.html?6469736173746572616e647269736b6173736f6369617465732e636f6d-6469736173746572616e647269736b6173736f6369617465732e636f6d-6469736173746572616e647269736b6173736f6369617465732e636f6d6469736173746572616e647269736b6173736f6369617465732e636f6d6469736173746572616e647269736b6173736f6369617465732e636f6d6469736173746572616e647269736b6173736f6369617465732e636f6d6469736173746572616e647269736b6173736f6369617465732e636f6d6469736173746572616e647269736b6173736f6369617465732e636f6d6469736173746572616e647269736b6173736f6369617465732e636f6d6469736173746572616e647269736b6173736f6369617465732e636f6d6469736173746572616e647269736b6173736f6369617465732e636f6d,Malicious,
http://surisi.com/assets/plugins/Chase/login.php,Malicious,
http://clevercrowcreative.com/wp-admin/network/docs/d28f855a929405bf5b9651cc6a64d384/,Malicious,
http://fb-secure-2018.000webhostapp.com/Payment-update-0.html?fb_source=bookmark_apps,Malicious,
http://fb-secure-2018.000webhostapp.com/Payment-update-01.html?fb_source=bookmark_apps,Malicious,
http://hlkbnk.000webhostapp.com/,Malicious,
http://0ctober93640epill93bill3vorlf394idkecef3j.000webhostapp.com/,Malicious,
http://serviceslimitedaccountsecureaccess-cb0b30e.000webhostapp.com/DataBasePayPal/Login/Goto/myaccount/signin/,Malicious,
http://unblocking-pages.000webhostapp.com/kantor/inet-update-01.html,Malicious,
http://procedure-requirements-and-policy-officer.000webhostapp.com/identity-valid/card.html,Malicious,
http://gtyuiouytyrte.000webhostapp.com/dhgjfkhgjfkfjhfjkfjbhvfjkfjbvhfjhfbvfgjfvfvhjfgjfkfhgjfgfffff/dhgjfkhgjfkfjhfjkfjbhvfjkfjbvhfjhfbvfgjfvfvhjfgjfkfhgjfgfffff/eess/rrtt/index.html,Malicious,
http://centrosome-zips.000webhostapp.com/wellsfargo/verification.html,Malicious,URLhaus
http://microsoft2018.cdhost.com/,Malicious,URLhaus
http://00b0f00log00n0.000webhostapp.com/bo2a%201/enbofa-auth/B/index.php?303062306630306c6f6730306e302e303030776562686f73746170702e636f6d-303062306630306c6f6730306e302e303030776562686f73746170702e636f6d-303062306630306c6f6730306e302e303030776562686f73746170702e636f6d303062306630306c6f6730306e302e303030776562686f73746170702e636f6d303062306630306c6f6730306e302e303030776562686f73746170702e636f6d303062306630306c6f6730306e302e303030776562686f73746170702e636f6d303062306630306c6f6730306e302e303030776562686f73746170702e636f6d303062306630306c6f6730306e302e303030776562686f73746170702e636f6d303062306630306c6f6730306e302e303030776562686f73746170702e636f6d303062306630306c6f6730306e302e303030776562686f73746170702e636f6d303062306630306c6f6730306e302e303030776562686f73746170702e636f6d,Malicious,URLhaus
http://00b0f00log00n0.000webhostapp.com/bo2a%201/enbofa-auth/index.php,Malicious,
http://tcttruongson.vn/dropbox/5c9dead68ffa2bbf9c1a0d11ae48a408/,Malicious,URLhaus
http://imberb.cf/list/adobepdf0/Validation/login.php?cmd=login_submit,Malicious,URLhaus
http://mobilechase.myjino.ru/record1629281721873232/saz5de/index.htm,Malicious,URLhaus
http://yesowaavalonty.tripod.com/,Malicious,URLhaus
https://notice511.000webhostapp.com/recovery-chekpoint-login.html,Malicious,URLhaus
http://imberb.cf/list/adobepdf0/Validation/login.php,Malicious,URLhaus
http://studio-taddei.it/hipto/New%20folder/Indexxatt.htm,Malicious,URLhaus
https://gilbertodepaz.com/upgrade/directory/identify/upgrade/validateonline/login.php?cmd=login_submit&amp;id=a6595ee830981680ff18c232e731620aa6595ee830981680ff18c232e731620a&amp;session=a6595ee830981680ff18c232e731620aa6595ee830981680ff18c232e731620a,Malicious,URLhaus
http://www.whymcgrath.com.au/wp-includes/js/hot/,Malicious,URLhaus
http://coinfunder.net/wp-content/mu-plugins/njthbrg/withnewindexshortversion/withnewindex/f58a23963160a3d78d7133ec09d881dd/confirm.php?cmd=login_submit,Malicious,URLhaus
http://larah.in/rdccc1/rdc/rdc/pro/enterprise.php?check&amp;nocache=page2&amp;alt.done=rem&amp;docs&amp;=gifpdf&amp;aLmMR0xItkMWlxz6Vl,Malicious,URLhaus
https://gilbertodepaz.com/upgrade/directory/identify/upgrade/validateonline/login.php?cmd=login_submit&amp;id=27384878fdefbb910bba7eb25a230ad727384878fdefbb910bba7eb25a230ad7&amp;session=27384878fdefbb910bba7eb25a230ad727384878fdefbb910bba7eb25a230ad7,Malicious,URLhaus
https://gilbertodepaz.com/upgrade/directory/identify/upgrade/validateonline/login.php?cmd=login_submit&amp;id=4de84a5c70efcbb4e2cb82e6caf0487c4de84a5c70efcbb4e2cb82e6caf0487c&amp;session=4de84a5c70efcbb4e2cb82e6caf0487c4de84a5c70efcbb4e2cb82e6caf0487c,Malicious,URLhaus
http://www.clevercrowcreative.com/wp-admin/network/docs/f0e878b08796db6150e4547786f5884c/,Malicious,URLhaus
https://andrewsmith621.000webhostapp.com/document/site/,Malicious,URLhaus
http://ameitreim.com/pimoh/Hotbox/HotBox/Hott/,Malicious,URLhaus
http://www.ameitreim.com/pimoh/Hotbox/HotBox/Hott/,Malicious,URLhaus
http://ameitreim.com/includes/HotBox/Hott/,Malicious,URLhaus
http://macallylawyers.rediweb.com.au/irs/,Malicious,URLhaus
http://recovery98324.000webhostapp.com/payment-update-0.html?=10065877425?fb_source=bookmark_apps&amp;ref=bookmarks&amp;count,Malicious,URLhaus
http://web112.net/app/aza/gn.html,Malicious,URLhaus
http://niqqita.com/secureapproved/login.php,Malicious,URLhaus
https://ip-sharondanon.000webhostapp.com/upgrade_credit_card.html,Malicious,URLhaus
http://ameliinb.beget.tech/votre/assurance/maladie1/compte/ameli/2018/JAN/New/2019/16e1a6add05f7fcdd430496c48d00bdd/index_2.html,Malicious,URLhaus
http://ameliinb.beget.tech/votre/assurance/maladie1/compte/ameli/2018/JAN/New/2019/202d7dec0570f408c7adedf87e66829b/,Malicious,URLhaus
http://phukienbachgia.net/work/resources/files/dropbox_2017/dropbox_2017/Zant11/Home/,Malicious,URLhaus
https://borispecanac1982.000webhostapp.com/upgrade_credit_card.html,Malicious,URLhaus
http://www.ramsons.us/colorbox/securenewyear/biz/,Malicious,URLhaus
http://www.000.9.019.09.ekurbani.com/,Malicious,URLhaus
http://recovery98324.000webhostapp.com/recovery-chekpoint-login.html,Malicious,URLhaus
http://www.craftinghopethemovie.com/att/Indexxatt.htm,Malicious,URLhaus
http://www.studio-taddei.it/din/New%20folder/Indexxatt.htm,Malicious,URLhaus
http://www.000.9.019.09.ekurbani.com/faldtwo.htm,Malicious,URLhaus
http://www.saralaska.org/grafiks/gdoc-secure/5bb3d6a9ea5d337e77c0e09de888af72/,Malicious,URLhaus
https://info5220178132000i.000webhostapp.com/recovery-chekpoint-login.html,Malicious,URLhaus
http://tanlaonline.com/Equipment/7942f7cdf7dcce500d220a2c8f19d31f/,Malicious,URLhaus
https://secure-account-2018.000webhostapp.com/recovery-chekpoint-login.html,Malicious,URLhaus
http://bane-aune.cf/,Malicious,URLhaus
https://borispecanac1982.000webhostapp.com/active.html,Malicious,URLhaus
http://ebaycokk.beget.tech/w/What/,Malicious,URLhaus
http://www.luskysuites-htl.co.il/img/common/paypalred/,Malicious,URLhaus
http://4diamonds.com.br/hotel/wp-includes/file/dropbox/dropbox/,Malicious,URLhaus
http://bit.ly/2COc2YG,Malicious,URLhaus
http://studio-taddei.it/din/New%20folder/Indexxatt.htm,Malicious,URLhaus
https://offiicceeeedrop.000webhostapp.com/Office2018.php,Malicious,URLhaus
http://assurance-ameli-recouvrement.com/PortailAS/appmanager/ameliassurane/assure_somtc=true/ec2e829d14b3df667db7bd7429e1a723/connexion_compte/sms.php,Malicious,URLhaus
http://assurance-ameli-recouvrement.com/PortailAS/appmanager/ameliassurane/assure_somtc=true/ec2e829d14b3df667db7bd7429e1a723/connexion_compte/sms2.php,Malicious,URLhaus
http://www.winsrecordingstudio.com/cb/display/digital/preauth/logon/process.php,Malicious,URLhaus
http://farisly4.beget.tech/begdfg/webapps/1dba7/websrc,Malicious,URLhaus
http://saneplan.com.br/wp-content/themes/Untitled/blu2/blu/64d51/,Malicious,URLhaus
http://www.depot369.com/verification/asb.co.nz/online%20verification/2018/ncode.htm,Malicious,URLhaus
http://www.depot369.com/auth/my.commbank.com.au/online%20verification/2018/login.htm,Malicious,URLhaus
http://k-reimari.fi/ae/bd/nm.html,Malicious,URLhaus
http://villadelangelhotel.com/930261/dropboxverification/892f939b137489515845e6b16113b030/login.php?cmd=login_submit&amp;id=4577c7d75376a23d65ff083b26242ad14577c7d75376a23d65ff083b26242ad1&amp;session=4577c7d75376a23d65ff083b26242ad14577c7d75376a23d65ff083b26242ad1,Malicious,URLhaus
https://troublewaits.com/btinternet/page/,Malicious,URLhaus
https://intesasanpaolodisicurezzainlinea.nuovosistema.site/register/portal-retail/main.app/,Malicious,URLhaus
http://cicilanrumahsyariah.com/wp-admin/auth/web/secure/BOA/en/,Malicious,URLhaus
http://innerenergyhealth.com/,Malicious,URLhaus
http://security-ceckpoins.000webhostapp.com/bayar/mark.html?=10065877425?fb_source=bookmark_apps,Malicious,URLhaus
http://unmoving-report.000webhostapp.com/recovery-answer.html?=10065877425?fb_source=bookmark_apps,Malicious,URLhaus
http://www.aclhs.de/inc/73397fb36773fd86839f12197d5e6641/abonne/185919ba194e464f1582185a89a7ea77/,Malicious,URLhaus
http://bartholomewlawfirm.com/wp-admin/login.jsp.htm,Malicious,URLhaus
http://verifiedreview.online/PNC,Malicious,URLhaus
http://www.aclhs.de/inc/73397fb36773fd86839f12197d5e6641/abonne/,Malicious,URLhaus
http://riskmitigationaustralia.com/china/mailbox/domain/index.php?email=abuse@hotmil.com,Malicious,URLhaus
http://www.aclhs.de/inc/73397fb36773fd86839f12197d5e6641/abonne/e9bd3b3be3cf1e18fbeb26e38892f1b6/,Malicious,URLhaus
http://bitless-raps.000webhostapp.com/teammail/X3D/index.php,Malicious,URLhaus
http://bit.do/dZ6jW,Malicious,URLhaus
http://riskmitigationaustralia.com/china/mailbox/domain/index.php?email=abuse@jahua.com.cn,Malicious,URLhaus
http://riskmitigationaustralia.com/china/mailbox/domain/index.php?email=abuse@butianshi.com,Malicious,URLhaus
http://riskmitigationaustralia.com/china/mailbox/domain,Malicious,URLhaus
http://uedrmanuelnuneztovar.com.ve/login.php,Malicious,URLhaus
http://www.aclhs.de/inc/73397fb36773fd86839f12197d5e6641/abonne/8483db2e44b69f051c0e5c7ad9f54d55/,Malicious,URLhaus
http://www.assurednet.com.au/fixn/chase/login/home/confirm.php,Malicious,URLhaus
http://souvenirkaretbdg.com/wp-includes/fonts/homes/hardproxy/newfile/update/chines/b1e4391779745ec5dde2c03c219b1b82/?.verify?service=mail,Malicious,URLhaus
http://k-reimari.fi/ett/um/hsc.html,Malicious,URLhaus
http://www.weara.in/Chase/Depraved_Team/Billing.php,Malicious,URLhaus
http://www.handayani.co.id/secure/nab.com.au/personal/online-card%20verification/cardinfo.htm,Malicious,URLhaus
http://uedrmanuelnuneztovar.com.ve/login.php?cmd=login_submit,Malicious,URLhaus
http://vip-01protect.000webhostapp.com/payment-update-01.html?=10065877425?fb_source=bookmark_apps&amp;ref=bookmarks&amp;count,Malicious,URLhaus
http://acct-recovery-legal.esy.es/index.html,Malicious,URLhaus
http://www.depot369.com/verification/asb.co.nz/online%20verification/2018/index.htm,Malicious,URLhaus
http://alpier.playgdl.net/wp-content/plugins/duplicator/index3.php,Malicious,URLhaus
http://www.weara.in/Chase/Depraved_Team/Billing.php?LOB=Verfiy_Info,Malicious,URLhaus
https://security-ceckpoins.000webhostapp.com/bayar/set.html,Malicious,URLhaus
http://huskyshack.com.au/.chase/Chase-Morgan/Solution-centre0chaseOnline/ChaseOnline0-ChaseOnline0Chaseonline/New%20Chase/Validation/step1.php?cmd=login_submit&amp;id=8b0b72db5e3dc0224963c941e3c72cbf8b0b72db5e3dc0224963c941e3c72cbf&amp;session=8b0b72db5e3dc0224963c941e3c72cbf8b0b72db5e3dc0224963c941e3c72cbf,Malicious,URLhaus
http://huskyshack.com.au/.chase/Chase-Morgan/Solution-centre0chaseOnline/ChaseOnline0-ChaseOnline0Chaseonline/New%20Chase/Validation/step1.php?cmd=login_submit&amp;id=765ccc5577624ffbcc9cce826b56e620765ccc5577624ffbcc9cce826b56e620&amp;session=765ccc5577624ffbcc9cce826b56e620765ccc5577624ffbcc9cce826b56e620,Malicious,URLhaus
http://www.arcosur.net/modules/locale/fr/impotsgouvfrance/user2350985431239854345346564352/directionfinanciere/remboursement32490534875256246245265/impots.gouv.fr/,Malicious,URLhaus
http://accontrecover9834.000webhostapp.com/payment-update-01.html,Malicious,URLhaus
http://arcosur.net/modules/locale/fr/impotsgouvfrance/user2350985431239854345346564352/directionfinanciere/remboursement32490534875256246245265/impots.gouv.fr/03cf13fcbb7e8bfec604e9b60935032c/redirection.php,Malicious,URLhaus
https://enterprise.affle.com/wp-content/plugins/meta-box/forum.php/add/pooooop3439/index.php/login.php?websrc=77dab160d987730dc452ffcdb621579a&dispatched=45&id=3680503902,Malicious,URLhaus
http://www.theabstractprincess.com/documents/page/1594971c7415418b0ac0a21c58af3912/,Malicious,URLhaus
http://arcosur.net/modules/locale/fr/impotsgouvfrance/user2350985431239854345346564352/directionfinanciere/remboursement32490534875256246245265/impots.gouv.fr/7cf3edd62c1dfb5bd24351fe8c2a37ac/redirection.php,Malicious,URLhaus
https://unblocking-pages.000webhostapp.com/kantor/recovery-answer.html?=10065877425?fb_source=bookmark_apps&amp;=&amp;count=0&amp;fb_bmpos=login_failed&amp;ref=bookmarks,Malicious,URLhaus
http://sdengineers.in/plugins/uy/Auto/newpage/passerror.php?rand=13Inb,Malicious,URLhaus
http://www.theabstractprincess.com/documents/page/360309ed5505234ba1aec97e95afa6ac/,Malicious,URLhaus
http://www.theabstractprincess.com/documents/page/1d55f2cd7b3eccc3fca3064aa1b83a55/,Malicious,URLhaus
http://www.theabstractprincess.com/documents/page/978913f1b016db9fe72a4dcf841a98f4/,Malicious,URLhaus
http://www.theabstractprincess.com/documents/page/605754a1308a2bdf98ccdc9e2b21f3cd/,Malicious,URLhaus
https://investprogh.com/secured-terminal/vendor-session-97391002/ssl-tls/login.microsoftonline.com.auth2/login.php?cmd=login_submit&id=58277302a2b9c115a33574dc105d4e8758277302a2b9c115a33574dc105d4e87&session=58277302a2b9c115a33574dc105d4e8758277302a2b9c115a33574dc105d4e87,Malicious,URLhaus
http://deit.club/wp-includes/js/FTPBA/aaboa/index.html,Malicious,URLhaus
http://bridalshowertribune.com/admin/mal/cp-session/webmail-message.php,Malicious,URLhaus
http://gateway.premiumsepet.com/home/info.php,Malicious,URLhaus
http://cicilanrumahsyariah.com/wp-content/web/secure/BOA/BOA/en/,Malicious,URLhaus
https://cicilanrumahsyariah.com/wp-content/web/secure/BOA/BOA/en/,Malicious,URLhaus
http://www.peninsulaholidayretreats.com.au/wp-content/uploads/2018/01/victime/Appleworldwide/INTL_Version/initiate.php,Malicious,URLhaus
http://www.peninsulaholidayretreats.com.au/wp-content/uploads/2018/01/victime/Appleworldwide/INTL_Version/exception.php,Malicious,URLhaus
http://www.apostile-haga.ro/wp-content/plugins/revslider/css/jui/old/images/hotis/step2-authen.php,Malicious,URLhaus
http://www.paypal-verification.chlaretta.co.id/PPL/signin/?country.x=&amp;l=,Malicious,URLhaus
http://www.apostile-haga.ro/wp-content/plugins/revslider/css/jui/old/images/hotis/index.php,Malicious,URLhaus
http://apostile-haga.ro/wp-includes/pomo/hotis/index.php,Malicious,URLhaus
http://apostile-haga.ro/wp-includes/pomo/hotis/step2-authen.php,Malicious,URLhaus
http://dutasaranateknik.com/profit/office/full,Malicious,URLhaus
http://www.apostile-haga.ro/wp-includes/pomo/hotis/index.php,Malicious,URLhaus
https://sacurity-info-2018.000webhostapp.com/Payment-update-01.html?fb_source=bookmark_apps,Malicious,URLhaus
https://www.apostile-haga.ro/wp-content/plugins/revslider/css/jui/old/images/hotis/step2-authen.php,Malicious,URLhaus
https://www.apostile-haga.ro/wp-content/plugins/revslider/css/jui/old/images/hotis/index.php,Malicious,URLhaus
http://deit.club/wp-includes/js/FTPBA/aaboa/accountverification.html,Malicious,URLhaus
http://sacurity-2018.000webhostapp.com/Payment-update-0.html?count=0,Malicious,URLhaus
http://info527.000webhostapp.com/recovery-answer.html?=10065877425?fb_source=bookmark_apps&amp;ref=bookmarks&amp;count=0&amp;fb_bmpos=login_failed,Malicious,URLhaus
https://cicilanrumahsyariah.com/wp-content/validate/auth/BOA/en/,Malicious,URLhaus
http://seraildi.com/z/boaa/sitekeyverification.html,Malicious,URLhaus
http://biomedics.000webhostapp.com/googldocs/Docssecured/,Malicious,URLhaus
http://checkpointsteep.000webhostapp.com/Unblock/Payment-update-0.html?fb_source=bookmark_apps&amp;ref=bookmarks&amp;count=0&amp;fb_bmpos=login_failed,Malicious,URLhaus
http://www.peninsulaholidayretreats.com.au/wp-content/uploads/2018/01/victime/Appleworldwide/INTL_Version/Signin.php?page=Login?token=7777772e70656e696e73756c61686f6c6964617972657472656174732e636f6d2e617558565f6ac162d9f6319d77e3a5b768a0,Malicious,URLhaus
http://akun-security-facebook-com.webnode.com/akunfacebook/,Malicious,URLhaus
http://sacurity-2018.000webhostapp.com/Payment-update-0.html?a=,Malicious,URLhaus
https://denuelsksa2323.000webhostapp.com/recovery-answer.html?=10065877425?fb_source=bookmark_apps,Malicious,URLhaus
http://recoveryacct99002108.000webhostapp.com/payment-update-01.html?coun=,Malicious,URLhaus
http://fb-secure-info2018.000webhostapp.com/recovery-answer.html?=10065877425?fb_source=bookmark_apps,Malicious,URLhaus
http://protecs-vip05.000webhostapp.com/payment-update-01.html,Malicious,URLhaus
http://www.maplehillchurchofchrist.org/good/tor/,Malicious,URLhaus
https://sacurity-info-2018.000webhostapp.com/Payment-update-01.html?fb,Malicious,URLhaus
https://rererara733.000webhostapp.com/publick/revery/revery/1error.html?expires=5183999,Malicious,URLhaus
http://uedrmanuelnuneztovar.com.ve/login.php?cmd=login_submit&amp;id=91f1ffb6fabe23f7b5a63cb475ddbaa591f1ffb6fabe23f7b5a63cb475ddbaa5&amp;session=91f1ffb6fabe23f7b5a63cb475ddbaa591f1ffb6fabe23f7b5a63cb475ddbaa5,Malicious,URLhaus
https://southpointbd.com/A/Support/ID-NUMB949,Malicious,URLhaus
http://start-settings.000webhostapp.com/Payment-update-0.html?count=0,Malicious,URLhaus
https://southpointbd.com/A/Support/ID-NUMB949/myaccount/signin/?country.x=US&locale.x=en_US,Malicious,URLhaus
https://info527.000webhostapp.com/recovery-answer.html?=10065877425?fb,Malicious,URLhaus
http://uedrmanuelnuneztovar.com.ve/login.php?cmd=login_submit&id=75bc1d2b149d3f2011a3d2aaeec54fb175bc1d2b149d3f2011a3d2aaeec54fb1&session=75bc1d2b149d3f2011a3d2aaeec54fb175bc1d2b149d3f2011a3d2aaeec54fb1,Malicious,URLhaus
https://securityceckpoins.000webhostapp.com/bayar/VisaPayments.html?fb_source=bookmark_apps&amp;ref=bookmarks&amp;count=0&amp;fb_bmpos=login_failed,Malicious,URLhaus
http://settings-pro.000webhostapp.com/Payment-update-01.html,Malicious,URLhaus
http://alain5tq.beget.tech/rf/mili/4a0b76c7eb389790c9e3969f93db2dbe/index_2.html,Malicious,URLhaus
http://events-egiftsent.000webhostapp.com/1error.html?wo9SpDzhykZCx2HXhwi=,Malicious,URLhaus
http://unblocking-pages.000webhostapp.com/kantor/Payment-update-01.html?count=0&amp;fb_bmpos=login_failed&amp;fb_source=bookmark_apps&amp;ref=bookmarks,Malicious,URLhaus
http://reconfim-accountinfolog.000webhostapp.com/recovery-answer.html?==,Malicious,URLhaus
http://reconfim-accountinfolog.000webhostapp.com/recovery-answer.html?=10065877425?fb_source=bookmark_apps&amp;count=0&amp;fb_bmpos=login_failed&amp;ref=bookmarks,Malicious,URLhaus
http://jidkdcdj665.000webhostapp.com/recovery-answer.html?=10065877425?fb_source=bookmark_apps,Malicious,URLhaus
https://securityceckpoins.000webhostapp.com/bayar/set.html,Malicious,URLhaus
http://team-recovery-program.biz/help/recovery-answer.html?=10065877425?fb_source=bookmark_apps&amp;ref=bookmarks&amp;count=0&amp;fb_bmpos=login_failed,Malicious,URLhaus
http://getrealestatehelp.com/allaboutlamorinda/K/clients/index.html,Malicious,URLhaus
http://saralaska.org/grafiks/gdoc-secure/aa3f0f1215b594342225973a81aeef77/,Malicious,URLhaus
http://www.phabdeal.com/Icon/index.html,Malicious,URLhaus
http://noticee0-reportslogsinfo00.000webhostapp.com/recovery-answer.html?=,Malicious,URLhaus
http://wiliamqw.beget.tech/videos/,Malicious,URLhaus
http://confirmation-pages61542.com/ads-0021/Payment-update-01.html?fb_source=bookmark_apps,Malicious,URLhaus
http://40hotdeals.com/forever/ourtime1/v3/member.htm,Malicious,URLhaus
https://sacurity-info-2018.000webhostapp.com/Payment-update-01.html?fb_source=bookmark_apps&amp;ref=bookmarks&amp;count=0&amp;fb_bmpos=login_failed,Malicious,URLhaus
http://rochfashionstudio.com/id/53c57cd6d69a7c9f10f0c883ddbe396d/,Malicious,URLhaus
http://therawfoodwoman.com/fsja/,Malicious,URLhaus
http://recovery-acct-legal.esy.es/index.html,Malicious,URLhaus
http://www.rochfashionstudio.com/id/d1708293e1c551ff52caa234c3fac4d7/,Malicious,URLhaus
https://verify-paqesrecovery21.cf/?facebook.com=chekpoint,Malicious,URLhaus
https://sacurity-info-2018.000webhostapp.com/recovery-chekpoint-login.html,Malicious,URLhaus
http://www.stephanehamard.com/components/com_joomlastats/FR/a4ee3590b5f50170471971facfea2c7c/,Malicious,URLhaus
http://outdesk.co.nf/_about_.html,Malicious,URLhaus
http://williamoverby.com/wp-admin/ya/Y2.php,Malicious,URLhaus
http://siliconelectrical.com/.s/sun/79f753936918f29527535d9b6e248944/,Malicious,URLhaus
http://siliconelectrical.com/.s/sun/4e6e3df41b44bbc58f4df27a323b1f37/confirm.html,Malicious,URLhaus
https://jidkdcdj665.000webhostapp.com/recovery-answer.html?=10065877425?fb_source=bookmark_apps&amp;=&amp;count=0&amp;fb_bmpos=login_failed&amp;ref=bookmarks,Malicious,URLhaus
https://blacktipstudios.com/wp-includes/js/verification.php,Malicious,URLhaus
http://www.viajesvivemexico.com/wp-includes/Requests/Response/check.and.verified/active.your.account.2017/EAZEAZEZA78798798798/checke-2017/login?cmd=_signin&amp;dispatch=a7f24abb4d7df0c2dbb03f88e&amp;locale=en_IE,Malicious,URLhaus
http://williamoverby.com/wsd/ya/Y2.php,Malicious,URLhaus
http://www.viajesvivemexico.com/wp-includes/Requests/Response/check.and.verified/active.your.account.2017/EAZEAZEZA78798798798/checke-2017/login?cmd=_signin&amp;dispatch=369e9620972186ccede1ac82a&amp;locale=en_IT,Malicious,URLhaus
http://events-egiftsent.000webhostapp.com/1error.html?wo9SpDzhykZCx2HXhwi8IgYRqlqdqot&amp;expires=5183999&amp;signed_key=14750ef6ccc9d69c326c97bf81a1ac34,Malicious,URLhaus
http://unblocking-pages.000webhostapp.com/kantor/Payment-update-0.html?count=0,Malicious,URLhaus
http://www.govtworkalert.tk/bofa/bofa/ID/home/info.php?cmd=login_submit,Malicious,URLhaus
http://serviceslimitedaccountsecureaccess-cb0b30e.000webhostapp.com/DataBasePayPal/Login/Goto/myaccount/signin/?country.x=FR&amp;locale.x=en_FR,Malicious,URLhaus
http://moonlightdub.com/alibaba/images/login.htm,Malicious,URLhaus
http://unblocking-pages.000webhostapp.com/kantor/Payment-update-01.html?count=0,Malicious,URLhaus
http://cotswoldrealestate.co.uk/dbcrypts/dbcrypts/dbdrives/begin_file/owa.html,Malicious,URLhaus
http://sbsconsultinggroup.com/guhd/office/,Malicious,URLhaus
http://moonlightdub.com/alibaba/Login.htm,Malicious,URLhaus
http://cotswoldrealestate.co.uk/dbcrypts/dbcrypts/dbdrives/begin_file/google.html,Malicious,URLhaus
http://horchner.net/mines/happy/,Malicious,URLhaus
http://lord16.com/dschigt/scramble/microsoftonline/,Malicious,URLhaus
http://service-confirmation-customers.jakarta6666666.com/wp-content/plugins/ubh/78399443/,Malicious,URLhaus
http://l6vypqet-site.1tempurl.com/jjjytrvint/index.html,Malicious,URLhaus
http://l6vypqet-site.1tempurl.com/jjjytrvint/information.php,Malicious,URLhaus
http://portale-titolari-nexi-italia-online-verifica-nexi.it.infomazione.nexi-identita.czechrailwaytickets.co.uk/portale/www.nexi.it/business/,Malicious,URLhaus
http://alain5tq.beget.tech/rf/mili/6d6ea967bd585929d13587d94da0279c/index_2.html,Malicious,URLhaus
http://eraambiente.it/Bofa/,Malicious,URLhaus
http://espoint.it/try/.secure/,Malicious,URLhaus
http://amelin89.beget.tech/Assurancemaladieameli/a9c4f831edc2c6354b0c8905590ed972/,Malicious,URLhaus
http://amelin89.beget.tech/Assurancemaladieameli/1aa9368ec2c0dd0559ab49152c2b4a40/index_2.html,Malicious,URLhaus
http://labviewpro.org/tempfiles/4a7b97431a213e25164c9e218eb0a31b/4a7b9743,Malicious,URLhaus
http://tgsfabbro.it/bofaonlinesecuritycheck,Malicious,URLhaus
http://secure-2018.000webhostapp.com/Payment-update-0.html?count=0,Malicious,URLhaus
http://infodiirectives.000webhostapp.com/web/site/index.html,Malicious,URLhaus
http://pwfurnishings.com/wp-admin/alibaba/alibaba/index.php?email=abuse@gmai.com,Malicious,URLhaus
http://vanpeskiconsult.org/cquel/office/,Malicious,URLhaus
https://www.carlock.com.ve/mcx/dnn/chase/card.php,Malicious,URLhaus
http://www.motva.ir/libaries/ou.php,Malicious,URLhaus
https://securityceckpoin.000webhostapp.com/bayar/set.html,Malicious,URLhaus
http://bit.do/dZUQ8,Malicious,URLhaus
http://www.confirm-acount.co.nf/,Malicious,URLhaus
http://garrylikes.men/a/image.htm,Malicious,URLhaus
https://www.carlock.com.ve/yies/redirect.php,Malicious,URLhaus
https://www.carlock.com.ve/mcx/dnn/chase/index.php,Malicious,URLhaus
https://movimientopopularalternativo.org.ve/ltd/dropbox-0/,Malicious,URLhaus
http://child-safe-kits.com/Home/irs.php,Malicious,URLhaus
http://aileronedge.com/classes/work/offf/off.ice/service/,Malicious,URLhaus
http://explode-vt.de/media/system/js/docs/44d5fc589e3bebf082b7dda946a5f5b4,Malicious,URLhaus
http://anaisaza.beget.tech/roinuin/on/VG76RF7HU/PortailAS/appmanager/PortailAS/assure_somtc=true/e75919acab33cddce6200284632d9307/index_2.html,Malicious,URLhaus
http://anaisaza.beget.tech/roinuin/on/VG76RF7HU/PortailAS/appmanager/PortailAS/assure_somtc=true/d94f03db78599b65a939739c3f56e363/index_2.html,Malicious,URLhaus
http://www.clevercrowcreative.com/wp-admin/network/docs/fe62845fc5a6052853ae6423eaedb529/,Malicious,URLhaus
http://www.clevercrowcreative.com/wp-admin/network/docs/404d7813b2fabd4a48a00f841cda9583/,Malicious,URLhaus
http://www.clevercrowcreative.com/wp-admin/network/docs/016ca19b37499101b548c3c725170064/,Malicious,URLhaus
http://www.clevercrowcreative.com/wp-admin/network/docs/96c2a42d13d2c043ea389fdedb0b094c/,Malicious,URLhaus
http://sbintell.com/weichertpm/doc/f9484de11eefb2cf6370bd09e8c283a3/,Malicious,URLhaus
https://your-waarningpages.ga/?facebook.com=chekpoint,Malicious,URLhaus
http://thecashcowformula.net/account/webby/verification/update/2017/webby/index.html,Malicious,URLhaus
http://qponn.net/configuration/mobilizing/1d55f2cd7b3eccc3fca3064aa1b83a55/,Malicious,URLhaus
http://manaveeyamnews.com/css/sed/GD/PI/e8c43695d45587a2c28b0807bb7d5a5f/,Malicious,URLhaus
http://explode-vt.de/media/system/js/docs/cea21587d19261c2fd7ab63d16592803/,Malicious,URLhaus
http://softwarline.com/BB/fis/mobi_two.php,Malicious,URLhaus
http://bbseguranca.ga/,Malicious,URLhaus
http://bbseguranca.ga,Malicious,URLhaus
http://warumrauchen.com/tnt/www.bb.com.br/?-20&amp;520_07-@A7A,Malicious,URLhaus
http://sport.lo3.wroc.pl/tmp/seg1-bancodobrasil-mobil/,Malicious,URLhaus
http://banking-bb-org.umbler.net/,Malicious,URLhaus
https://concorrag3.sslblindado.com/astasidutyuisdyufhiuasdhitasidtuihsdutuisdhtauasdtuihsdiatisdatuihsdatihsdiathisdathisdatihsdatihsdithiasdthiasdhtisdhatihsdiathduihdisuthiasduthisdhtiusdhudhfisdhtihdisuthidsuhfidhtiuhsdithidusthidushiuthisdthiusdthuihsdtiuhsdtiuhsuidt/afsadhuiasdhtuisdhiuhiuahkjahfuiashdtjkhsduihfuhgiuhsiudhtuihstiuhasdithiasdhtiasdhtihisdauthidsuhfihdasitusduithasidthisduhtiuhsdtuihsdituhsudithsdituhiusdhtisaditusdiauthsduithiufhuasdihtuihsdtiuhdsithiuhsdiuhfuhsdiuthisadthiuasth/registro.php?token=qxYqhSnIbdeYS6rN1ChUHF1gKxzDZILy,Malicious,URLhaus
https://turuncumedya.org/si/BOA/index.php,Malicious,URLhaus
http://www.athena.co.id/yahb/YAHOO/login.html,Malicious,URLhaus
http://unblocking-pages.000webhostapp.com/kantor/Payment-update-01.html?fb_source=bookmark_apps,Malicious,URLhaus
http://www.ghousiasports.com/system/cached/Alibaba.com/images/login.htm,Malicious,URLhaus
http://ghousiasports.com/system/cached/Alibaba.com/redirect.php,Malicious,PhishTank
http://contactenos.fundacionmarialuisa.org/etisalat/,Malicious,URLhaus
http://ghousiasports.com/system/cache/login.alibaba.com/,Malicious,PhishTank
http://brinblog.ru/wow/login.html,Malicious,PhishTank
http://www.salsakurslari.com/wp-includes/fonts/ou.php,Malicious,PhishTank
http://tanlaonline.com/Equipment/fe3b3828c30dde1386ef28f892f51a26/,Malicious,PhishTank
https://ferrysdecuba.com/870.909.809.769.657/,Malicious,PhishTank
http://g-42.org/Docc/GD/GD/,Malicious,PhishTank
http://sewtlove.000webhostapp.com/web%20333ffff/Account%20Support/account%20support/admin%20verify/index.html,Malicious,PhishTank
http://desertinn.ca/happyholidays/file/index.php,Malicious,PhishTank
http://outtlooklive.000webhostapp.com/login/index.php,Malicious,PhishTank
http://dropoffice-connectsdot.000webhostapp.com/Office365.php,Malicious,PhishTank
http://fawaz-abu-amer.000webhostapp.com/web/english43/english43/english43/crypt/index.html,Malicious,PhishTank
http://isimyokburda.000webhostapp.com/phishing/index2.html,Malicious,PhishTank
http://00well0account0.000webhostapp.com/minwelssfargofullemailpassx01%20(1)/minwelssfargofullemailpassx01/1/index.html,Malicious,PhishTank
http://tilmamorto.000webhostapp.com/Online/PNCa7o/1/index.html,Malicious,PhishTank
http://appositional-acid.000webhostapp.com/Iykemoni/koko/kudo1/Sign%20in%20to%20your%20Microsoft%20account.html,Malicious,PhishTank
http://banjong.000webhostapp.com/couting/englishhss/crypt/index.html,Malicious,PhishTank
http://app-1510835976.000webhostapp.com/Office365(1).php,Malicious,PhishTank
http://draggled-intelligen.000webhostapp.com/tt/english%20(1)/Account%20Support/account%20support/admin%20verify/index.html,Malicious,PhishTank
https://bigbazzarbd.com/login.php?cmd=login_submit&amp;id=13095381b32bcba54de56b737904855e13095381b32bcba54de56b737904855e&amp;session=13095381b32bcba54de56b737904855e13095381b32bcba54de56b737904855e,Malicious,PhishTank
http://pandragon.com.hk/wp-admin/product/HotBox/Hott/,Malicious,PhishTank
https://biomedics.000webhostapp.com/googldocs/Docssecured/index.php,Malicious,PhishTank
http://pekuwuruka.000webhostapp.com/kjgfgjhgjhfgghg/kjgfgjhgjhfgghg/eess/rrtt/index.html,Malicious,PhishTank
http://aomedu.com/data/membei/dir/Information.html,Malicious,PhishTank
https://rohida.uknowva.com/jpmorgan/update/64bf5f73dad59e81ba7fe65a1daf3fd5/Identification.php,Malicious,PhishTank
http://sacurity-2018.000webhostapp.com/Payment-update-01.html?fb_source=bookmark_apps,Malicious,PhishTank
https://unblocking-pages.000webhostapp.com/kantor/recovery-answer.html?=10065877425?fb_source=bookmark_apps&amp;ref=bookmarks&amp;count=0&amp;fb_bmpos=login_failed,Malicious,PhishTank
http://terserahmu.000webhostapp.com/recovery-answer.html?=10065877425?f=,Malicious,PhishTank
http://www.reported-account-unblocking.com/help-fb/fb.mobile/error_card.html,Malicious,PhishTank
http://yasli-sad.ru/css/chase/chaseall%20newinfo_ad_3/Validation/step2.php,Malicious,PhishTank
http://yasli-sad.ru/css/chase/chaseall%20newinfo_ad_3/Validation/step1.php,Malicious,PhishTank
http://yasli-sad.ru/css/chase/chaseall%20newinfo_ad_3/Validation/step1.php?cmd=login_submit,Malicious,PhishTank
http://jawi55v.000webhostapp.com/recovery-answer.html?=10065877425?fb_s=,Malicious,PhishTank
https://rohida.uknowva.com/jpmorgan/update/2a30e3ad00d8ff28c8b6a0f7fc37e955/,Malicious,PhishTank
http://rohida.uknowva.com/jpmorgan/update/2a30e3ad00d8ff28c8b6a0f7fc37e955,Malicious,PhishTank
http://rohida.uknowva.com/jpmorgan/update/2a30e3ad00d8ff28c8b6a0f7fc37e955/,Malicious,PhishTank
https://rohida.uknowva.com/jpmorgan/update/64bf5f73dad59e81ba7fe65a1daf3fd5/,Malicious,PhishTank
https://www.drdalmau.com/wp-admin/doc1/xdocusignxF/docusign/?userid=%%Email%%,Malicious,PhishTank
https://secure-safety-2017.000webhostapp.com/Payment-update-01.html?fb_source=bookmark_apps,Malicious,PhishTank
https://fbcdn.6c25d930c3e6fa6664be70de2b8b66cf.gq/facebook/,Malicious,PhishTank
http://tarjetasplaystation.com/wp-content/zip/dropbox1/dropbox1/index.html,Malicious,PhishTank
http://www.allmartbd.com/dev/hd/yahoo/kelly.html,Malicious,PhishTank
https://secure-2018.000webhostapp.com/Payment-update-01.html?fb_source=bookmark_apps&amp;ref=bookmarks&amp;count=0&amp;fb_bmpos=login_failed,Malicious,PhishTank
https://secure-2018.000webhostapp.com/recovery-chekpoint-login.html,Malicious,PhishTank
http://www.martelinhomogi.com.br/asb.co.nz/login.htm,Malicious,PhishTank
https://rhbtradesmart.co.id/wp-content/modules/oauth/ase.com/ChasefooL/,Malicious,PhishTank
http://mebel-samsam.ru/actividad.inusual/01007BR097/Banreservas/Login.htm,Malicious,PhishTank
https://secure17.000webhostapp.com/Payment-update-0.html?count=0&amp;fb_bmpos=login_failed&amp;fb_source=bookmark_apps&amp;ref=bookmarks,Malicious,PhishTank
http://www.manaveeyamnews.com/hwp/GD/PI/84b66ef5c828256e056f8a2dee7d59dc/,Malicious,PhishTank
http://www.habbocreditosparati.blogspot.com/,Malicious,PhishTank
http://www.formbuddy.com/cgi-bin/formdisp.pl?u=Twice&amp;f=LLM,Malicious,PhishTank
http://compreenderdireito.com.br/azr/index/confirm.php?cmd=login_submit&amp;id=83ffde1e6c6d258e7b1180c63cb900c983ffde1e6c6d258e7b1180c63cb900c9&amp;session=83ffde1e6c6d258e7b1180c63cb900c983ffde1e6c6d258e7b1180c63cb900c9,Malicious,PhishTank
https://sacurity-2018.000webhostapp.com/recovery-chekpoint-login.html,Malicious,PhishTank
http://appleblush.net/cbi/wellsfargo/identity.php,Malicious,PhishTank
https://detectinfologs020.000webhostapp.com/recovery-chekpoint-login.html,Malicious,PhishTank
http://huskyshack.com.au/.chase/Chase-Morgan/Solution-centre0chaseOnline/ChaseOnline0-ChaseOnline0Chaseonline/New%20Chase/Validation/step1.php?cmd=login_submit&amp;id=8b0b72db5e3dc0224963c941e3c72cbf8b0b72db5e3dc0224963c941e3c72cbf&amp;session=8b0b72db5e3dc022496,Malicious,PhishTank
http://huskyshack.com.au/.chase/Chase-Morgan/Solution-centre0chaseOnline/ChaseOnline0-ChaseOnline0Chaseonline/New%20Chase/Validation/login.php,Malicious,PhishTank
http://www.collex.com.vn/online/onlinebanking/index.htm,Malicious,PhishTank
http://mpcedu.com.bd/fjkjkfj/files/index.php,Malicious,PhishTank
http://stephanehamard.com/components/com_joomlastats/FR/c70beb7dd67098770eb02874533b5f88/,Malicious,PhishTank
https://www.manaveeyamnews.com/hwp/GD/PI/84b66ef5c828256e056f8a2dee7d59dc/,Malicious,PhishTank
http://huskyshack.com.au/.chase/Chase-Morgan/Solution-centre0chaseOnline/ChaseOnline0-ChaseOnline0Chaseonline/New%20Chase/Validation/step1.php?cmd=login_submit&amp;id=765ccc5577624ffbcc9cce826b56e620765ccc5577624ffbcc9cce826b56e620&amp;session=765ccc5577624ffbcc9,Malicious,PhishTank
http://kocupss.com/wp-includes/js/jquery/ui/yahoo/index.html,Malicious,PhishTank
http://qponn.net/wp-content/bookmark/1594971c7415418b0ac0a21c58af3912/,Malicious,PhishTank
http://avisodesegurancas.com/appbb/,Malicious,PhishTank
http://renamsocreton.expert/att.net/Indexxatt.htm,Malicious,PhishTank
http://mandrranch.com/yah0022/client.yah00332/2323welcom00ol88/445co0ntilokoteds/chivit0olol43400/5454autenticaion0in/magneticstrxx/New%20Yahoo%20scampage/index.php,Malicious,PhishTank
http://www.marinhomultimarcas.com.br/modules/general/?,Malicious,PhishTank
http://clarkkent.sslblindado.com/Bankers/cef/cef_priv8/resource/decoded/zn/info.php,Malicious,PhishTank
http://fb-secure-info2018.000webhostapp.com/Payment-update-01.html?fb_,Malicious,PhishTank
http://camplakefire.com.au/wp-admin/includes/navy/,Malicious,PhishTank
http://butegayrimenkul.com/cha/wells-fargo-2017/questions.htm,Malicious,PhishTank
http://www.qigongjournal.com/adobe-admin/adobe-viewer/index.php?userid=%E2%96%88%E2%96%88%E2%96%88%E2%96%88%E2%96%88%E2%96%88@%E2%96%88%E2%96%88%E2%96%88%E2%96%88%E2%96%88%E2%96%88%E2%96%88%E2%96%88.%E2%96%88%E2%96%88%E2%96%88%22,Malicious,PhishTank
http://www.clevercrowcreative.com/wp-admin/network/docs/62093165b7d0e4a63972ebb30a385cff/,Malicious,PhishTank
http://coyunturas.org/img/rcseubgjsbt/BOA/home/,Malicious,PhishTank
http://coyunturas.org/img/rcseubgjsbt/BOA/home/login.php?cmd=login_submit&id=390be71d6afce3030621eadc890d2a63390be71d6afce3030621eadc890d2a63&session=390be71d6afce3030621eadc890d2a63390be71d6afce3030621eadc890d2a63,Malicious,PhishTank
http://coyunturas.org/img/rcseubgjsbt/BOA/home/login.php?cmd=login_submit&amp;id=adc41a87a486b98c91fc9993b4c3b0e2adc41a87a486b98c91fc9993b4c3b0e2&amp;session=adc41a87a486b98c91fc9993b4c3b0e2adc41a87a486b98c91fc9993b4c3b0e2,Malicious,PhishTank
http://contactenos.fundacionmarialuisa.org/etisalat/login.php?cmd=login_submit,Malicious,PhishTank
https://detectinfologs010.000webhostapp.com/recovery-answer.html?=10065877425?fb_source=bookmark_apps&amp;count=0&amp;fb_bmpos=login_failed&amp;ref=bookmarks,Malicious,PhishTank
http://carolsc2.000webhostapp.com/recovery-answer.html?fb_source=bookm,Malicious,PhishTank
http://jobdescriptiontemplate.org/wp-cron/brochure/111DHL/index.php?email=,Malicious,PhishTank
https://butegayrimenkul.com/cha/wells-fargo-2017/verify.php,Malicious,PhishTank
http://www.meilleuremployeuraugabon.com/index/updates.html,Malicious,PhishTank
http://galolaranja.com.br/BofA/BOA/index/login.php?cmd=login_submit&id=96647b82340c197a1d5079a7f1def55a96647b82340c197a1d5079a7f1def55a&session=96647b82340c197a1d5079a7f1def55a96647b82340c197a1d5079a7f1def55a,Malicious,PhishTank
https://butegayrimenkul.com/cha/wells-fargo-2017/details.html,Malicious,PhishTank
http://coyunturas.org/img/rcseubgjsbt/BOA/home/confirm.php?cmd=login_submit&amp;id=7badd80d20d23430e74a8a56f1e0b8777badd80d20d23430e74a8a56f1e0b877&amp;session=7badd80d20d23430e74a8a56f1e0b8777badd80d20d23430e74a8a56f1e0b877,Malicious,PhishTank
http://coyunturas.org/img/rcseubgjsbt/BOA/home/confirm.php?cmd=login_submit&amp;id=47c1fd3398ebe9f7dcdde58d78b27b1447c1fd3398ebe9f7dcdde58d78b27b14&amp;session=47c1fd3398ebe9f7dcdde58d78b27b1447c1fd3398ebe9f7dcdde58d78b27b14,Malicious,PhishTank
http://galolaranja.com.br/BofA/BOA/index/info.php?cmd=login_submit&amp;id=1a1de909818665673016a177a6e95ffb1a1de909818665673016a177a6e95ffb&amp;session=1a1de909818665673016a177a6e95ffb1a1de909818665673016a177a6e95ffb,Malicious,PhishTank
http://www.apsresidentialservices.com/blog/wp-includes/images/smile/login.php?cmd=login_submit&amp;id=bdf7105bc73822228a684e950452bfdebdf7105bc73822228a684e950452bfde&amp;session=bdf7105bc73822228a684e950452bfdebdf7105bc73822228a684e950452bfde,Malicious,PhishTank
http://www.chase-banking-com2.xyz/,Malicious,PhishTank
http://gruposanisidro.mx/photo/login.php?cmd=login_submit&amp;id=1b3a338de12b0a61c6e2cbaa06b66e4e1b3a338de12b0a61c6e2cbaa06b66e4e&amp;session=1b3a338de12b0a61c6e2cbaa06b66e4e1b3a338de12b0a61c6e2cbaa06b66e4e,Malicious,PhishTank
http://www.chase-account-login3.xyz/,Malicious,PhishTank
https://gruposanisidro.mx/pic/login.php?cmd=login_submit,Malicious,PhishTank
http://saylaestate.com/wp-admin/user/webmr-ed.html,Malicious,PhishTank
https://internetvip.net/images/cds/ONEDRIVE/verification.php,Malicious,PhishTank
http://www.chase-banking-com5.xyz/,Malicious,PhishTank
https://000.9.009.09.ekurbani.com/,Malicious,PhishTank
https://000.9.019.09.ekurbani.com/,Malicious,PhishTank
http://000.9.009.09.ekurbani.com/faldtwo.htm,Malicious,PhishTank
http://sms-pojelaniy.ru/vk.com.php,Malicious,PhishTank
http://stracing.hol.es/,Malicious,PhishTank
http://chase-banking-com3.xyz,Malicious,PhishTank
http://chase-banking-com6.xyz,Malicious,PhishTank
http://krasotkinsk.10001mb.com,Malicious,PhishTank
http://chase-account-login3.xyz,Malicious,PhishTank
http://chase-banking-com2.xyz,Malicious,PhishTank
http://chase-account-login5.xyz,Malicious,PhishTank
http://chase-account-login2.xyz,Malicious,PhishTank
http://chase-account-login0.xyz,Malicious,PhishTank
http://zonaseguraviabcip.com/web1/bcp/,Malicious,PhishTank
http://zonaseguraviabcip.com/web2/bcp/,Malicious,PhishTank
http://camilomolano.com.co/,Malicious,PhishTank
https://info527.000webhostapp.com/recovery-chekpoint-login.html,Malicious,PhishTank
https://recovery-35-account-fb.000webhostapp.com/1/active.html,Malicious,PhishTank
http://tim-facebookcom.webnode.com/contact/,Malicious,PhishTank
http://altorgdv.ru/web/index1.php,Malicious,PhishTank
http://altorgdv.ru/web/index1.php?l=_JeHFUq_VJOXK0QWHtoGYDw1774256418&amp;fid.13InboxLight.aspxn.1774256418&amp;fid.125289964252813InboxLight99642_Product-UserID&amp;userid=,Malicious,PhishTank
http://donar.fundacionmarialuisa.org/es/ezee/outlook/outlook/login.php?cmd=login_submit&amp;id=f432ed1d2a9e5e22a13fe4806e83f012f432ed1d2a9e5e22a13fe4806e83f012&amp;session=f432ed1d2a9e5e22a13fe4806e83f012f432ed1d2a9e5e22a13fe4806e83f012,Malicious,PhishTank
http://malitopr7.ga/sdfghj1111111111/prot-ecte/?i=1507108,Malicious,PhishTank
https://pesonagriyabatikku.com/sp/attiinnddeexx_1.php,Malicious,PhishTank
https://www.pesonagriyabatikku.com/sp/attiinnddeexx_1.php,Malicious,PhishTank
http://zonaseguraviabcip.com/via/bcp/,Malicious,PhishTank
http://www.garotaprendada.com.br/Att/att.net.htm,Malicious,PhishTank
http://suspensions.atspace.cc/login.php,Malicious,PhishTank
http://www.aplus-paintinganddecorating.com/,Malicious,PhishTank
http://brown-paper-packages-sa.com/invoice/invoice/134abf4853017cd3dd3f5c48425d7dd6/,Malicious,PhishTank
http://espace-mobile-free-fr.mobilezv.beget.tech/freemobs/facture/moncompte/index.php?clientid=13698&amp;default=d4ade9701d77505fae87c0aaf109c7e1,Malicious,PhishTank
http://www.intnalgroup.com/en-CA/e6627a426dbeac6fe081ec0854a9c605/,Malicious,PhishTank
http://sbintell.com/weichertpm/doc/7b26a8bed1524e98354b23208bd1dd4e/,Malicious,PhishTank
http://canvashub.com/myfiles/ca3f3287bfc5afdd71cfebc33a76a420/login.php?cmd=login_submit,Malicious,PhishTank
http://canvashub.com/myfiles/ca3f3287bfc5afdd71cfebc33a76a420/login.php,Malicious,PhishTank
http://beam.to/upgradeallmail,Malicious,PhishTank
http://bit.ly/2dpUu,Malicious,PhishTank
http://paravision.com.py/WellsFargo/Personal-Account/WellsFargo/SignOn/index.php?customersvcs=1514988343?idlogin=bd1fea00c16b00f904d3775631430223,Malicious,PhishTank
http://canvashub.com/myfiles/0bfb655d105d91b4fafb548f9cb52cbd/step2.php?cmd=login_submit&amp;id=f4dd9d9f528449c1f9693a0410162f14f4dd9d9f528449c1f9693a0410162f14&amp;session=f4dd9d9f528449c1f9693a0410162f14f4dd9d9f528449c1f9693a0410162f14,Malicious,PhishTank
http://www.tbcit.co.uk/mbc.rses/sc.php,Malicious,PhishTank
http://verifique-mobile.com/CcBB/,Malicious,PhishTank
http://app-atualizacao.com/appAreaGFGDFG/,Malicious,PhishTank
https://estudiarenelextranjero.mx/poki/index.html,Malicious,PhishTank
https://service.verification.customers.paypal.ch.gpshawkview.com/secure/V4/myaccount/websc_login/?country.x=US&locale.x=en_US,Malicious,PhishTank
https://www.camilomolano.com.co/index.html,Malicious,PhishTank
http://www.jivansh.com/layout/came/yahoo_files/yahoo.html,Malicious,PhishTank
http://bit.do/bb_desbloqueio,Malicious,PhishTank
http://solving-informa-id88533567.couriersformissingchildren.org/bofa/ID/home/info.php?cmd=login_submit&amp;id=2b5008a72ee0df2f15026341b0ee714c2b5008a72ee0df2f15026341b0ee714c&amp;session=2b5008a72ee0df2f15026341b0ee714c2b5008a72ee0df2f15026341b0ee714c,Malicious,PhishTank
http://1mikesflooring.ca/source/log/linkedin/Linkedin/SignIn.php,Malicious,PhishTank
http://zonadehospitales.mx/proforma/New/ii.php?.rand=13InboxLight.aspx?n=1774256418&amp;email=abuse@myder.com&amp;fav.1=&amp;fid=1&amp;fid=4&amp;fid.1=&amp;fid.1252899642=&amp;fid.4.1252899642=&amp;rand=13InboxLightaspxn.1774256418&amp;rand.13InboxLight.aspxn.1774256418=,Malicious,PhishTank
http://service-settings.000webhostapp.com/Payment-update-0.html?a=,Malicious,PhishTank
https://mpcedu.com.bd/fjkjkfj/files/index.php,Malicious,PhishTank
https://securevip01.000webhostapp.com/payment-update.html?ref=settings_nav,Malicious,PhishTank
http://ytyp.000webhostapp.com/upgrade_credit_card.html,Malicious,PhishTank
https://mpcedu.com.bd/fjkjkfj/files/,Malicious,PhishTank
http://regenfield.com/wp-content/Update-Your-Account/amelii/index_2.html,Malicious,PhishTank
http://www.urbanrenewalproperties.com/wp-admin/js/home/confirm.php?cmd=login_submit&amp;id=2bdb7bc95e2f9c88da53ef01ee2d54a22bdb7bc95e2f9c88da53ef01ee2d54a2&amp;session=2bdb7bc95e2f9c88da53ef01ee2d54a22bdb7bc95e2f9c88da53ef01ee2d54a2,Malicious,PhishTank
http://www.urbanrenewalproperties.com/wp-admin/js/home/info.php?cmd=login_submit&amp;id=c15cc6360913b1f72bfc97a408c68d83c15cc6360913b1f72bfc97a408c68d83&amp;session=c15cc6360913b1f72bfc97a408c68d83c15cc6360913b1f72bfc97a408c68d83,Malicious,PhishTank
http://albertoramosyasocsa.com.ar/wp-admin/kiwik.nz/unlock.kiwi.nz/yourkeepSafekiwi.php,Malicious,PhishTank
http://visittobali.com/ouu/Indexxatt/Indexxatt.htm,Malicious,PhishTank
http://mobile-free-fr.freemooe.beget.tech/espace/freemobs/moncompte/index.php?clientid=13698&amp;default=a983f1482aaede7a81f00491b663c60a,Malicious,PhishTank
http://mobile-free-fr.freemooe.beget.tech/espace/freemobs/moncompte/index.php?clientid=13698&amp;default=eaeb5895f0e1850fd7e865f20e973fad,Malicious,PhishTank
http://unblocking-acccount.000webhostapp.com/kantor/Payment-update-01.html?count=0&amp;fb_bmpos=login_failed&amp;fb_source=bookmark_apps&amp;ref=bookmarks,Malicious,PhishTank
http://malyhgl2.beget.tech/5crlmp/,Malicious,PhishTank
http://wlh-bih.com/libraries/phpmailer/language/Feb/fib/fib/finaly/cgibin/ucc/pross/cmd=/secc/esp/web/confirm.html??cmd=step2&amp;Dispatch=rt69183nn6cc0z31d9521d,Malicious,PhishTank
http://wlh-bih.com/libraries/phpmailer/language/Feb/fib/fib/finaly/cgibin/ucc/pross/cmd=/secc/esp/web/billing.html?cmd=step2&amp;Dispatch=ce82062aa5dd7e94f84f9d,Malicious,PhishTank
http://mobile-free-fr.freemooe.beget.tech/espace/freemobs/moncompte/index.php?clientid=13698&amp;default=691828f8c47a00f08a87cfa204e62b17,Malicious,PhishTank
http://janganpercaya.000webhostapp.com/recovery-answer.html?=10065877425?fb_source=bookmark_apps,Malicious,PhishTank
https://secure.yourpage.gq/?facebook.com,Malicious,PhishTank
https://ytyp.000webhostapp.com/upgrade_credit_card.html,Malicious,PhishTank
http://gilbertodepaz.com/upgrade/directory/identify/upgrade/validateonline/login.php?cmd=login_submit&id=db6bf1a56be50ebb08db890a97d9c44fdb6bf1a56be50ebb08db890a97d9c44f&session=db6bf1a56be50ebb08db890a97d9c44fdb6bf1a56be50ebb08db890a97d9c44f,Malicious,PhishTank
https://settings-security.000webhostapp.com/Payment-update-0.html?count=0,Malicious,PhishTank
http://fb-secure-info2018.000webhostapp.com/Payment-update-0.html?fb_source=bookmark_apps&amp;ref=bookmarks&amp;count=0&amp;fb_bmpos=login_failed,Malicious,PhishTank
http://59.92.91.21:50815/Mozi.m,Malicious,PhishTank
http://178.16.54.200/files/7553285948/aMwx7Cm.exe,Malicious,PhishTank
ttps://zoom.girirajpaudel.com.np/zu/Windows/download.php,Malicious,PhishTank
https://osaro.000webhostapp.com/log/UPGRADE%20YOUR%20MAILBOX/verificationprocess.php,Malicious,PhishTank
https://download856.mediafire.com/94662bwboasglaDNoubJjopdbyJSVRMuh_730l0AQ0ubOZDmK_E60w9csAtjZhFwrmkDwKDQER3DvTVOFTugW3WZbiSKbJ9GpePhAU0MmgIMeIsVrbPWJJEwypcYeJFRWErtgaxzZgUXDE5AmhZT2zSCnMbmZS4Dz5vtQwF4E4r-oA/aq7zclabpjvcm0i/5fy3ev37rn.exe,Malicious,PhishTank
http://221.14.173.211:35221/i,Malicious,PhishTank
http://190.55.21.89:56995/i,Malicious,PhishTank
http://125.41.103.10:35496/bin.sh,Malicious,PhishTank
http://178.16.54.200/files/5917492177/zAITnzZ.exe,Malicious,PhishTank
https://thedeadcassettes.com/qwertyplokmnbvcxzuiopasdfghjklrtyu/AdobeReader.exe,Malicious,PhishTank
http://124.234.205.192:59222/.i,Malicious,PhishTank
http://190.55.21.89:56995/bin.sh,Malicious,PhishTank
http://182.116.116.136:38955/i,Malicious,PhishTank
http://213.209.143.62/UnHAnaAW.i586,Malicious,PhishTank
http://222.141.78.61:53292/i,Malicious,PhishTank
http://112.198.186.249:47300/i,Malicious,PhishTank
http://112.198.186.249:47300/bin.sh,Malicious,PhishTank
http://182.116.116.136:38955/bin.sh,Malicious,PhishTank
http://27.215.54.119:39259/i,Malicious,PhishTank
http://115.62.191.150:51823/i,Malicious,PhishTank
http://123.11.75.31:33918/i,Malicious,PhishTank
http://115.63.231.195:35693/bin.sh,Malicious,PhishTank
http://182.117.167.135:60410/i,Malicious,PhishTank
http://117.193.169.35:57576/bin.sh,Malicious,PhishTank
https://mesh.papervolt.ru/6f8ahf53,Malicious,PhishTank
http://182.116.48.133:48582/i,Malicious,PhishTank
http://115.62.191.150:51823/bin.sh,Malicious,PhishTank
http://222.141.78.61:53292/bin.sh,Malicious,PhishTank
http://61.52.38.177:47006/i,Malicious,PhishTank
http://120.28.210.41:37761/bin.sh,Malicious,PhishTank
http://182.117.167.135:60410/bin.sh,Malicious,PhishTank
http://123.11.75.31:33918/bin.sh,Malicious,PhishTank
http://24.54.95.49:55616/i,Malicious,PhishTank
http://60.209.187.209:33176/i,Malicious,PhishTank
http://182.116.122.72:51860/bin.sh,Malicious,PhishTank
http://115.52.65.208:52893/bin.sh,Malicious,PhishTank
http://125.43.92.102:54725/i,Malicious,PhishTank
http://117.192.153.37:49303/bin.sh,Malicious,PhishTank
https://byte.jaxdrill.ru/s4j4j1t6,Malicious,PhishTank
https://vale.zenith-snap.ru/gmicnbax,Malicious,PhishTank
http://27.10.66.223:42971/bin.sh,Malicious,PhishTank
http://219.156.17.168:37258/bin.sh,Malicious,PhishTank
http://123.11.200.116:49213/bin.sh,Malicious,PhishTank
https://rift.zenith-snap.ru/8rsosywc,Malicious,PhishTank
https://012.zenith-snap.ru/2czt9iwb,Malicious,PhishTank
http://222.141.178.58:54501/i,Malicious,
http://125.44.51.140:42784/i,Malicious,
http://220.201.146.16:48696/i,Malicious,
http://115.59.79.80:57915/i,Malicious,
http://61.52.38.177:47006/bin.sh,Malicious,
http://125.40.122.194:46705/bin.sh,Malicious,
http://220.201.146.16:48696/bin.sh,Malicious,
http://91.231.222.192/arm,Malicious,
http://27.222.244.107:43451/i,Malicious,
http://113.236.129.131:44242/i,Malicious,
http://123.10.147.125:55976/i,Malicious,
http://182.127.153.93:37462/i,Malicious,
http://27.222.244.107:43451/bin.sh,Malicious,
http://123.10.147.125:55976/bin.sh,Malicious,
http://27.206.93.183:38043/i,Malicious,
http://123.7.40.114:37834/bin.sh,Malicious,
http://219.155.56.123:35355/i,Malicious,
http://182.127.153.93:37462/bin.sh,Malicious,
http://123.12.177.162:55744/i,Malicious,
https://nz.echozig.ru/kn53mlr7,Malicious,
http://182.116.117.151:45535/i,Malicious,
http://123.9.243.193:47430/i,Malicious,
http://27.206.93.183:38043/bin.sh,Malicious,
http://42.239.150.192:43942/bin.sh,Malicious,
https://grid6.wreckly.ru/ol7khikw,Malicious,
http://182.116.117.151:45535/bin.sh,Malicious,
http://123.9.243.193:47430/bin.sh,Malicious,
http://123.172.77.171:46697/bin.sh,Malicious,
https://grid6.wreckly.ru/52qwailp,Malicious,
https://7r.wreckly.ru/6we5kzfz,Malicious,
http://115.63.231.195:35693/i,Malicious,
http://27.207.160.103:47744/bin.sh,Malicious,
http://112.255.129.109:59423/bin.sh,Malicious,
http://123.190.105.40:58254/bin.sh,Malicious,
http://115.48.163.92:49984/i,Malicious,
http://91.231.222.192/mips,Malicious,
http://179.108.89.220:37874/i,Malicious,
http://110.37.42.225:36661/i,Malicious,
http://196.190.195.28:44946/i,Malicious,
http://94.183.232.177/chuckfuck/woah/nignak/wewe3.johnsmith,Malicious,
http://94.183.232.177/chuckfuck/woah/nignak/wewe4.johnsmith,Malicious,
http://94.183.232.177/chuckfuck/woah/nignak/wewe7.johnsmith,Malicious,
http://94.183.232.177/chuckfuck/woah/nignak/wewe9.johnsmith,Malicious,
http://94.183.232.177/chuckfuck/woah/nignak/wewe10.johnsmith,Malicious,
http://94.183.232.177/chuckfuck/woah/nignak/wewe11.johnsmith,Malicious,
http://94.183.232.177/chuckfuck/woah/nignak/wewe8.johnsmith,Malicious,
http://94.183.232.177/chuckfuck/imagine/ohhellnawyoufoundme,Malicious,
http://94.183.232.177/chuckfuck/hijacked/hidden,Malicious,
http://94.183.232.177/chuckfuck/woah/nignak/wewe12.johnsmith,Malicious,
http://94.183.232.177/chuckfuck/woah/nignak/wewe6.johnsmith,Malicious,
http://94.183.232.177/chuckfuck/woah/nignak/wewe1.johnsmith,Malicious,
http://94.183.232.177/chuckfuck/woah/nignak/wewe5.johnsmith,Malicious,
http://94.183.232.177/chuckfuck/woah/tpfuckyoulink.sh,Malicious,
http://94.183.232.177/chuckfuck/woah/nignak/wewe2.johnsmith,Malicious,
http://94.183.232.177/chuckfuck/woah/tpfuckyoulink,Malicious,
http://219.155.208.27:59223/bin.sh,Malicious,
http://178.16.54.200/files/2020593187/eC8JqPr.exe,Malicious,
http://179.108.89.220:37874/bin.sh,Malicious,
http://110.37.42.225:36661/bin.sh,Malicious,
http://110.37.50.54:56624/i,Malicious,
http://119.184.61.133:34801/bin.sh,Malicious,
http://112.246.100.240:60856/bin.sh,Malicious,
http://182.114.198.110:48654/i,Malicious,
http://196.190.195.28:44946/bin.sh,Malicious,
http://125.95.235.22:55710/bin.sh,Malicious,
http://42.226.79.39:38759/bin.sh,Malicious,
http://94.183.232.177/ohmygawdignoreme/wewe10.johnsmith,Malicious,
http://115.55.57.199:42812/bin.sh,Malicious,
http://42.226.78.47:49396/i,Malicious,
http://94.183.232.177/ohmygawdignoreme/wewe5.johnsmith,Malicious,
http://112.248.102.237:38885/i,Malicious,
http://200.6.91.47:50372/i,Malicious,
http://176.65.148.153.ptr.pfcloud.network/frost.aarch64,Malicious,
http://176.65.148.153.ptr.pfcloud.network/frost.mipsel,Malicious,
http://176.65.148.153.ptr.pfcloud.network/frost.x86,Malicious,
http://176.65.148.153/frost.x86_64,Malicious,
http://176.65.148.153/frost.mips,Malicious,
http://176.65.148.153/frost.armv5,Malicious,
http://176.65.148.153.ptr.pfcloud.network/frost.mips,Malicious,
http://176.65.148.153.ptr.pfcloud.network/frost.armv5,Malicious,
http://176.65.148.153/frost.armv6,Malicious,
http://176.65.148.153/frost.armv7,Malicious,
http://176.65.148.153/frost.x86,Malicious,
http://176.65.148.153.ptr.pfcloud.network/router.draytek-rep.sh,Malicious,
http://176.65.148.153.ptr.pfcloud.network/frost.armv7,Malicious,
http://176.65.148.153.ptr.pfcloud.network/ipcam.goahead-rep.sh,Malicious,
http://176.65.148.153.ptr.pfcloud.network/dvr.lilin-rep.sh,Malicious,
http://176.65.148.153.ptr.pfcloud.network/router.lblink-rep.sh,Malicious,
http://176.65.148.153.ptr.pfcloud.network/dvr.jaws.sh,Malicious,
http://176.65.148.153.ptr.pfcloud.network/dvr.tvt-rep.sh,Malicious,
http://176.65.148.153/frost.aarch64,Malicious,
http://176.65.148.153/frost.mipsel,Malicious,
http://176.65.148.153/dvr.jaws.sh,Malicious,
http://176.65.148.153.ptr.pfcloud.network/frost.x86_64,Malicious,
http://176.65.148.153.ptr.pfcloud.network/frost.armv6,Malicious,
http://110.37.46.191:55961/i,Malicious,
http://42.226.78.47:49396/bin.sh,Malicious,
http://219.155.56.123:35355/bin.sh,Malicious,
http://27.220.81.93:52131/i,Malicious,
http://200.6.91.47:50372/bin.sh,Malicious,
http://178.16.54.200/files/8438458984/suRao4f.exe,Malicious,
http://115.55.225.63:43410/i,Malicious,
http://110.37.46.191:55961/bin.sh,Malicious,
http://61.52.156.242:54717/bin.sh,Malicious,
http://117.192.233.112:57986/bin.sh,Malicious,
http://110.37.126.248:60864/i,Malicious,
http://23.160.56.21/p.txt,Malicious,
http://115.55.225.63:43410/bin.sh,Malicious,
http://125.45.11.188:52664/i,Malicious,
https://ux.twist-nova.ru/wwnjlnj1,Malicious,
http://182.119.191.127:45198/i,Malicious,
http://182.114.35.81:48881/i,Malicious,
http://188.137.250.243/updater.exe,Malicious,
http://115.51.3.255:37499/bin.sh,Malicious,
http://182.116.34.212:50345/i,Malicious,
http://61.163.129.235:42915/i,Malicious,
http://125.45.11.188:52664/bin.sh,Malicious,
http://110.37.126.248:60864/bin.sh,Malicious,
http://113.120.56.121:52249/i,Malicious,
http://61.53.91.39:33426/i,Malicious,
http://115.50.225.112:46621/i,Malicious,
http://182.127.176.57:40864/i,Malicious,
http://219.155.208.27:59223/i,Malicious,
http://123.12.177.162:55744/bin.sh,Malicious,
http://42.86.169.37:49059/i,Malicious,
http://115.50.225.112:46621/bin.sh,Malicious,
http://83.219.1.198:48643/i,Malicious,
http://61.53.91.39:33426/bin.sh,Malicious,
https://loom.vorticeye.ru/4h3bzvb7,Malicious,
https://echo.vorticeye.ru/tnyfn4id,Malicious,
http://182.115.241.140:37105/i,Malicious,
http://182.113.47.96:40000/i,Malicious,
http://182.127.176.57:40864/bin.sh,Malicious,
http://60.19.47.38:44138/i,Malicious,
http://60.19.47.38:44138/bin.sh,Malicious,
http://106.40.64.206:57061/i,Malicious,
http://125.44.253.157:33702/i,Malicious,
http://115.52.99.156:45729/i,Malicious,
http://83.219.1.198:48643/bin.sh,Malicious,
https://echo9.vorticeye.ru/qm5atb0u,Malicious,
http://87.121.84.99/bins/mipsel,Malicious,
http://115.49.30.45:34436/bin.sh,Malicious,
http://190.109.228.53:46949/bin.sh,Malicious,
http://87.121.84.99/bins/x86,Malicious,
http://117.245.3.215:43786/i,Malicious,
http://106.40.64.206:57061/bin.sh,Malicious,
http://182.117.40.17:45853/i,Malicious,
http://125.41.103.162:37408/bin.sh,Malicious,
http://114.227.244.26:34944/.i,Malicious,
https://nova1.st3elflare.ru/q5flocrt,Malicious,
http://115.58.133.247:47303/i,Malicious,
http://117.200.234.177:56912/i,Malicious,
http://110.39.225.83:57675/i,Malicious,
http://115.63.40.3:53916/i,Malicious,
https://vector.zenithsnap.ru/cmh8msvh,Malicious,
http://182.117.40.17:45853/bin.sh,Malicious,
http://158.94.208.102/xuib.exe,Malicious,
http://115.58.133.247:47303/bin.sh,Malicious,
http://125.45.64.212:35379/i,Malicious,
http://31.58.58.234/main_mpsl,Malicious,
http://110.37.50.54:56624/bin.sh,Malicious,
http://117.200.234.177:56912/bin.sh,Malicious,
http://42.229.218.223:44277/i,Malicious,
http://123.11.74.222:54365/bin.sh,Malicious,
https://lz3y.gl1tchgarden.ru/emfmyxz1,Malicious,
http://61.53.73.157:36410/bin.sh,Malicious,
http://110.39.237.168:35170/bin.sh,Malicious,
http://125.45.48.144:33208/i,Malicious,
http://125.45.64.212:35379/bin.sh,Malicious,
https://l5sd.gl1tchgarden.ru/yc0da8ow,Malicious,
http://222.136.80.41:52065/bin.sh,Malicious,
http://42.6.50.158:45385/bin.sh,Malicious,
http://42.6.50.158:45385/i,Malicious,
https://8bg.bashglider.ru/gmrj34xy,Malicious,
http://178.16.54.200/files/7948739500/osRr1Dz.exe,Malicious,
http://221.14.62.120:46543/i,Malicious,
http://115.55.62.241:54467/i,Malicious,
http://125.45.48.144:33208/bin.sh,Malicious,
http://182.116.21.222:43739/bin.sh,Malicious,
https://zil.bashglider.ru/0jfecums,Malicious,
http://175.147.230.141:48118/i,Malicious,
http://27.206.234.135:52607/i,Malicious,
http://221.14.62.120:46543/bin.sh,Malicious,
http://182.116.49.33:55291/bin.sh,Malicious,
https://kamm.starfiare.ru/zh2mh78i,Malicious,
http://125.43.92.102:54725/bin.sh,Malicious,
https://hostingdanfe.store/filea.dat,Malicious,
https://glow.starfiare.ru/hnosqsh7,Malicious,
https://hostingdanfe.store/fileb.dat,Malicious,
https://licht.cioudbr1nk.ru/y5wh236v,Malicious,
http://27.37.119.161:38495/i,Malicious,
http://175.147.230.141:48118/bin.sh,Malicious,
https://eiopause934.com/39gne.exe,Malicious,
http://182.126.109.122:41133/i,Malicious,
http://175.168.245.144:57771/i,Malicious,
https://favorable-aim-743921.framer.app/,Malicious,
http://37.83.71.249/video.scr,Malicious,
https://wf9ol.mssg.me/,Malicious,
https://activate-moneypak.com/,Malicious,
http://www.mmi.izo.temporary.site,Malicious,
https://mez.ink/meznewwstuppds22,Malicious,
https://linqapp.com/xdsfaeag?r=link,Malicious,
https://my-site-104171-103990.weeblysite.com/,Malicious,
https://home106493.weeblysite.com/,Malicious,
https://biolinky.co/infosever/,Malicious,
https://renewcudirectpay.de/k/s/a/index,Malicious,
https://btinternet-101255.weeblysite.com,Malicious,
https://bt-voice-jkesdfbljkfd.weeblysite.com,Malicious,
https://abv-103696.weeblysite.com,Malicious,
https://sellingaustintx.com/?f=,Malicious,
https://my-site-101602-104503.weeblysite.com,Malicious,
https://log-in-105980tshiumnbt.weeblysite.com,Malicious,
https://btinternetchfh-103837.weeblysite.com,Malicious,
https://btinternetertry-104742.weeblysite.com,Malicious,
https://btinternet-108384.weeblysite.com,Malicious,
https://pay.nomezero.sbs/z0qn35d6OEvg98m,Malicious,
https://web-sso-coinbase-app.square.site/,Malicious,
https://project-nav-cnbase-logn.square.site/,Malicious,
https://meta-support-edge.pages.dev/,Malicious,
https://secure-login-trezur.typedream.app/,Malicious,
https://similar-wealth-952936.framer.app/,Malicious,
https://site-8bbeubmoo.godaddysites.com/,Malicious,
https://mein.dkdb.de.e20c6131c286bee4.www-w10-dkk.digital/togo/def/login/dkb/login.php,Malicious,
https://edf-france-energie.com/,Malicious,
https://odpoved-prevadzka.dinajamilah.hu/,Malicious,
https://btdesk.framer.website/,Malicious,
https://subscribepage.io/sveKoC,Malicious,
http://subscribepage.io/sveKoC,Malicious,
https://dkbacc.assignmentbirdie.com/login.php,Malicious,
https://bit.ly/3WStNxD,Malicious,
https://bitly.net/3TQF9kT,Malicious,
https://bitly.cx/L4RWz,Malicious,
https://bitly.cx/8KtTN,Malicious,
https://bitly.cx/9rzPJ,Malicious,
https://bitly.net/3QqQBlL,Malicious,
https://pay.bitlyredirecty.site/lqv130y9erLZxbj,Malicious,
https://xmn.gampsarma.com/r/eNOfuFY,Malicious,
http://jempage.com/dxhmzrg/dpkyjto/awvlrgk/qVyxWBmtG2vvr8jW5aNVu10rrYJqIc1chafsG/,Malicious,
http://lavkaschastya.com/assets/images/G6GYHePxt50nNrzsP3qmGaaLX7pNr5mQytrqwdf/,Malicious,
https://setingwallet.info/wallets/index.html,Malicious,
http://bd-game.com/sourice/credit/oshirharai/index.html/#/,Malicious,
https://bd-game.com/sourice/credit/oshirharai/index.html/#/,Malicious,
https://bdvdbdbgdbgdb.carrd.co/,Malicious,
https://predesigned-137-56143.grwebsite.co.uk/,Malicious,
https://allegrolokalnie.pl-7390184.icu/microsoft-xbox-series-x-1tb-2-/97004,Malicious,
https://colisrelaypanel.com/,Malicious,
https://www.info.assurancemaladiecarte-vitale.com,Malicious,
https://colisrelaypanel.com/index.php,Malicious,
https://info.assurancemaladiecarte-vitale.com,Malicious,
https://lorannesmans.com/vzgftjrm,Malicious,
https://www3-vpass-jp.phcky.cn/?apply=U0zXdBdDIfFpWPPM7oMwQGsaB3K1ZcVyzZ,Malicious,
https://lorannesmans.com/vzgftjrm/,Malicious,
https://www3-vpass-jp.ajfid.cn/?convert=YJRh6lPV1nkxgV4ZGNFUuORW,Malicious,
https://raikuen-bank.2h7jid.top/?applied=hkhFsomEWNwSorpytIOG,Malicious,
https://yangzhie293.com/ilniuaox,Malicious,
https://contact-relais-locker.com/,Malicious,
https://yangzhie293.com/ilniuaox/,Malicious,
https://qwggdhkeac.zuven.cfd/qvmingsf,Malicious,
https://championelec.com/?f=,Malicious,
https://contact-relais-locker.com/as.php,Malicious,
http://dj0fsdfh2.giydad.workers.dev,Malicious,
https://decapio.com/,Malicious,
https://zh-hans-aiyingsports.com,Malicious,
https://brt-euit.icu/login?token=hiRIuKtp,Malicious,
https://familiar-provide-408651.framer.app/,Malicious,
https://occulll-btttt.weeblysite.com/,Malicious,
https://knuchpdaipmb.myfunnelish.com/,Malicious,
https://novakrealtyllc.com/?f=,Malicious,
https://santiagoanthony.com/?f=,Malicious,
https://gogxbwnxhzmv.myfunnelish.com/,Malicious,
https://jhgnerttp.com/ris/iniciar/,Malicious,
https://redirect63.wixsite.com/my-site-3,Malicious,
https://bt-100270.weeblysite.com/,Malicious,
https://btt-connnnnn.sellfy.store/,Malicious,
https://www.surveymonkey.com/r/H3C89QF,Malicious,
https://shejrgbhf.weeblysite.com/,Malicious,
https://b-101704.weeblysite.com/,Malicious,
https://bt-broadbandstella.sellfy.store/,Malicious,
https://733656.cc/1onos-mugun/,Malicious,
https://adaptable-cogwheel-378939.framer.app/,Malicious,
https://more-leaders-824429.framer.app/,Malicious,
https://bt-internet-109082.weeblysite.com/,Malicious,
https://bt-109832.weeblysite.com/,Malicious,
https://artistlink.xyz/@btinternetconnect,Malicious,
https://lovable-stick-462563.framer.app/,Malicious,
https://linqapp.com/mmm6?r=link,Malicious,
https://quick-part-552147.framer.app/,Malicious,
https://my-site-106049-104655.weeblysite.com/,Malicious,
https://btt-104161.weeblysite.com/,Malicious,
https://linqapp.com/jean_wiggings?r=link,Malicious,
https://frequent-kimchi-536272.framer.app/,Malicious,
http://www.klarna-info.de,Malicious,
https://home-100487.weeblysite.com/,Malicious,
http://estreladosul.mg.gov.br/images/banners/update/update/chaseonline/update.profile.php/,Malicious,
https://liderezglobal.digital/,Malicious,
https://xnmek.cn/a1/h2/adsa=docomotiaos/,Malicious,
https://thetoliiroads.com/,Malicious,
https://wdaqece.cn/g1/g/2ds=docomos/,Malicious,
https://centre-m-relay.com/,Malicious,
https://agoda-connect.vercel.app/,Malicious,
https://app-com-trezor.vercel.app/,Malicious,
https://huukien02.github.io/huy_vu/,Malicious,
https://bzncla.com/ghvtevti/,Malicious,
https://vvityaedkpbdmx.net/M2jC5vRn/,Malicious,
https://www3-vpass.kqccn.cn/,Malicious,
https://dkjarkl.cn/i1/h1/a2/jaccss/,Malicious,
https://www.ccawypaint.top,Malicious,
https://vpass-jp.zpuza.cn/,Malicious,
https://vlwwsx.cn/Login/,Malicious,
https://piaiaa.agency/security/login2.php,Malicious,
https://verifplala00.org/cgi-bin/update1,Malicious,
https://bestengineering.com.au/plala.email/,Malicious,
https://matseguros.com,Malicious,
https://genaistudio.in/jp/Sites/index.html,Malicious,
http://secure-ledgr-faq.neocities.org,Malicious,
https://secure-ledgr-faq.neocities.org/,Malicious,
https://io-guide-helps.neocities.org/,Malicious,
https://help-start-eng.neocities.org/,Malicious,
https://arzaeterna.com/,Malicious,
https://busdmpunew.firebaseapp.com/,Malicious,
http://interieursite.be/adminMyAccount/myaccount.earthlink.net/cam/config/webmail,Malicious,
https://docs.google.com/forms/d/e/1FAIpQLSfxEjMGQxHHP9GpTO85l-3r1qS4_BAK8kvLwel6zghPDmJVaw/viewform?usp=send_form,Malicious,
https://connexgri.web.app/,Malicious,
https://w4pukkn.duckdns.org/,Malicious,
https://sitebildzdemood.firebaseapp.com/,Malicious,
https://ruthpowity.firebaseapp.com/,Malicious,
https://t.co/Iq3mOz92f6,Malicious,
https://gett-support-verify-info.start.page/,Malicious,
https://t.co/BWVE2Egjdy,Malicious,
http://cajatruj1llo.com.pe/,Malicious,
https://e-tax-nta.web.app/,Malicious,
http://caja-trujillo.com.pe/,Malicious,
https://www.rihabpc.com/,Malicious,
https://xn----8sbenebo4al1d2aq.xn--p1ai/,Malicious,
https://ohiohistory.myportfolio.com/,Malicious,
https://relay142.web.app/,Malicious,
https://cloud.mymailwall.com/n/url?l=VN-E1tUGaaaaaa&amp;u=http://nexvir.com/api/img/index.html,Malicious,
https://m76387ht.firebaseapp.com/,Malicious,
https://libreriatinta.com/seine/meine/,Malicious,
https://mitld-brugerld.web.app/,Malicious,
https://aoxnprtll.firebaseapp.com/,Malicious,
https://fbcenter-case100510563211.web.app/,Malicious,
http://bancaonline0103.webcindario.com/home.php,Malicious,
https://mitld-brugerld.firebaseapp.com/,Malicious,
https://exportorg.myportfolio.com/,Malicious,
https://alertascliente.webcindario.com/,Malicious,
https://info-log88data-centerpoin.start.page/,Malicious,
https://ipfs.best-practice.se/ipfs/QmXV3LeA2iFpXCyLk7Kh1xVUNrztNciBhrmPWJMFE81Tn1/,Malicious,
https://vkontakte.ru/away.php?cc_key=ckjZNo&to=https://homehq.shop/wp-content/themes/api.php,Malicious,
https://plum-octopus-898011.hostingersite.com/,Malicious,
https://csvhwubije.web.app/,Malicious,
https://myinternetinput.weebly.com/,Malicious,
https://tujourslaforcedefrappe.firebaseapp.com/,Malicious,
https://ipfs.best-practice.se/ipfs/bafybeiczo4drtuu76juzj3ha3klq47pam64znhoovrphwxreynbyh44qrq/fengwetr,Malicious,
https://store.workshopmodscreate.com/sharedfiles/filesdetails/awp-ryoko/,Malicious,
https://account-verfiy.github.io/Account-request/,Malicious,
https://wallegamutto.vercel.app/baxgmba.html/vabavca.html,Malicious,
http://device.mysign-mircrosoft.com/,Malicious,
https://comtechsolu.com/sharepoint,Malicious,
https://premikuziksovgas.xyz/,Malicious,
https://premikuziksovgas.shop/,Malicious,
https://www.swiss.com-membership.co/?fbclid=PAQ0xDSwL2SP9leHRuA2FlbQEwAGFkaWQBqyZhbvLSFgGnMaGduaqo6EXtWvYH9WuwNIMrrxfUrasEZ95KyZ23GCiXPG-c-rotTb_zR1E_aem_a1m5T8ba-9wdC5B-vgNmMw&amp;utm_campaign=120232013095740566&amp;utm_content=120232014491030566&amp;utm_id=120232013095740566&amp;utm_medium=paid&amp;utm_term=120232014490920566,Malicious,
http://e-statecment.biz.id/,Malicious,
https://grrz-vesst-giff-hadiaa.pages.dev/,Malicious,
http://allegrolokalnie.pl-oferta0152491.icu/,Malicious,
http://allegro.pl-oferta27494290.sbs,Malicious,
http://allegro.pl-218438592o.sbs,Malicious,
https://allegrolokalnie.pl-92875835.cfd,Malicious,
https://livraisons-infos-fr.com/pages/index.php,Malicious,
https://promoimperdivelaereas.shop/checkout/688c13071e5c7/index,Malicious,
https://smlcborodthvipjp.top/KRVhOa/#/,Malicious,
https://kreken_x_logins.godaddysites.com/,Malicious,
https://www.voos-nacional-internacional-premium.com/checkout/688bbbfd67c7f/index,Malicious,
https://livraisons-infos-fr.com/,Malicious,
https://panel-shibprotocol.net,Malicious,
https://service-orange-reunion.com/,Malicious,
http://allegro.pl-oferta4877780.cfd,Malicious,
https://hu0ku9.top/XpDG57SCXS,Malicious,
https://confirmation-appareil-confiance.com/index.php,Malicious,
https://promoimperdivelaereas.shop/checkout/688e7e2186a5e/index,Malicious,
https://bn-auth1.webcindario.com,Malicious,
https://bt-103933-100778.weeblysite.com/,Malicious,
https://lakshmipurbarta.net.bd/lbf/,Malicious,
https://docs.google.com/presentation/d/e/2PACX-1vSG5cJC_1xQOIVzMZMfKo8g5jDZTn4lo6373HZ65u4292v9_Gyq4yRs17467s0Bdprj9u1pOg6Lie-z/pub?start=false&amp;loop=false&amp;delayms=3000,Malicious,
https://sbidtqnbw.top/ETGate/,Malicious,
https://chance-a-checkmark.vercel.app/,Malicious,
https://ammanjordanammann.blogspot.com/,Malicious,
https://americalineapro.online,Malicious,
https://online.dependencies.life/connectivities.shtml?holder=a@b.com,Malicious,
https://novobando.icu/,Malicious,
https://www.dropbox.com/scl/fi/7een3wd11y7c799yte0pl/Your-Bill-Is-Available.paper?rlkey=ovr7u4umil6hk4sr856p4ef0b&dl=0,Malicious,
https://coursier-fr-suivi.com/,Malicious,
https://coursier-fr-suivi.com/as.php,Malicious,
https://www-programme-mardi-fr.com/,Malicious,
https://expd-coursier.com/as.php,Malicious,
https://secured-oval-561775.framer.app/,Malicious,
https://bridgeflyxnet.netlify.app/,Malicious,
https://qrco.de/bgLRDr,Malicious,
https://revenue.payfkv.cc/,Malicious,
https://mon-transit-fr.com/as.php,Malicious,
https://aukro.584231.sbs/9Y7M2T7Z2U8,Malicious,
https://celcom-life-my.weebly.com/,Malicious,
https://suivre-mes-achats.com/,Malicious,
https://onenetworksa.com/client/,Malicious,
https://azure-choices-465914.framer.app/,Malicious,
http://solicitudes-bhd-online.vercel.app/,Malicious,
https://lexieconsulting.com/,Malicious,
https://colissimo-reunion-frais.com/,Malicious,
https://sp51949.sitebeat.crazydomains.com/,Malicious,
http://br386.teste.website/~sarai235/ACESSOSEGURABRADESCO.COM.BR/shtm/desktop/home.php?cli=&amp;/hNPwLpg4we/PAvIWlDKAW.php,Malicious,
http://joannegenzone.com/deal/office/Sign_in/,Malicious,
http://hydrerasoftware.com/madeinchina/made/made.php,Malicious,
http://labviewpro.net/tempfiles/4a7b97431a213e25164c9e218eb0a31b/4a7b9743/,Malicious,
http://dogecoingon.ga/BankOfAmerica/card.php,Malicious,
https://concorrag3.sslblindado.com/astasidutyuisdyufhiuasdhitasidtuihsdutuisdhtauasdtuihsdiatisdatuihsdatihsdiathisdathisdatihsdatihsdithiasdthiasdhtisdhatihsdiathduihdisuthiasduthisdhtiusdhudhfisdhtihdisuthidsuhfidhtiuhsdithidusthidushiuthisdthiusdthuihsdtiuhsdtiuhsuidt/afsadhuiasdhtuisdhiuhiuahkjahfuiashdtjkhsduihfuhgiuhsiudhtuihstiuhasdithiasdhtiasdhtihisdauthidsuhfihdasitusduithasidthisduhtiuhsdtuihsdituhsudithsdituhiusdhtisaditusdiauthsduithiufhuasdihtuihsdtiuhdsithiuhsdiuhfuhsdiuthisadthiuasth/registro.php?token=qxYqhSnIbdeYS6rN1ChUHF1gKxzDZILy,Malicious,
http://app-1506650844.000webhostapp.com/,Malicious,
http://guinneko.beget.tech/Secure.management/,Malicious,
http://app-twit175secure.000webhostapp.com/,Malicious,
https://busanamuslimbagus.co.id/limited/limited/wealth/,Malicious,
https://www.mountzioncc.org.uk/rida/customer_center/customer-IDPP00C812/myaccount/signin/,Malicious,
http://habiram.net/data/member/01039962518/bookmark/bookmark/ii.php?.rand=13InboxLight.aspx?n=1774256418,Malicious,
http://huskyshack.com.au/.chase/Chase-Morgan/Solution-centre0chaseOnline/ChaseOnline0-ChaseOnline0Chaseonline/New%20Chase/Validation/step1.php?cmd=login_submit&amp;id=8b0b72db5e3dc0224963c941e3c72cbf8b0b72db5e3dc0224963c941e3c72cbf&amp;session=8b0b72db5e3dc022496,Malicious,
http://huskyshack.com.au/.chase/Chase-Morgan/Solution-centre0chaseOnline/ChaseOnline0-ChaseOnline0Chaseonline/New%20Chase/Validation/step1.php?cmd=login_submit&amp;id=765ccc5577624ffbcc9cce826b56e620765ccc5577624ffbcc9cce826b56e620&amp;session=765ccc5577624ffbcc9,Malicious,
https://carterdrywall.com/4%25%5e%25&amp;$%5e%25%23%25%5e%23%5e%25&amp;%236/,Malicious,
http://nebi.ge/mbc.rses/sc.php,Malicious,
http://4inno.com/09091/login.php?cmd=login_submit&amp;id=fd794e7e8abe8a88bc5e72619c82f855fd794e7e8abe8a88bc5e72619c82f855&amp;session=fd794e7e8abe8a88bc5e72619c82f855fd794e7e8abe8a88bc5e72619c82f855,Malicious,
http://4inno.com/09091/login.php?cmd=login_submit&amp;id=487bd36f53f670f0673cb269add0b93f487bd36f53f670f0673cb269add0b93f&amp;session=487bd36f53f670f0673cb269add0b93f487bd36f53f670f0673cb269add0b93f,Malicious,
http://donar.fundacionmarialuisa.org/es/ezee/outlook/outlook/login.php,Malicious,
http://lbotolgi.beget.tech/PP/post/index.php,Malicious,
http://tic.app5slite.com/?page=prot-ecte&amp;i=1507108,Malicious,
http://www.labviewpro.net/tempfiles/4a7b97431a213e25164c9e218eb0a31b/4a7b9743/,Malicious,
http://zonadehospitales.mx/proforma/New/ii.php?.rand=13InboxLight.aspx?n=1774256418&amp;email=abuse@myder.com&amp;fav.1=&amp;fid=1&amp;fid=4&amp;fid.1=&amp;fid.1252899642=&amp;fid.4.1252899642=&amp;rand=13InboxLightaspxn.1774256418&amp;rand.13InboxLight.aspxn.1774256418=,Malicious,
http://page-support-be.clan.su/security-page.html,Malicious,
http://increse.net/images/img/verify/mail/index.php?rand=13InboxLightaspxn.1774256418,Malicious,
https://secure.yourpage.gq/,Malicious,
https://kalimantiangjolok25.000webhostapp.com/images/Payment-update-0.html?count=0,Malicious,
https://gilbertodepaz.com/upgrade/directory/identify/upgrade/validateonline/,Malicious,
https://secure17.000webhostapp.com/recovery-answer.html?=10065877425?fb_source=bookmark_apps&amp;count=0&amp;fb_bmpos=login_failed&amp;ref=bookmarks,Malicious,
http://coveryouracct888122400.000webhostapp.com/recovery-answer.html?=10065877425?fb_source=bookmark_apps,Malicious,
http://hentech.com.hk/img/office360/,Malicious,
https://vafre.com.mx/cgi2/boa%202017%20final/login.php?cmd=login_submit&id=909c39d90af75380c81c1f177d5f1cca909c39d90af75380c81c1f177d5f1cca&session=909c39d90af75380c81c1f177d5f1cca909c39d90af75380c81c1f177d5f1cca,Malicious,
http://dataque.com/account.e.communication.office/,Malicious,
http://settings-pro.000webhostapp.com/Payment-update-0.html?fb_source=bookmark_apps,Malicious,
http://abmhs.ro/pages/ou.php,Malicious,
http://sendmypacket.com/j/,Malicious,
http://noticee0-reportslogsinfo030.000webhostapp.com/recovery-answer.html?=10065877425?fb_source=bookmark_apps&amp;count=0&amp;fb_bmpos=login_failed&amp;ref=bookmarks,Malicious,
https://settings-pro.000webhostapp.com/recovery-answer.html?=100658774,Malicious,
http://intnalgroup.com/en-CA/7367a2bec07555ae23c2f61cdc540b3d/,Malicious,
http://pme1.mail.tpimidia.com/cgi-bin/ed/c.pl?269729009-717-eDocFBack_YQK3E62S_8682511_2224_mlmonteiro@terra.com.br,Malicious,
http://www.greatitaupersonal.com/atualizacao/home.html,Malicious,
http://pirgos-restaurant.com/libraries/index_/ees/index.php,Malicious,
http://datstruct.com/wp-includes/js/tinymce/skins/wordpress/images/derict/5e76d8a42b31727dc01564c6c3fa5b4b/Connexion.php?cmd=_Connexion,Malicious,
http://jbpimages.com/wp-includes/icici/info.htm,Malicious,
https://detectinfologs00.000webhostapp.com/recovery-chekpoint-login.html,Malicious,
http://cg72943.tmweb.ru/Cadastre-se/,Malicious,
http://lcye5vup-site.btempurl.com/sex/Indexxatt.htm,Malicious,
https://toucanandtarpon.com/chase/chase/chase/index.php,Malicious,
http://bruceelliottfashions.com/wp-includes/pomo/doc/invoice/dc94eb6f09929e2d71dece0e93ad7dec/,Malicious,
http://jbpimages.com/wp-includes/icici/grid.html,Malicious,
https://net-pj-pf-portal-1.000webhostapp.com/?id=promocional=id=ricardoeletro=$,Malicious,
https://vip-01protect.000webhostapp.com/index.html,Malicious,
https://fb-secure-info2018.000webhostapp.com/recovery-answer.html?=10065877425?fb_source=bookmark_apps&amp;ref=bookmarks&amp;count=0&amp;fb_bmpos=login_failed,Malicious,
https://wwwpages093.000webhostapp.com/recovery-chekpoint-login.html,Malicious,
https://suporteml.sslblindado.com/,Malicious,
https://suportpages-confrim7.tk/?facebook.com=chekpoint,Malicious,
http://coveracctyourfb998120134.000webhostapp.com/payment-update-01.html?fb_source=bookmark_apps,Malicious,
https://fb-secure-info2018.000webhostapp.com/recovery-chekpoint-login.html,Malicious,
http://lamda-maritime.com/Bofa/security.php,Malicious,
http://secure17.000webhostapp.com/Payment-update-01.html?fb_source=bookmark_apps&amp;ref=bookmarks&amp;count=0&amp;fb_bmpos=login_failed,Malicious,
http://secure17.000webhostapp.com/recovery-answer.html?=10065877425?fb_source=bookmark_apps&amp;ref=bookmarks&amp;count=0&amp;fb_bmpos=login_failed,Malicious,
http://warumrauchen.com/www.bb.com/index-min.php,Malicious,
http://bit.do/dZCAa,Malicious,
http://luizflex.com.br/recadastro2017/bb.com.br/bb/,Malicious,
http://www.kardum-partneri.hr/wp-includes/css/eorro/cn/fd132/,Malicious,
http://kardum-partneri.hr/wp-includes/css/eorro/cn/a09bb/,Malicious,
http://memonkhidmatwelfare.com/chase.bank/fcc.php?LOB=53026,Malicious,
https://secure17.000webhostapp.com/Payment-update-0.html?fb_source=bookmark_apps&amp;ref=bookmarks&amp;count=0&amp;fb_bmpos=login_failed,Malicious,
https://www.kardum-partneri.hr/wp-includes/css/eorro/cn/1af37/,Malicious,
http://reconnectworkshops.com/wp-content/themes/twenty/images/update/chaseonline/login.php?cmd=login_submit&amp;id=67349a6f7a409072aecbfc4ae0b7ea3667349a6f7a409072aecbfc4ae0b7ea36&amp;session=67349a6f7a409072aecbfc4ae0b7ea3667349a6f7a409072aecbfc4ae0b7ea36,Malicious,
http://reconnectworkshops.com/wp-content/themes/twenty/images/update/chaseonline/,Malicious,
https://wqdwqdq2424.000webhostapp.com/Payment-update-01.html?a=,Malicious,
http://aosword.com/filemanager/BBofa/Step1.php?cmd=_account-details&amp;session=c4655f479bd4e0310b487850cb48b920&amp;dispatch=d332104fc2b1a140d65a6898276930bfbe66c076,Malicious,
https://dallas177.arvixeshared.com/~host2d2/acess/d5e617b1d697d773e74c3a5097ab0d48/,Malicious,
http://notifications-team2017.000webhostapp.com/Payment-update-0.html?fb_source=bookmark_apps,Malicious,
http://unblocking-acccount.000webhostapp.com/kantor/Payment-update-0.html?fb_source=bookmark_apps&amp;ref=bookmarks&amp;count=0&amp;fb_bmpos=login_failed,Malicious,
http://unblocking-acccount.000webhostapp.com/kantor/recovery-answer.html?=10065877425?fb_source=bookmark_apps&amp;ref=bookmarks&amp;count=0&amp;fb_bmpos=login_failed,Malicious,
http://subscription-helpdesk-account-online-now-verify.sdjfgfz.com/,Malicious,
http://helpdesk-amzninc-account-online-verify-nowlimited.sdjfgfz.com/,Malicious,
http://printmir.by/ali/index.php?email=archway@yaqirui.com/?,Malicious,
http://necessarius.net/k3n/auto/1e773e0d7ee2591ca8665874fcb08025?ref=3,Malicious,
http://printmir.by/ali/index.php?email=abuse@qdcnc.com,Malicious,
http://pwfurnishings.com/wp-admin/alibaba/alibaba/index.php?email=abuse@ogasco.com,Malicious,
http://pwfurnishings.com/wp-admin/alibaba/alibaba/index.php?email=abuse@cognotec.com,Malicious,
http://pwfurnishings.com/wp-admin/alibaba/alibaba/index.php?email=abuse@shot.com,Malicious,
http://pwfurnishings.com/wp-admin/alibaba/alibaba/index.php?email=abuse@alaliengineering.com,Malicious,
http://pwfurnishings.com/wp-admin/alibaba/alibaba/index.php?email=info@elmax.com,Malicious,
https://unblocking-acccount.000webhostapp.com/kantor/Payment-update-01.html?fb_source=bookmark_apps&amp;ref=bookmarks&amp;count=0&amp;fb_bmpos=login_failed,Malicious,
https://unblocking-acccount.000webhostapp.com/kantor/Payment-update-0.html?fb_source=bookmark_apps&amp;ref=bookmarks&amp;count=0&amp;fb_bmpos=login_failed,Malicious,
https://holle.link/wp-includes/ID3/chaseonilne/chase.com/Logon.aspx/,Malicious,
http://securevip01.000webhostapp.com/payment-update-01.html?=10065877425?fb_source=bookmark_apps&amp;count=&amp;ref=bookmarks,Malicious,
http://info02887166ft.000webhostapp.com/Payment-update-01.html?a=,Malicious,
http://memonkhidmatwelfare.com/chase.bank/fcc.php?LOB=53026&amp;reason=&amp;portal=&amp;dltoken=59d6c662efea75ead85b34b7784ed1e5,Malicious,
http://www.huskyshack.com.au/.chase/Chase-Morgan/Solution-centre0chaseOnline/ChaseOnline0-ChaseOnline0Chaseonline/New%20Chase/Validation/login.php?cmd=login_submit&amp;id=0fc0605a23960000ed0c38908cfd58fb0fc0605a23960000ed0c38908cfd58fb&amp;session=0fc0605a23960000ed0c38908cfd58fb0fc0605a23960000ed0c38908cfd58fb,Malicious,
http://www.huskyshack.com.au/.chase/Chase-Morgan/Solution-centre0chaseOnline/ChaseOnline0-ChaseOnline0Chaseonline/New%20Chase/Validation/,Malicious,
http://yasli-sad.ru/css/chase/chaseall%20newinfo_ad_3/Validation/login.php?cmd=login_submit&amp;id=f1a501ff15028d972b98d62705b68204f1a501ff15028d972b98d62705b68204&amp;session=f1a501ff15028d972b98d62705b68204f1a501ff15028d972b98d62705b68204,Malicious,
http://feedbackcontrol.atspace.cc/login.php,Malicious,
http://vipprocessing.com/apart/index.php,Malicious,
http://yasli-sad.ru/css/chase/chaseall%20newinfo_ad_3/Validation/step1.php?cmd=login_submit&amp;id=79d6390661c68ff777d719baeccbb5cc79d6390661c68ff777d719baeccbb5cc&amp;session=79d6390661c68ff777d719baeccbb5cc79d6390661c68ff777d719baeccbb5cc,Malicious,
http://huskyshack.com.au/.chase/Chase-Morgan/Solution-centre0chaseOnline/ChaseOnline0-ChaseOnline0Chaseonline/New%20Chase/Validation/step1.php?cmd=login_submit&amp;id=a86879966c79f11fd51de2cd4c02b28da86879966c79f11fd51de2cd4c02b28d&amp;session=a86879966c79f11fd51de2cd4c02b28da86879966c79f11fd51de2cd4c02b28d,Malicious,
http://www.lamiciacooking.com.au/css/online-banking/9ddad8c4240ddcfaf73dd64e565284b0/login.php?cmd=login_submit&amp;id=6ee077ecd01bec50c602dec9847f44096ee077ecd01bec50c602dec9847f4409&amp;session=6ee077ecd01bec50c602dec9847f44096ee077ecd01bec50c602dec9847f4409,Malicious,
http://yasli-sad.ru/css/chase/chaseall%20newinfo_ad_3/Validation/step1.php?cmd=login_submit&amp;id=bf8e8361eb2be67fc36bd1108cac2bfebf8e8361eb2be67fc36bd1108cac2bfe&amp;session=bf8e8361eb2be67fc36bd1108cac2bfebf8e8361eb2be67fc36bd1108cac2bfe,Malicious,
http://atgw.agww.com.au/dnn/chase/,Malicious,
http://atgeotech.com.au/jijni/login.php,Malicious,
http://atgeotech.com.au/aaboa/,Malicious,
http://panicimis.in.rs/installationBAK/language/zh-Tz/Chase/Fullz/Homepage.php?https://chaseonline.chase.com/,Malicious,
http://fatg.com.au/wp-includes/dhl/DHLAUTO/index.php,Malicious,
http://atgeotech.com.au/aaboa/accountverification.html,Malicious,
http://atgw.agww.com.au/dnn/chase/card.php,Malicious,
http://atgw.agww.com.au/dnn/chase/verif.php,Malicious,
http://egamandala0031.000webhostapp.com/bayar/mark.html?=10065877425?f,Malicious,
https://checkpointsteep.000webhostapp.com/Unblock/recovery-chekpoint-login.html,Malicious,
http://page-support-2016.esy.es/,Malicious,
http://www.siginlocalecountry.com/recovery/updatepayment.html?=10065877425?fb_source=bookmark_apps&amp;ref=bookmarks&amp;count=0&amp;fb_bmpos=login_failed,Malicious,
http://coveryouracct888122400.000webhostapp.com/payment-update-01.html?fb_source=bookmark_apps&amp;ref=bookmarks&amp;count=0&amp;fb_bmpos=login_failed,Malicious,
https://3dsuppli.com/nba/office/,Malicious,
http://siginlocalecountry.com/recovery/updatepayment.html,Malicious,
http://siginlocalecountry.com/recovery/,Malicious,
http://france.pushkinlibrary.kz/Login/fr/Ameli/cc/1/07563021e9ed4ae151292a478907e138/index_2.html,Malicious,
http://tientrung.vn/.la/pro/cmd-login=ef8acdd149a6d630d80645ff9a46eb95/,Malicious,
http://coveryouracct888122400.000webhostapp.com/recovery-chekpoint-login.html,Malicious,
http://nangelini.com/wp-content/themes/twentysixteen/template-parts/default/821f69c82d980439d00d5ce377d5730a/Snd/default/b6702c41fa2aec87e638737db33eaf48/,Malicious,
http://nangelini.com/wp-content/themes/twentysixteen/template-parts/default/821f69c82d980439d00d5ce377d5730a/Snd/default/08d97c2493ba5a5ab3a0c02c3e4de776/,Malicious,
http://rochfashionstudio.com/id/1a238d9ab5a7e3dde4ef34addae1cfdd/,Malicious,
http://saralaska.org/grafiks/gdoc-secure/a42939204c55d992d6279e79319cd92b/,Malicious,
http://login.ozlee.com/16664b7a3b1e43784c15779b2fb6291eNGExZjFhNTcyMWE2NTYxZmFhZjI4OTU2YjBhZDU5ODY=/,Malicious,
http://nangelini.com/wp-content/themes/twentysixteen/template-parts/default/821f69c82d980439d00d5ce377d5730a/Snd/default/6ab4ad35c9ab53f129a0a618d2d6a44b/,Malicious,
http://saralaska.org/grafiks/gdoc-secure/fd20710c41954c3e9f8c5e1b9a725b83/,Malicious,
http://animagineer.com/wp-includes/certificates/z7eea/fc9b226bd48c43f3bf7cfae3b6ee6b7d/,Malicious,
https://reconfim-accountinfologs.000webhostapp.com/recovery-chekpoint-login.html,Malicious,
http://vip01-secure.000webhostapp.com/payment-update.html?ref=setting,Malicious,
http://labofart.org/sg/impots/imp-ghx333/redirection.php?g4d3bdOsiuarHDdBl0bEP6dBVy_wP1WJ6XZDh7nemRp9bv2mHJ0HYZaZV6xWExsS,Malicious,
https://ve-protect002.000webhostapp.com/payment-update.html?ref=settings_nav&amp;tab=payments,Malicious,
http://sukalah.000webhostapp.com/recovery-answer.html?=10065877425?fb,Malicious,
http://sukalah.000webhostapp.com/recovery-answer.html?=10065877425?fb_,Malicious,
http://terserahmu.000webhostapp.com/recovery-answer.html?=10065877425,Malicious,
http://recoveracct881557.000webhostapp.com/payment-update-01.html?fb_s=,Malicious,
http://activity-frivacy001.000webhostapp.com/confirmations/payment-update.html?ref=settings_nav,Malicious,
http://activity-frivacy001.000webhostapp.com/confirmations/payment-update-01.html?=10065877425?fb_source=bookmark_apps,Malicious,
https://downlinepress.com/identification/webapps/customer_center/customer-IDPP00C346/myaccount/signin/?country.x=US&locale.x=en_US,Malicious,
https://downlinepress.com/identification/webapps/customer_center/customer-IDPP00C346/,Malicious,
http://vip001-secure.000webhostapp.com/payment-update-01.html?=10065877425?fb_source=bookmark_apps&amp;ref=bookmarks&amp;count,Malicious,
http://vip001-secure.000webhostapp.com/payment-update-01.html?=10065877425?fb_source=bookmark_apps,Malicious,
http://www.vineyard-garden.com/images/fd54210820809acfdc555f00542e5799/,Malicious,
http://settings-security.000webhostapp.com/Payment-update-01.html?fb_source=bookmark_apps,Malicious,
http://ve-protect002.000webhostapp.com/payment-update.html?ref=settings_nav,Malicious,
https://vip001-secure.000webhostapp.com/payment-update-01.html?=100658,Malicious,
https://noticee0-reportslogsinfo020.000webhostapp.com/recovery-answer.html?=10065877425?fb_source=bookmark_apps,Malicious,
http://recoveracct881557.000webhostapp.com/payment-update-0.html?=10065877425?fb_source=bookmark_apps,Malicious,
http://sitesclaims-notfrepots020.000webhostapp.com/recovery-answer.html?=10065877425?fb_source=bookmark_apps,Malicious,
https://info02887166ft.000webhostapp.com/Payment-update-01.html?a=,Malicious,
http://settings-pro.000webhostapp.com/recovery-answer.html?=100658774,Malicious,
https://securevip01.000webhostapp.com/payment-update.html?ref=settings_nav&amp;tab=payments,Malicious,
https://securevip01.000webhostapp.com/payment-update-01.html?=10065877425?fb_source=bookmark_apps&amp;count=&amp;ref=bookmarks,Malicious,
https://dstep4.colzbenk.top/sparkassen_banking/online_ban_king_anmeldung.php?starten=RFbP2gun4zIVG3WvyK8JtiroAjE0qL&shufflUri?=et4fPYurklAdK3D5CQiS,Malicious,
http://www.bit.ly/2zXdEdq,Malicious,
https://cstep3.colzbenk.top/sparkassen_banking/online_ban_king_anmeldung.php,Malicious,
https://bstep2.colzbenk.top/sparkassen_banking/online_ban_king_anmeldung.php,Malicious,
http://egamandala0031.000webhostapp.com/bayar/marks.html?fb_source=bookmark_apps,Malicious,
http://settings-pro.000webhostapp.com/Payment-update-01.html?fb_source=bookmark_apps&amp;ref=bookmarks&amp;count=0&amp;fb_bmpos=login_failed,Malicious,
http://wqdwqdq2424.000webhostapp.com/Payment-update-01.html?a=,Malicious,
http://sitesclaims-notfrepots020.000webhostapp.com/recovery-answer.html?=10065877425?fb_source=bookmark_apps&amp;count=0&amp;fb_bmpos=login_failed&amp;ref=bookmarks,Malicious,
http://vip01-secure.000webhostapp.com/payment-update-01.html?=10065877,Malicious,
http://ve-protect002.000webhostapp.com/payment-update-01.html?=10065877425?fb_source=bookmark_apps&amp;count=&amp;ref=bookmarks,Malicious,
http://recoveracct881557.000webhostapp.com/payment-update-01.html?coun=,Malicious,
http://info02887166ft.000webhostapp.com/Payment-update-01.html?a=&amp;=,Malicious,
http://terserahmu.000webhostapp.com/recovery-answer.html?=10065877425?fb_source=bookmark_apps,Malicious,
https://sitesclaims-notfrepots020.000webhostapp.com/recovery-answer.html?=10065877425?fb_source=bookmark_apps&amp;count=0&amp;fb_bmpos=login_failed&amp;ref=bookmarks,Malicious,
https://adobe-online-reader-file-pdfdocument-pdf.000webhostapp.com/phpnet.php?code=2000500,Malicious,
http://vip01-secure.000webhostapp.com/payment-update.html?ref=settings_nav&amp;tab=payments,Malicious,
http://ve-protect002.000webhostapp.com/payment-update.html?tab=payments,Malicious,
http://vip01-secure.000webhostapp.com/payment-update.html?ref=settings_nav,Malicious,
http://camplakefire.com.au/include/chase-online/home/confirm.php,Malicious,
http://assemblgroup.com/ww/8eef918ed75a259d0e351fa9ded0afaa/home/,Malicious,
http://rererara733.000webhostapp.com/publick/revery/revery/1error.html?wo9SpDzhykZCx2HXhwi8IgYRqlqdqot&amp;expires=5183999&amp;signed_key=14750ef6ccc9d69c326c97bf81a1ac34,Malicious,
http://recoverme002211.000webhostapp.com/payment-update-0.html?tab=payments,Malicious,
http://ve-protect002.000webhostapp.com/payment-update-01.html?=10065877425?fb_source=bookmark_apps&amp;ref=bookmarks&amp;count,Malicious,
http://abrazzak.com/login.php?cmd=login_submit&amp;id=2a39f487b191c116e193ae5c3f57c08b2a39f487b191c116e193ae5c3f57c08b&amp;session=2a39f487b191c116e193ae5c3f57c08b2a39f487b191c116e193ae5c3f57c08b,Malicious,
http://khanqahzakariya.lk/wpadmin/ex2017/login.php,Malicious,
http://sukalah.000webhostapp.com/recovery-answer.html?=10065877425?fb_source=bookmark_apps&amp;ref=bookmarks&amp;count=0&amp;fb_bmpos=login_failed,Malicious,
http://mjvo.com/wp-admin/drop/DropNewVasion/Fresh/,Malicious,
http://www.royalbankpacific.com/wp-admin/maint/confirm.htm,Malicious,
http://settings-pro.000webhostapp.com/Payment-update-01.html?fb_sourc,Malicious,
http://egamandala0031.000webhostapp.com/bayar/VisaPayments.html?fb_source=bookmark_apps&amp;ref=bookmarks&amp;count=0&amp;fb_bmpos=login_failed,Malicious,
https://ve-protect002.000webhostapp.com/payment-update-01.html?=10065877425?fb_source=bookmark_apps&amp;ref=bookmarks&amp;count,Malicious,
https://ve-protect002.000webhostapp.com/payment-update.html?tab=payments&amp;ref=settings_nav,Malicious,
https://sites.google.com/site/veprotect002/,Malicious,
https://ve-protect002.000webhostapp.com/index.html,Malicious,
https://egamandala0031.000webhostapp.com/bayar/VisaPayments.html?fb_source=bookmark_apps&amp;ref=bookmarks&amp;count=0&amp;fb_bmpos=login_failed,Malicious,
https://egamandala0031.000webhostapp.com/bayar/marks.html?fb_source=bookmark_apps&amp;ref=bookmarks&amp;count=0&amp;fb_bmpos=login_failed,Malicious,
https://egamandala0031.000webhostapp.com/bayar/mark.html?=10065877425?fb_source=bookmark_apps&amp;ref=bookmarks&amp;count=0&amp;fb_bmpos=login_failed,Malicious,
http://www.mcphersonsa.com/mike/mike/c6bb2d8aa03ecda01c54ae6a9431d54f/,Malicious,
http://recoverme001166.000webhostapp.com/payment-update-0.html?ref=settings_nav,Malicious,
http://www.mcphersonsa.com/mike/mike/2f3f4e31990ea140b60b61db1f70de79/,Malicious,
https://securevip01.000webhostapp.com/payment-update.html?tab=payments&amp;ref=settings_nav,Malicious,
http://universaldrivingschoolnj.com/js/css/wellsnew/login.php?cmd=login_submit,Malicious,
https://tyrannicidal-access.000webhostapp.com/login.php,Malicious,
http://feedbackhere.atspace.cc/login.php,Malicious,
http://universaldrivingschoolnj.com/js/css/wellsnew/login.php,Malicious,
http://tic.app5slite.com/?page=prot-ecte&amp;i=1480390,Malicious,
http://denisegonyea.com/pom/GD/index.php,Malicious,
http://universaldrivingschoolnj.com/js/css/wellsnew/login.php?cmd=login_submit&id=56ff0b3e22787d750256d07fddb56be356ff0b3e22787d750256d07fddb56be3&session=56ff0b3e22787d750256d07fddb56be356ff0b3e22787d750256d07fddb56be3,Malicious,
http://universaldrivingschoolnj.com/js/css/wellsnew/index.php,Malicious,
http://universaldrivingschoolnj.com/js/css/wellsnew/login.php?cmd=login_submit&id=33beeacd3b341ee6c345c8462282694b33beeacd3b341ee6c345c8462282694b&session=33beeacd3b341ee6c345c8462282694b33beeacd3b341ee6c345c8462282694b,Malicious,
http://importarmas.com/modules/mod_feed/Alibaba.html?id=MC1IDX1gEM--h6BmklV77yUjPz71wiS-VpYO1tv3CYQmXmLbAQz8Y5KvFCNlTWFzK6mY8aa,Malicious,
http://mobile-free-fr.freenayq.beget.tech/portail/abonne/moncompte/index.php?clientid=13698&amp;default=a6b9d70da7b448a68a43b8ece5e8e89b,Malicious,
https://vip001-secure.000webhostapp.com/index.html,Malicious,
https://settings-pro.000webhostapp.com/recovery-chekpoint-login.html,Malicious,
http://lchsband.org/wp-includes/certificates/a6a458155f5b055da1ba84d433f3e98fc99e96dd/app/APPLE%20ID/app.php,Malicious,
http://venditacaldaieroma.com/aol.netflix/,Malicious,
http://universaldrivingschoolnj.com/js/css/wellsnew/step2.php,Malicious,
https://janganpercaya.000webhostapp.com/recovery-chekpoint-login.html,Malicious,
http://smokesonstate.com/Gssss/Gssss/436a647c9c752dc05c47d5d118f63e17/,Malicious,
http://plusfree.in/app/locale/admin/mani/home/index.html?utm_medium=re,Malicious,
https://wwwpagesid.000webhostapp.com/recovery-chekpoint-login.html,Malicious,
http://nangelini.com/wp-content/themes/twentysixteen/template-parts/default/821f69c82d980439d00d5ce377d5730a/Snd/default/6ff3a2360a40e5fac9f7bb694ae39a57/,Malicious,
http://www.explode-vt.de/media/system/js/docs/44d5fc589e3bebf082b7dda946a5f5b4/,Malicious,
http://www.vineyard-garden.com/images/d32abf9eca05b4302585f3098f53f0ce/,Malicious,
http://www.avisobbsms.cf/bb-app/,Malicious,
http://recoveracct881557.000webhostapp.com/recovery-answer.html?=10065877425?fb_source=bookmark_apps&amp;count=0&amp;fb_bmpos=login_failed&amp;ref=bookmarks,Malicious,
http://info571000i47001.000webhostapp.com/recovery-answer.html,Malicious,
https://www.kardum-partneri.hr/wp-includes/css/eorro/cn/fd132/,Malicious,
http://kardum-partneri.hr/wp-includes/css/eorro/cn/8e1ca/,Malicious,
http://kardum-partneri.hr/wp-includes/css/eorro/cn/f0fea/,Malicious,
http://www.kardum-partneri.hr/wp-includes/css/eorro/cn/504eb/,Malicious,
http://www.kardum-partneri.hr/wp-includes/css/eorro,Malicious,
http://tigergc1.beget.tech/gv_fr,Malicious,
http://gomezsimonebk.com/Upgrade/bookmark/alibaba/alibaba/index.php?tr,Malicious,
http://nangelini.com/wp-content/themes/twentysixteen/template-parts/default/821f69c82d980439d00d5ce377d5730a/Snd/default/84553dfb68d37c1316fa08f21fa3b321/,Malicious,
http://moretonenterprises.co.uk/language/pdf/,Malicious,
http://essencecomercial.com/xyz/sz/os/mailbox/mailbox/index.php,Malicious,
http://essencecomercial.com/owo/mi/mailbox/domain/index.php?email=abuse@chandhok.com,Malicious,
http://essencecomercial.com/owo/mi/mailbox/domain/index.php,Malicious,
http://essencecomercial.com/owo/mi/mailbox/domain,Malicious,
http://www.double8.me/pdf.excel/xls.Excel/login.php,Malicious,
http://computer-32nf2.stream/view/,Malicious,
http://sanrosindia.com/fonts/cn/mail/c/DHLPARCEL/dhl.php?rand=13InboxL,Malicious,
https://www.double8.me/pdf.excel/xls.Excel/login.php,Malicious,
http://gomezsimonebk.com/Upgrade/bookmark/alibaba/alibaba/index.php?tracelog=edmbi0109&amp;to=abuse@huaxin888.com.cn&amp;biz_type=Notifications_Connections&amp;crm_mtn_tracelog_template=100234013&amp;crm_mtn_tracelog_task_id=8f1fb1ad-d9dc-4e4e-b440-0184a119578d&amp;crm_mtn_tr,Malicious,
http://club-liner.de/auth/acb3e7b7d648b5d5b5fd0bfbff8736c0ZmQ2M2QxMjU3YWQ5Njc4NzRmY2U2YmY5MzZiMmMzYWY=/resolution/websc_login/,Malicious,
http://club-liner.de/auth/98c81299e9981ff738690bc5c875acecNTBkMDQ0NmU4NWZlMTk5M2VjZjRkNmZkMWE5OWEwYzQ=/resolution/websc_login/?country.x=IT&amp;locale.x=it_IT,Malicious,
http://club-liner.de/auth/98c81299e9981ff738690bc5c875acecNTBkMDQ0NmU4NWZlMTk5M2VjZjRkNmZkMWE5OWEwYzQ=/resolution/websc_login/?country.x=IT,Malicious,
http://club-liner.de/auth/5f5866399927277de5563a34970d9b5cZDY3OTRlMGNiNjgwZWE5MTMxMDc0YzAyNjEwNGIwYzY=/resolution/websc_login/?country.x=JP&amp;locale.x=en_JP,Malicious,
http://club-liner.de/auth/5f5866399927277de5563a34970d9b5cZDY3OTRlMGNiNjgwZWE5MTMxMDc0YzAyNjEwNGIwYzY=/resolution/websc_login/?country.x=JP,Malicious,
http://club-liner.de/auth/5f5866399927277de5563a34970d9b5cZDY3OTRlMGNiNjgwZWE5MTMxMDc0YzAyNjEwNGIwYzY=/resolution/websc_login/,Malicious,
http://club-liner.de/auth/5f5866399927277de5563a34970d9b5cZDY3OTRlMGNiNjgwZWE5MTMxMDc0YzAyNjEwNGIwYzY=/resolution/websc_login,Malicious,
http://club-liner.de/auth/0eb239471e08d68c92d480134e47d484OGE4Y2JlMmNkOGU1OWVmYTQ2ZTYxNWQwMGM3MmVhZDA=/resolution/websc_login/?country.x=IT,Malicious,
http://club-liner.de/auth/0d9707aa69bbcd8188e32819131c37eaY2IyNzI2NzkwM2NkYTlhZTU4OGJiMGI3NWQ1NzRmMmE=/resolution/websc_login/?country.x=IE,Malicious,
http://ykkindia.com/images/products/h_products/Mailerdaemon/Mailerdaemon/mailer-daemon.html?anta@eta-ascon.com,Malicious,
http://club-liner.de/auth/98c81299e9981ff738690bc5c875acecNTBkMDQ0NmU4NWZlMTk5M2VjZjRkNmZkMWE5OWEwYzQ=/resolution/websc_login/,Malicious,
https://double8.me/pdf.excel/xls.Excel/login.php?cmd=login_submit&amp;id=ac71514244ab4e2261f67f7f01303bf2ac71514244ab4e2261f67f7f01303bf2&amp;session=ac71514244ab4e2261f67f7f01303bf2ac71514244ab4e2261f67f7f01303bf2,Malicious,
http://www.foreverdivine.com.au/safe/Payment-update-01.html?fb_source=bookmark_apps,Malicious,
http://ameli-remboursement.cf/login/Assurance/confirmation/id/285c1ed1a28cba8623c84bf254caf5ce/,Malicious,
http://ameli-remboursement.cf/login/Assurance/confirmation/id/3fbd2d3dd86dcb79505339c6d2a2348d/,Malicious,
http://panoramiks.ru/manager/frames/newboap/newboap/ccss/index/,Malicious,
http://www.apostile-haga.ro/wp-includes/pomo/hotis/step2-authen.php,Malicious,
https://www.apostile-haga.ro/wp-includes/pomo/hotis/index.php,Malicious,
http://info02887166ft.000webhostapp.com/Payment-update-0.html,Malicious,
http://recoverme001166.000webhostapp.com/payment-update-0.html?ref=set,Malicious,
https://onlinebanking.swiftnairaalert.com/sso/login?josso_back_to=https%3A%2F%2Fonline.bdo.com.ph%2Fsso%2Fjosso_security_check,Malicious,
https://onlinebanking.swiftnairaalert.com/,Malicious,
https://fb-sistem-recovery.000webhostapp.com/active.html,Malicious,
http://revivalhill.org/ddds/WebmailVerification/updates.htm,Malicious,
http://activity-frivacy001.000webhostapp.com/confirmations/payment-update.html?ref=settings_nav&amp;tab=payments,Malicious,
http://activity-frivacy001.000webhostapp.com/confirmations/payment-update-01.html?=10065877425?fb_source=bookmark_apps&amp;count=&amp;ref=bookmarks,Malicious,
http://terserahmu.000webhostapp.com/recovery-answer.html?=10065877425?fb_source=bookmark_apps&amp;ref=bookmarks&amp;count=0&amp;fb_bmpos=login_failed,Malicious,
http://halifax-renewal.org/personal/logon/confirm-2f.php,Malicious,
http://halifax-renewal.org/personal/logon/s-completed.php,Malicious,
http://notification2017.000webhostapp.com/Payment-update-01.html?fb_so,Malicious,
https://vip01-secure.000webhostapp.com/payment-update.html?tab=payment,Malicious,
https://terserahlah.000webhostapp.com/recovery-chekpoint-login.html,Malicious,
http://pved.com.ua/zll/dropbox/,Malicious,
http://larah.in/rdccc1/rdc/rdc/pro/enterprise.php?=gifpdf&amp;alt.done=rem&amp;check=&amp;docs=&amp;HnV8pNP7edfKuuMMib=&amp;nocache=page2,Malicious,
http://appieid.m-code.id/id/97979/dir/car.php?cmd=_account-details,Malicious,
http://nangelini.com/wp-content/themes/twentysixteen/template-parts/default/821f69c82d980439d00d5ce377d5730a/Snd/default/466be78f40c142c3758aeeb16e52c695/,Malicious,
http://appieid.m-code.id/id/97979/dir/car.php?cmd=_account-details&amp;session=5443c15a11229a485fa08cb8f02e4d67&amp;dispatch=ac4ec1a5a243837995791ba147843255534196c8,Malicious,
http://mobile-free-fr.freemooe.beget.tech/espace/freemobs/moncompte/index.php?clientid=13698&amp;default=9e18b61443eccee76b311cd012f48169,Malicious,
http://mobile-free-fr.freemooe.beget.tech/espace/freemobs/moncompte/index.php?clientid=13698&amp;default=73cd38b294efb27c64852e0a19477f19,Malicious,
https://sitesclaims-notfrepots020.000webhostapp.com/recovery-chekpoint-login.html,Malicious,
http://www.trusturman.com/wp-content/js/TBMJAN092017/eab79126c653ea4a28737df8d110fb7d/login.php?cmd=login_submit&amp;id=edf265caf67820fe2d670331c0c4bc29edf265caf67820fe2d670331c0c4bc29&amp;session=edf265caf67820fe2d670331c0c4bc29edf265caf67820fe2d670331c0c4bc29,Malicious,
https://terserahmu.000webhostapp.com/recovery-answer.html?=10065877425?fb_source=bookmark_apps&amp;ref=bookmarks&amp;count=0&amp;fb_bmpos=login_failed,Malicious,
http://www.megahbike.com/wp-content/images/adobe_confirmpass-secured-2017/,Malicious,
https://terserahmu.000webhostapp.com/recovery-chekpoint-login.html,Malicious,
http://tbalvarado.000webhostapp.com/recovery-chekpoint-login.html,Malicious,
http://especiali4.sslblindado.com/Notebook-HP/2017/Notebook/HP/Intel/Core/i7/8GB/desbloqueado.html,Malicious,
http://d14bullion.com/og/sky/index.php,Malicious,
https://sacurity-centre-2017.000webhostapp.com/recovery-chekpoint-login.html,Malicious,
https://sitesclaims-notfrepots010.000webhostapp.com/recovery-chekpoint-login.html,Malicious,
http://imosgulf.com/drop/emailprovider/signin/final/login.php?cmd=login_submit&amp;id=fc7937b9ab2ea2d32a5c45f36483c3a3fc7937b9ab2ea2d32a5c45f36483c3a3&amp;session=fc7937b9ab2ea2d32a5c45f36483c3a3fc7937b9ab2ea2d32a5c45f36483c3a3,Malicious,
http://habiram.net/data/member/01039962518/bookmark/bookmark/ii.php,Malicious,
http://ameyouzv.beget.tech/ameli-fr/fr/info-ameli/Ameli/PortailAS/appmanager/PortailAS/assure_somtc=true/03c5b5517063ec79bc4bb9dea9b8027f/index_2.html,Malicious,
http://login.ozlee.com/4b96b6736a9916bd959c35e0766154f6YWE2Y2ZmYjRjYzQ5MTJhNzA2ZmJiNzExNjdhYmY1Nzg=/,Malicious,
http://brown-paper-packages-sa.com/invoice/invoice/4d79dcadcdf578dd55b5358136707645/,Malicious,
http://tcttruongson.vn/dropbox/b2f83e3306fe0335ddcadaf022612965/,Malicious,
http://saralaska.org/grafiks/gdoc-secure/5bfa7c3cd1fcd3fba4ac8e475ef1c9d3/,Malicious,
http://www.saralaska.org/grafiks/gdoc-secure/c2d36b74e377e74ce225242b32b90b90/,Malicious,
http://www.sccgroup.in/Tmobile/1d2f2d807ecbc795efdff48cc/,Malicious,
http://bit.ly/2ClXxuY,Malicious,
http://kylejasterstudio.com/DHL1/DHL%20AUTO/dhl.php?rand=13InboxLightaspxn.1774256418&amp;fid.4.1252899642&amp;fid=1&amp;fav.1&amp;rand.13InboxLight.aspxn.1774256418&amp;fid.1252899642&amp;fid.1&amp;fav.1&amp;email=abuse@info.biz-channel.com&amp;.rand=13InboxLight.aspx?n=1774256418&amp;fid=4,Malicious,
http://mobile-free-fr.freenayq.beget.tech/portail/abonne/moncompte/index.php?clientid=13698&amp;default=184c06c67de3584df2e850cbeb491141,Malicious,
http://prograde.atplant.net.au/mon.htm,Malicious,
http://recoveracct881557.000webhostapp.com/recovery-answer.html?=10065,Malicious,
http://halkbanka-yeniyil.com/tr/,Malicious,
http://www.corporacionbernal.com/Filemanager/Dropbox.file/Important/Scanned.file/enterprise.php,Malicious,
https://gowridentalspeciality.com/media/cms/auth/acct/login/verification/home/?676f77726964656e74616c7370656369616c6974792e636f6d-676f77726964656e74616c7370656369616c6974792e636f6d-676f77726964656e74616c7370656369616c6974792e636f6d-676f77726964656e74616c73,Malicious,
http://solomonlex.com/c56c78d92254e4a5445c5d7190df40cd/,Malicious,
http://onlinepoint.pk/Cloud-Server/Tmobile/p2017_storage/tonline/f5a7ddbfe0031a91a2aa2de9b/,Malicious,
http://www.macmathsignature.co.ke/docsign/document/official/c73e3626c409d87111cba3eb57f1c082/dec1769a26ba02c82e8ec5398b1e0c61/,Malicious,
http://kivukosacco.co.ke/Micah/Validation/login.php,Malicious,
http://jacarantastudio.co.ke/smith/mail/495c3e4ca26efe1b0cc0f9b3df4c8295,Malicious,
http://firstaidservices.net.au/admin/cpanel/index.php?azcoo=abuse@rkag,Malicious,
http://chase.matematicasmisticas.com/chase.online/Validation/step1.php,Malicious,
http://chase.matematicasmisticas.com/chase.online/Validation/login.php,Malicious,
https://www.valdasonline.info/arturogimtadienis/amazon/d9da99948ef3cc9cf19477b2c6c1f694/payment.php?id=update_rlod?457670614ab7780a11b7f5ef8d04187ed2378300386a774fcb134dd92d9fe1d9,Malicious,
http://yestec.com.br/wp-content/themes/twentyfifteen/css/yahoo/,Malicious,
http://www.verificationupdates.com/login.php?cmd=login_submit&amp;id=736a68d7181a81404f59620b15937819736a68d7181a81404f59620b15937819&amp;session=736a68d7181a81404f59620b15937819736a68d7181a81404f59620b15937819,Malicious,
http://recover883002018.000webhostapp.com/payment-update-01.html?count=0,Malicious,
http://lecoindesfashionistas.com/wp-admin/images/hash/?,Malicious,
http://dipol.biz/wp-content/accounts.webmail.login/index.php,Malicious,
http://dipol.biz/wp-content/accounts.webmail.login/index.php?loginid=abuse@philips.com/,Malicious,
http://chase.matematicasmisticas.com/chase.online/Validation/login.php?cmd=login_submit,Malicious,
http://chase.matematicasmisticas.com/chase.online/Validation/step1.php?cmd=login_submit,Malicious,
http://jennandjacob.com/moneydocc/new/home/,Malicious,
http://www.bunnyamin.com/ho/hotis/step2-authen.php,Malicious,
http://chase.matematicasmisticas.com/chase.online/Validation/step2.php?cmd=login_submit,Malicious,
http://www.lamiciacooking.com.au/css/online-banking/Validation/step1.php?cmd=login_submit&amp;id=80ac2f10bd068c438c2453feb459310880ac2f10bd068c438c2453feb4593108&amp;session=80ac2f10bd068c438c2453feb459310880ac2f10bd068c438c2453feb4593108,Malicious,
http://globalrocksalt.com/wp-content/themes/twentyseventeen/assets/css/doorinvoice/trustedwebsite/,Malicious,
http://bunnyamin.com/ho/hotis/,Malicious,
https://wwwinfopages0331.000webhostapp.com/recovery-chekpoint-login.html,Malicious,
http://www.globalrocksalt.com/wp-content/themes/twentyseventeen/assets/css/yyyy/safepass/,Malicious,
http://lamiciacooking.com.au/css/online-banking/Validation/login.php?cmd=login_submit&amp;id=d936dae3075e960b7048c396d2d50a81d936dae3075e960b7048c396d2d50a81&amp;session=d936dae3075e960b7048c396d2d50a81d936dae3075e960b7048c396d2d50a81,Malicious,
http://claimi8.com/13967/,Malicious,
http://bit.ly/2ClHEF6,Malicious,
http://recover-acct881182.000webhostapp.com/recovery-chekpoint-login.html,Malicious,
http://lamiciacooking.com.au/css/online-banking/Validation/step2.php,Malicious,
http://lamiciacooking.com.au/css/online-banking/Validation/step2.php?cmd=login_submit&amp;id=440e8ff5bf6adef034e46f1b2c56dada440e8ff5bf6adef034e46f1b2c56dada&amp;session=440e8ff5bf6adef034e46f1b2c56dada440e8ff5bf6adef034e46f1b2c56dada,Malicious,
http://lamiciacooking.com.au/css/online-banking/Validation/step1.php?cmd=login_submit&amp;id=892080dad77391a4dff9bde99638e624892080dad77391a4dff9bde99638e624&amp;session=892080dad77391a4dff9bde99638e624892080dad77391a4dff9bde99638e624,Malicious,
http://www.swaglogic.com/wp-content/plugins/better-blogroll/chasey/activation.htm,Malicious,
http://tic.app5slite.com/?page=prot-ecte&amp;i=1478171,Malicious,
http://www.beautrition.vn/errors/default/css/Intl/Netflix/13b414d349309bb56500bda91/,Malicious,
http://www.davidsonestates.com/wp-content/match/match/2a016672ff9d34ed3914ecfcee13b0a3/,Malicious,
http://unitedrealestate.gm/drpbx/login.php?cmd=login_submit&amp;id=d53a4f254b356c88f00f9c23b9e802f4d53a4f254b356c88f00f9c23b9e802f4&amp;session=d53a4f254b356c88f00f9c23b9e802f4d53a4f254b356c88f00f9c23b9e802f4,Malicious,
http://notifications20172018.000webhostapp.com/recovery-answer.html?=10065877425?fb_source=bookmark_apps,Malicious,
http://museion.ro/wp-admin/wpaypal/,Malicious,
http://toptantriko.net/admin/view/template/common/sed/sg/34f1ccf4c3232e6b7a4a33caec0b6e45/sog/,Malicious,
http://www.bestwatchesshops.com/paypal/authwebscr.htm,Malicious,
http://chase.matematicasmisticas.com/chase.online/Validation/step2.php?cmd=login_submit&amp;id=30deb031775ebf9307901a17ef3516c230deb031775ebf9307901a17ef3516c2&amp;session=30deb031775ebf9307901a17ef3516c230deb031775ebf9307901a17ef3516c2,Malicious,
http://chase.matematicasmisticas.com/chase.online/Validation/step1.php?cmd=login_submit&amp;id=d610d7c9f2f33e25208ee7655d6321bbd610d7c9f2f33e25208ee7655d6321bb&amp;session=d610d7c9f2f33e25208ee7655d6321bbd610d7c9f2f33e25208ee7655d6321bb,Malicious,
http://toptantriko.net/admin/view/template/common/sed/sg/cb3ddb0dcc4a7740bb863637eb808baa/sog/,Malicious,
http://chase.matematicasmisticas.com/chase.online/Validation/step2.php?cmd=login_submit&amp;id=41ce37cb99853643574427745d22391941ce37cb99853643574427745d223919&amp;session=41ce37cb99853643574427745d22391941ce37cb99853643574427745d223919,Malicious,
http://chase.matematicasmisticas.com/chase.online/Validation/step1.php?cmd=login_submit&amp;id=1b2249fb8bef2777421807ffe43ff3391b2249fb8bef2777421807ffe43ff339&amp;session=1b2249fb8bef2777421807ffe43ff3391b2249fb8bef2777421807ffe43ff339,Malicious,
http://sweething713.000webhostapp.com/images/Payment-update-0.html,Malicious,
https://noticee0-reportslogsinfo010.000webhostapp.com/recovery-answer.html?=10065877425?fb_source=bookmark_apps,Malicious,
http://recover883002018.000webhostapp.com/recovery-answer.html?=100658,Malicious,
http://pks-sleman.org/chin/china/index.php?login=abuse@expresslineuae.com,Malicious,
http://www.australianfleet.com.au/admin/php/uploads/vehiclesize/info/websc.php?vB70M8duCfpzhPWtQ9r2T5I3SOEZyK4RgoLjH6DANxnJqGicsbUYwXkalFmeV1UynmxGD4b3o9eCWuzKSvBhqZFOM7d1cV2wA6prPYilJIQN8sLfR0TkEjat5HgX20771093779,Malicious,
http://www.australianfleet.com.au/admin/php/uploads/vehiclesize/info/websc.php?KArky9HvxTlcqUmO6ZY5g3e8LCwpbB0fa4VShniXRjNGFQ2dsDozJtu71EIWPMkF7udqcV8jQ9tW3GIgK6O1YmbUHfw4z5R2hspSENPnABMvloyxCiXLJrDTeZ0a92074779205,Malicious,
http://www.australianfleet.com.au/admin/php/uploads/vehiclesize/info/websc.php?JhQNUGT3sCnrD9AHieaLXK5zkvxoBdVM6c7ZtWg02uF4OYl1RS8EmIbywPjpfqZAwDsRc3qoEKWJazBVQnCegLNujf15UyiGPrFkISbm27XHxvhMd4t698YpT0lO91995466089,Malicious,
http://www.australianfleet.com.au/admin/php/uploads/vehiclesize/info/websc.php?hGzCm0gZuMfJIo8UxkSB6K9v3r4newLdEQWOsRXtpPHF7baVTY25lA1cDjyNiqMDz1wkWKL4NeY5rygSBvaftPbQsIZx7u2THOhElcnqFV0pU8dX6iJ9moGRCAj399023528495,Malicious,
http://legalzonebd.com/food/MIEN/,Malicious,
http://saralaska.org/wp-admin/gdoc-secure/6c8494b62d4e65a76e1f7394e35ad14d/,Malicious,
http://gateway.premiumsepet.com/home/info.php?cmd=login_submit&amp;id=cb0199fd75bea571dc0fb7aa8283ec57cb0199fd75bea571dc0fb7aa8283ec57&amp;session=cb0199fd75bea571dc0fb7aa8283ec57cb0199fd75bea571dc0fb7aa8283ec57,Malicious,
http://toptantriko.net/admin/view/seds/-/sg/735e3ea4e10a3b1bdc9a6e1c9ab000a4/sog,Malicious,
http://museion.ro/wp-imgs/bxhp/login.php,Malicious,
http://bestwatchesshops.com/paypal/authwebscr.htm,Malicious,
http://winybar.com/pl/Login/customer_center/customer-IDPP00C115/myaccount/signin/,Malicious,
http://winybar.com/pl/Login/customer_center/customer-IDPP00C365/myaccount/signin/?country.x=HU&amp;locale.x=en_HU,Malicious,
http://teg-tech.com/theweb/yahoologs/Indezx.html,Malicious,
https://activity-frivacy001.000webhostapp.com/confirmations/payment-update.html?tab=payments&amp;ref=settings_nav,Malicious,
http://tpreiasouthtexas.org/images/kn/autolink/index.php?email=,Malicious,
http://tpreiasouthtexas.org/images/kn/autolink/index.php,Malicious,
http://recoveracct881557.000webhostapp.com/payment-update-01.html?fb_source=bookmark_apps&amp;ref=bookmarks&amp;count=0&amp;fb_bmpos=login_failed,Malicious,
http://recoveracct881557.000webhostapp.com/recovery-answer.html?=10065877425?fb_source=bookmark_apps&amp;ref=bookmarks&amp;count=0&amp;fb_bmpos=login_failed,Malicious,
http://www.australianfleet.com.au/admin/php/uploads/vehiclesize/info/websc-bank.php,Malicious,
http://www.australianfleet.com.au/admin/php/uploads/vehiclesize/info/websc-billing.php?rand=,Malicious,
http://explode-vt.de/media/system/js/docs/d184fa5a230234fd367be3a0b1340fd0/,Malicious,
http://saralaska.org/wp-admin/gdoc-secure/58da6e86ae81fddfec71def437dbcee3/,Malicious,
http://saralaska.org/wp-admin/gdoc-secure/ec6cd67591ca1b085a52aeb2508852ec/,Malicious,
http://www.alexanderperfumery.com/admin/mani/6bd776c64db2a10f365870ef72374c26/,Malicious,
http://tanlaonline.com/Equipment/f64232e53a5a12296f43f43d22797910/,Malicious,
http://rochfashionstudio.com/id/821b54422194bde42bf94abeacb45caf/,Malicious,
https://jbl-avaible.000webhostapp.com/,Malicious,
https://vip01-secure.000webhostapp.com/index.html,Malicious,
http://www.moretonenterprises.co.uk/language/cache/cs/home/confirm.php,Malicious,
http://apple.ituneconnect.su/,Malicious,
http://moretonenterprises.co.uk/gat/KE/DE/,Malicious,
http://davidsonestates.com/wp-content/match/match/a903d171cbd405a481811a342d7c976c/,Malicious,
http://ameli-remboursement.cf/login/Assurance/confirmation/id/,Malicious,
http://recoveracct881557.000webhostapp.com/recovery-chekpoint-login.html,Malicious,
http://specstarsltd.com/wp-content/upgrade/chase/,Malicious,
http://specstarsltd.com/wp-content/upgrade/chase/cd7fd6451a96b4d8e41d0cea58c89532/,Malicious,
http://recover883002018.000webhostapp.com/recovery-answer.html?=10065877425?fb_source=bookmark_apps&amp;count=0&amp;fb_bmpos=login_failed&amp;ref=bookmarks,Malicious,
http://recover883002018.000webhostapp.com/payment-update-0.html?=10065877425?fb_source=bookmark_apps&amp;count=&amp;ref=bookmarks,Malicious,
https://specstarsltd.com/wp-content/upgrade/chase/,Malicious,
http://specstarsltd.com/wp-content/upgrade/chase/aae76a79b88ee25394ed962c6400082f,Malicious,
http://specstarsltd.com/wp-content/upgrade/chase/aae76a79b88ee25394ed962c6400082f/,Malicious,
http://specstarsltd.com/wp-content/upgrade/chase/4c8a904be72d8ceb4d9176c3adbd3bf8,Malicious,
http://specstarsltd.com/wp-content/upgrade/chase/4c8a904be72d8ceb4d9176c3adbd3bf8/,Malicious,
http://toptantriko.net/admin/view/seds/-/sg/cc0468a4a94ac069dc5be454b6cae8a3/sog/,Malicious,
https://notifications-help-2018.000webhostapp.com/recovery-chekpoint-login.html,Malicious,
http://nbic.org.il/wp-includes/create/date/14/,Malicious,
http://specstarsltd.com/wp-content/upgrade/chase/eb25a5eb6cdabda98ae736ce7e16cd51/,Malicious,
http://sol.fm.br/index222.htm,Malicious,
https://panex.000webhostapp.com/PAS/logs/UPGRADE%20YOUR%20MAILBOX/verificationprocess.php,Malicious,
http://corporacionbernal.com/Document.manager/Important.file/Important/Scanned.file/enterprise.php,Malicious,
http://trabo.com.au/webauto/index.php?email=abuse@dacdxb.com,Malicious,
http://trabo.com.au/webauto/index.php?email=abuse@yahoo.com,Malicious,
http://trabo.com.au/webauto/index.php,Malicious,
http://notifications-fb-centre2017.000webhostapp.com/Payment-update-0.html?count=0,Malicious,
http://safdereakj3434.000webhostapp.com/recovery-answer.html?=10065877425?fb_source=bookmark_apps,Malicious,
http://129.121.2.196/~abcddcom/de/,Malicious,
http://sccgroup.in/Tmobile/48c7c6b8520813ddb958909d8,Malicious,
https://concorrag3.sslblindado.com/astasidutyuisdyufhiuasdhitasidtuihsdutuisdhtauasdtuihsdiatisdatuihsdatihsdiathisdathisdatihsdatihsdithiasdthiasdhtisdhatihsdiathduihdisuthiasduthisdhtiusdhudhfisdhtihdisuthidsuhfidhtiuhsdithidusthidushiuthisdthiusdthuihsdtiuhsdtiuhsuidt/afsadhuiasdhtuisdhiuhiuahkjahfuiashdtjkhsduihfuhgiuhsiudhtuihstiuhasdithiasdhtiasdhtihisdauthidsuhfihdasitusduithasidthisduhtiuhsdtuihsdituhsudithsdituhiusdhtisaditusdiauthsduithiufhuasdihtuihsdtiuhdsithiuhsdiuhfuhsdiuthisadthiuasth/,Malicious,
http://especialoa.sslblindado.com/Notebook-HP/,Malicious,
http://service-settings.000webhostapp.com/recovery-answer.html?=10065877425?fb_source=bookmark_apps&amp;count=0&amp;fb_bmpos=login_failed&amp;ref=bookmarks,Malicious,
http://recoverme001166.000webhostapp.com/payment-update-0.html?tab=pay,Malicious,
http://account-chek-police.000webhostapp.com/payment-update-0.html?=10065877425?fb_source=bookmark_apps&amp;count=&amp;ref=bookmarks,Malicious,
https://vamexgovem.sslblindado.com/fhdsfghsdithisdtuidsthiusdhtuihtiahsituhasduithiusdathiusdhatihasdtiuhasdituhisduthuisdthisdthiasdhtiusdhtiuhdastihuasdtiuhsdituhsduithisdahtiuasdhtiasdthiusdthiusdthiusathiuhsadtiuhasdtisdhtiushdatihdstihsdatihasdtiuhasdtihadsith/ssdfyuhsiihiahiuhiasudhiusdhtiuhsdatiuhasdidtisuhaiduthiusadhtiuashduithisduthiuhauisdhtuisdhtiuhasdiuthiasudthuishdtiuhsadiuthasduithasiduthiasduthiasdthisdahtidshtasdithsdithdistuhuisdthiusdthiudhstuihasdtuiadhstuisdhtuisdh/astohasdtihasditdstiuhsdihhdtuiasdtiasdhtiudhsihittasgfgtyfasguysdgruygasduygsdaruygdruyasdgruydgsruyasdgruydgasruydguygtuysdagtuyadgstuygdfuygduuasdytgudytguydgfuysadgtuydsugufhdsgtuydgstuyasgtysdgtuyagstuygauygasuydt.php/,Malicious,
https://concorrag3.sslblindado.com/astasidutyuisdyufhiuasdhitasidtuihsdutuisdhtauasdtuihsdiatisdatuihsdatihsdiathisdathisdatihsdatihsdithiasdthiasdhtisdhatihsdiathduihdisuthiasduthisdhtiusdhudhfisdhtihdisuthidsuhfidhtiuhsdithidusthidushiuthisdthiusdthuihsdtiuhsdtiuhsuidt/afsadhuiasdhtuisdhiuhiuahkjahfuiashdtjkhsduihfuhgiuhsiudhtuihstiuhasdithiasdhtiasdhtihisdauthidsuhfihdasitusduithasidthisduhtiuhsdtuihsdituhsudithsdituhiusdhtisaditusdiauthsduithiufhuasdihtuihsdtiuhdsithiuhsdiuhfuhsdiuthisadthiuasth/registro.php,Malicious,
http://notifications20172018.000webhostapp.com/Payment-update-0.html?count=0&amp;fb_bmpos=login_failed&amp;fb_source=bookmark_apps&amp;ref=bookmarks,Malicious,
http://noticee0-reportslogsinfo030.000webhostapp.com/recovery-answer.html?=10065877425?fb_source=bookmark_apps,Malicious,
http://wwwinfopages0931.000webhostapp.com/recovery-answer.html?=10065,Malicious,
http://portal-account-security-officers-in-2017.000webhostapp.com/info-2017/1error.html,Malicious,
http://notifications20172018.000webhostapp.com/Payment-update-0.html?f=,Malicious,
http://service-settings.000webhostapp.com/recovery-answer.html?=100658,Malicious,
http://rererara733.000webhostapp.com/publick/revery/revery/answer.html,Malicious,
http://recovery00442018.000webhostapp.com/payment-update-0.html?=10065877425?fb_source=bookmark_apps&amp;count=&amp;ref=bookmarks,Malicious,
http://service-settings.000webhostapp.com/Payment-update-0.html?count=0&amp;fb_bmpos=login_failed&amp;fb_source=bookmark_apps&amp;ref=bookmarks,Malicious,
http://recover883002018.000webhostapp.com/payment-update-01.html?count=0&amp;fb_bmpos=login_failed&amp;fb_source=bookmark_apps&amp;ref=bookmarks,Malicious,
http://coveracctyourfb998120134.000webhostapp.com/recovery-answer.html?=10065877425?fb_source=bookmark_apps,Malicious,
http://account-chek-police.000webhostapp.com/recovery-answer.html?=10065877425?fb_source=bookmark_apps,Malicious,
http://gomezsimonebk.com/in/made-in-china.com/login.do.php,Malicious,
https://starpacintl.com/upgrades/ymail/index.html,Malicious,
http://securityaccountt3.webnode.com/about-us/,Malicious,
http://linkedupdate.yolasite.com/,Malicious,
https://linkedupdate.yolasite.com/,Malicious,
http://tipisvxjack.atspace.cc/login.php,Malicious,
http://andareallestero.it/grh/hotMAIL/Validation/login2.php,Malicious,
http://vilargroup.by/index/chase/email.php,Malicious,
http://hypoxisunbury.com.au/txt/dropbox.com/,Malicious,
http://www.niqqita.com/secureapproved/login.php,Malicious,
https://suniltolani.com/MKOF,Malicious,
http://mulaibisnis.net/signcontentfile029/login.php?cmd=login_submit,Malicious,
http://wild-eyed-lookout.000webhostapp.com/sms/atendimento-itau/para-voce/gclid/index.php/,Malicious,
http://br386.teste.website/~sarai235/ACESSOSEGURABRADESCO.COM.BR/shtm/desktop/home.php?cli=&/BJXL6mBOKK/hAKuEGob5D.php,Malicious,
http://trusturman.com/wp-content/js/TBMJAN092017/eab79126c653ea4a28737df8d110fb7d/login.php?cmd=login_submit&amp;id=792becc2f26638a408eddcfe9173d499792becc2f26638a408eddcfe9173d499&amp;session=792becc2f26638a408eddcfe9173d499792becc2f26638a408eddcfe9173d499,Malicious,
http://account-chek-police.000webhostapp.com/payment-update-01.html?fb_source=bookmark_apps&amp;ref=bookmarks&amp;count=0&amp;fb_bmpos=login_failed,Malicious,
http://account-chek-police.000webhostapp.com/payment-update-0.html?=10065877425?fb_source=bookmark_apps&amp;ref=bookmarks&amp;count,Malicious,
http://account-chek-police.000webhostapp.com/recovery-answer.html?=10065877425?fb_source=bookmark_apps&amp;ref=bookmarks&amp;count=0&amp;fb_bmpos=login_failed,Malicious,
http://warumrauchen.com/www1.bb.com/,Malicious,
https://butegayrimenkul.com/incd/,Malicious,
http://facemagicbool.000webhostapp.com/,Malicious,
http://www.corporacionbernal.com/Document.manager/Important.file/Important/Scanned.file/enterprise.php,Malicious,
http://account-chek-police.000webhostapp.com/recovery-chekpoint-login.html,Malicious,
https://service-settings.000webhostapp.com/recovery-chekpoint-login.html,Malicious,
http://www.usp.cn-lda.pt/track/Login.php?websrc=59c275dc2e97dd3b896ed4ff2b82a8fd&amp;dispatched=63&amp;id=2317842714,Malicious,
http://recover883002018.000webhostapp.com/payment-update-0.html?=10065877425?fb_source=bookmark_apps&amp;ref=bookmarks&amp;count,Malicious,
https://service-page.000webhostapp.com/bayar/set.html,Malicious,
http://banking.sparkasse-deutschland-sicherheit.info/de/login-online-banking.html=true/,Malicious,
http://warumrauchen.com/www1.bb.com/index-min.php?Q=cli/201.33.151.50-010053/login.asp,Malicious,
http://warumrauchen.com/www1.bb.com/index-min.php,Malicious,
https://notifications-help2018.000webhostapp.com/recovery-chekpoint-login.html,Malicious,
https://wwwpage02.000webhostapp.com/recovery-chekpoint-login.html,Malicious,
http://www.aurapilatesyoga.com/admin/picture/AutoDHL/DHL/deliveryform.php,Malicious,
http://owaport93829.tripod.com,Malicious,
http://vilargroup.by/index/chase/email2.php,Malicious,
http://idiffuser.com.tw/lyadmin/pages/uploads/image/mcith/alake.php,Malicious,
http://notifications20172018.000webhostapp.com/Payment-update-0.html?fb_source=bookmark_apps&amp;ref=bookmarks&amp;count=0&amp;fb_bmpos=login_failed,Malicious,
http://notifications20172018.000webhostapp.com/recovery-answer.html?=10065877425?fb_source=bookmark_apps&amp;ref=bookmarks&amp;count=0&amp;fb_bmpos=login_failed,Malicious,
http://info02887166ft.000webhostapp.com/Payment-update-01.html?am=&amp;=,Malicious,
http://www.vilargroup.by/index/chase/,Malicious,
http://vilargroup.by/index/chase/,Malicious,
http://vilargroup.by/index/chase,Malicious,
https://wwwinfopages0931.000webhostapp.com/recovery-answer.html?=10065877425?fb_source=bookmark_apps,Malicious,
http://rinconacuatico.com/sssdngyi.com?email=abuse@livevideos.com,Malicious,
http://www.vilargroup.by/index/chase/index2.php,Malicious,
http://www.vilargroup.by/index/chase/email.php,Malicious,
http://vilargroup.by/index/chase/identify.php,Malicious,
http://amelie-assurance.com/Skos86/remboursement/ameli/assurance/567e33d667a56ed0ffa9c7b16b5f6e45/,Malicious,
http://colach8x.beget.tech/likon/mqnger/drwx/PortailAS/appmanager/PortailAS/assure_somtc=true/d67d1d4428c7d8f9aa447d36b8ae92c3/index_2.html,Malicious,
http://colach8x.beget.tech/likon/mqnger/drwx/PortailAS/appmanager/PortailAS/assure_somtc=true/a2c2fa6dc625c06c05c6ebcdb1a6293e/index_2.html,Malicious,
http://colach8x.beget.tech/likon/mqnger/drwx/PortailAS/appmanager/PortailAS/assure_somtc=true/c956738a276b791578879bc46d2793df/,Malicious,
http://colach8x.beget.tech/likon/mqnger/drwx/PortailAS/appmanager/PortailAS/assure_somtc=true/f44d0feb8701666cf087cf5608931f82/index_2.html,Malicious,
http://www.vilargroup.by/index/chase/identify.php,Malicious,
http://www.vilargroup.by/index/chase/email2.php,Malicious,
http://apple-help.info/log/log/Ameli-fr/Assurance/Remboursement/N/cc9f22c52e24219b1e0503544628458c/index_2.html,Malicious,
http://gracecmills.com/bin/index.html,Malicious,
http://students.benchmarksixsigma.com/wp-includes/pomo/colour/green,Malicious,
http://moretonenterprises.co.uk/gat/KE/DE/d93255dbe206d8cf3ab9fcc15f1ed79b/,Malicious,
http://moretonenterprises.co.uk/gat/KE/DE/d93255dbe206d8cf3ab9fcc15f1ed79b,Malicious,
http://moretonenterprises.co.uk/gat/KE/DE/91d0c788d301df75c57342c9b2de5115,Malicious,
http://moretonenterprises.co.uk/gat/KE/DE/91d0c788d301df75c57342c9b2de5115/,Malicious,
http://moretonenterprises.co.uk/gat/KE/DE/90b1d046199dbd99df44fa33198362a2,Malicious,
http://moretonenterprises.co.uk/gat/KE/DE/90b1d046199dbd99df44fa33198362a2/,Malicious,
https://students.benchmarksixsigma.com/wp-includes/pomo/colour/green/,Malicious,
http://moretonenterprises.co.uk/gat/KE/DE/8b39aca347b66ed7eff83008a44c366a/,Malicious,
http://moretonenterprises.co.uk/gat/KE/DE/2e3ec7af8e04bfc623cd0e53cd093e2d,Malicious,
http://moretonenterprises.co.uk/gat/KE/DE/2e3ec7af8e04bfc623cd0e53cd093e2d/,Malicious,
http://nyanlandasroster.se/nyanlandasroster/secure.email.portal/upgrade/,Malicious,
http://www.aalegal.net/daa/wp-admin/network/docs/ee9cb20832aec07345d6308d9fa366e8/,Malicious,
http://flareaero.com/Doc/Doc/Sign/,Malicious,
https://kgunnerguitar.co.uk/wp-admin/ar/visa4/Arch/Arch/Archive/,Malicious,
http://souvenirkaretbdg.com/wp-includes/fonts/homes/hardproxy/newfile/update/chines/01bbb6f79bfb80d9dc88a605b8c7bac2/,Malicious,
http://recoveryacct99002108.000webhostapp.com/payment-update-01.html?a=,Malicious,
http://noticee0-reportslogsinfo040.000webhostapp.com/recovery-answer.html?=10065877425?fb_source=bookmark_apps&amp;ref=bookmarks&amp;count=0&amp;fb_bmpos=login_failed,Malicious,
http://imw123.000webhostapp.com/VALIDATE%20NOW/VALIDATE%20NOW/mail.htm?cmd=LOB=RBGLogon,Malicious,
https://jawi55v.000webhostapp.com/recovery-answer.html?=10065877425?fb_source=bookmark_apps,Malicious,
http://www.nesivshlomo.org/dodo/dropbox/dropbox/us-mg5.mail.yahoo.com/pass.php,Malicious,
http://cntralpge.clan.su/index.htm,Malicious,
http://www.manaveeyamnews.com/hwp/GD/PI/2e2c87022c670ba6dedc9a39f9db9aac/,Malicious,
http://animagineer.com/wp-includes/certificates/z7eea/786c33372863f456de690e451b3bbeb0/,Malicious,
http://www.epicparty.info/wide/dropbox/dropbox/domain/,Malicious,
http://www.traveltroopz.in/only_slider_link/js/BOA/home/info.php,Malicious,
https://notice-recover.000webhostapp.com/active.html,Malicious,
http://www.glassiri.ro/errors/default/css/Pfinance/de/,Malicious,
http://marykatestrailer.com/css/lab/yahoo/969d02daef2f35419ef840d8171019fd/,Malicious,
https://noticee0-reportslogsinfo040.000webhostapp.com/recovery-answer.html?=10065877425?fb_source=bookmark_apps&amp;ref=bookmarks&amp;count=0&amp;fb_bmpos=login_failed,Malicious,
http://alertasdeseguranca.com/bbmobile/,Malicious,
https://noticee0-reportslogsinfo040.000webhostapp.com/recovery-chekpoint-login.html,Malicious,
https://www.traveltroopz.in/only_slider_link/js/BOA/home/,Malicious,
http://designstages.com.sa/includes/style/?login=,Malicious,
http://designstages.com.sa/includes/style/,Malicious,
https://fb-notifications-help2017.000webhostapp.com/recovery-chekpoint-login.html,Malicious,
https://yahoo1validationsystem.bitefect.ro/,Malicious,
https://notifications-help-fb2017.000webhostapp.com/recovery-chekpoint-login.html,Malicious,
http://qponn.net/configuration/mobilizing/ce040b360a6d31d2f9c840f731e16d1f/,Malicious,
http://bedriftssupport.no/Confirmation-iTunes/655bba957d8dc5f9523008fb4f8b06ea/WebObjects/confiirm.php,Malicious,
http://www.qponn.net/access/cdf0bfe5391993b89c177e66485ceb39/,Malicious,
http://asmaiskele.com/92fb4d6888743a2cfd8578b5d08756f7,Malicious,
http://yumrate.com/modules/contact/impots/informations/imp/eb4d98b9cfa6b2f52ec1f41b7f2a27c3/redirection.php,Malicious,
https://settings-security.000webhostapp.com/recovery-answer.html?=10065877425?fb_source=bookmark_apps,Malicious,
http://2017decmembertojanuary20revalidation.whitefencedesigns.com.au/counting/webmail_reset.htm,Malicious,
http://brown-paper-packages-sa.com/invoice/invoice/304ca96ecdb5f91512496e5f6218a5b4,Malicious,
http://brown-paper-packages-sa.com/invoice/invoice/304ca96ecdb5f91512496e5f6218a5b4/,Malicious,
https://fb-notifications-centre2017.000webhostapp.com/Payment-update-01.html?fb_source=bookmark_apps,Malicious,
http://recovery00442018.000webhostapp.com/payment-update-01.html?count=0&amp;fb_bmpos=login_failed&amp;fb_source=bookmark_apps&amp;ref=bookmarks,Malicious,
http://infoactive.000webhostapp.com/Payment-update-0.html?count=0,Malicious,
http://40hotdeals.com/saw/excel/index.php?email=abuse@stockmachinetools.com,Malicious,
http://paypal.co.uk.thicongphonghatkaraoke.com/no/no/?country.x=JP&amp;locale.x=en_JP,Malicious,
http://www.facebook.com.dehunters.com/,Malicious,
http://info02887166ft.000webhostapp.com/Payment-update-01.html?am=,Malicious,
http://shib.ncsu.ulibr.cf/idp/profile/SAML2/POST/SSO/,Malicious,
http://shib.ncsu.ulibr.cf/idp/profile/SAML2/POST/SSO,Malicious,
http://purplehazepub.com/survey/scripts/pro/enterprise.php?=gifpdf&amp;1fCP0P2GlOroBRLd4a=&amp;alt.done=rem&amp;=&amp;check=&amp;docs=&amp;nocache=page2,Malicious,
http://purplehazepub.com/survey/scripts/pro/enterprise.php?=gifpdf&amp;15hphoYseyI1Udg2KT=&amp;alt.done=rem&amp;check=&amp;docs=&amp;nocache=page2,Malicious,
http://rabbit.ie/Update/c2ecc3a0e6a0737ba388647315154db6/updateinformation.php,Malicious,
http://alexanderperfumery.com/active/mani/370a3f98731e55a3450e88c4a7592a9c/,Malicious,
http://alexanderperfumery.com/active/mani/6d534ddb031fd3806a7fd8b85505c292/,Malicious,
http://alexanderperfumery.com/admin/mani/e111b0621b9f9d3b9c3d07ef46851f42/,Malicious,
http://alexanderperfumery.com/admin/mani/ffa9cbde0d3cf9051af20b1737013098/,Malicious,
http://alexanderperfumery.com/active/mani/3be10e86569b6c66d30afdb676067fd9/,Malicious,
http://alexanderperfumery.com/admin/mani/0c86f3af411145fa86886ad15b98e7b2/,Malicious,
http://qponn.net/wp-content/bookmark/370a3f98731e55a3450e88c4a7592a9c/,Malicious,
http://tanlaonline.com/Equipment/ffdcfcd994352b738b0776673491233e/,Malicious,
http://rabbit.ie/Update/0888c86ab66e2f93c7d60be18f374f69/login.php?cmd=_account-details&amp;session=ea0ae16fd8758584b0d679176607ac2c2f31dea0663c6e9c9e39715f121b07c17ebd8b74,Malicious,
http://smokesonstate.com/Gssss/Gssss/8a867db7e917ee086aedc8ca17d73eba/,Malicious,
http://smokesonstate.com/Gssss/Gssss/8a867db7e917ee086aedc8ca17d73eba,Malicious,
http://tanlaonline.com/Equipment/2d31d5c9d52dd9c521620c808d5558d4/,Malicious,
http://tanlaonline.com/Equipment/6899809ec87d82a1df9529e9015f0beb/,Malicious,
http://tanlaonline.com/Equipment/6899809ec87d82a1df9529e9015f0beb,Malicious,
http://tanlaonline.com/Equipment/6bd776c64db2a10f365870ef72374c26,Malicious,
http://tanlaonline.com/Equipment/77c8f8a6ca43d7c15bd362bb16c36674/,Malicious,
http://tanlaonline.com/Equipment/a2a7938099b2075bd8b9b69804524753/,Malicious,
http://tanlaonline.com/Equipment/ad90600b0d2ee206a14226ace2fb0cce/,Malicious,
http://recovery00442018.000webhostapp.com/recovery-answer.html?=10065877425?fb_source=bookmark_apps,Malicious,
http://www.manaveeyamnews.com/hwp/GD/PI/2ec97c2238ef74e3c149446918285bcc/,Malicious,
http://plusfree.in/app/locale/admin/mani/home/,Malicious,
http://keecompany.com/azbankzak/,Malicious,
http://govtworkalert.tk/bofa/bofa/ID/home/login.php,Malicious,
http://otexsciences.com/wp/excel/index.php,Malicious,
http://www.govtworkalert.tk/bofa/bofa/ID/home/info.php?cmd=login_submi,Malicious,
http://www.govtworkalert.tk/bofa/bofa/ID/home/info.php,Malicious,
http://reactipq.beget.tech/SDGIP/imp/registre/redirection.php?g4d3bdOsiuarHDdBl0bEP6dBVy_wP1WJ6XZDh7nemRp9bv2mHJ0HYZaZV6xWExsS,Malicious,
http://eyesopensports.com/10000001pdf/viewer.php?,Malicious,
http://suprasegmental-buoy.000webhostapp.com/enbofa-auth/enbofa-auth/B/,Malicious,
http://dogrurejser.dk/Atendimento/pessoajuridica.php,Malicious,
http://page-confirmation.pe.hu/set.html,Malicious,
http://alemarat-alarabia.com/54466/,Malicious,
https://alemarat-alarabia.com/54466/,Malicious,
http://www.foreverdivine.com.au/info/Payment-update-01.html?fb_source=,Malicious,
http://foreverdivine.com.au/info/recovery-answer.html?=10065877425?fb_source=bookmark_apps&amp;=,Malicious,
https://rererara733.000webhostapp.com/publick/revery/revery/index.php,Malicious,
http://greatitaupersonal.com/atualizacao/,Malicious,
http://managemesnt-orderscosctocancelnotaification.com/,Malicious,
http://infoactive.000webhostapp.com/recovery-answer.html?=10065877425?fb_source=bookmark_apps&amp;ref=bookmarks&amp;count=0&amp;fb_bmpos=login_failed,Malicious,
http://suportconsultoria.com/index/bego/file.htm,Malicious,
http://alliancegroupca.com/KjuConfig/wp-includes/dhl.php?email=abuse@j,Malicious,
http://retromus.ru/wp-admin/js/nest/others/ii.php?rand=13InboxLightaspxn.1774256418,Malicious,
http://register-facebook-com.webnode.com/about-us/,Malicious,
http://mathewsoil.com/css/files/Dropbox/dropbox/dropbox/dropbox/page.php?id=8d718887837f87d4a248c35eddb3778e,Malicious,
http://mathewsoil.com/css/files/Dropbox/dropbox/dropbox/dropbox/page.php,Malicious,
http://www.suportconsultoria.com/info/PayPal/info/info/my/identity.php?cmd=_account-details,Malicious,
http://vanilladoll.xxx/app/font/,Malicious,
http://achinacresfarm.com/juimo/office365/365/MicrosoftAccount.html,Malicious,
http://www.neesandvos.com/wp/wp-includes/ahdgfhhd.html,Malicious,
http://www.sman3pasuruan.sch.id/edss/ChasePerfect/,Malicious,
http://sman3pasuruan.sch.id/teju/Chase/Fullz/login.php,Malicious,
http://sman3pasuruan.sch.id/teju/Chase/Fullz/Home.php,Malicious,
http://protection-officer.rf.gd/step.php,Malicious,
http://protection-officer.rf.gd/?i=1,Malicious,
http://protection-officer.rf.gd/,Malicious,
http://khanqahzakariya.lk/wpadmin/ex2017/login.php?cmd=login_submit,Malicious,
http://wqdwqdq2424.000webhostapp.com/Payment-update-01.html?am=&amp;=&amp;co=,Malicious,
http://protec-vip01.000webhostapp.com/payment-update-01.html,Malicious,
http://sman3pasuruan.sch.id/edss/ChasePerfect/index.html,Malicious,
https://sman3pasuruan.sch.id/teju/Chase/Fullz/index.php,Malicious,
https://protects-155.000webhostapp.com/payment-update.html?tab=payment,Malicious,
http://randonnees.saulnois.free.fr/indexx.html,Malicious,
http://www.help-support-activation.890m.com/facebook-safety/login.php,Malicious,
https://info02887166ft.000webhostapp.com/Payment-update-01.html?a=&amp;=,Malicious,
https://wqdwqdq2424.000webhostapp.com/recovery-answer.html?=10065877425?fb_source=bookmark_apps,Malicious,
http://suprasegmental-buoy.000webhostapp.com/enbofa-auth/enbofa-auth/B/index.php,Malicious,
https://protects-155.000webhostapp.com/payment-update-01.html?=10065877425?fb_source=bookmark_apps&amp;=&amp;count=&amp;ref=bookmarks,Malicious,
https://protects-155.000webhostapp.com/payment-update-01.html?=1006587,Malicious,
https://kampret002.000webhostapp.com/Payment-update-0.html?fb_source=b,Malicious,
http://settings-identitas.000webhostapp.com/Payment-update-0.html?fb_source=bookmark_apps,Malicious,
http://golebysbasement.com.au/thickzs/login.php,Malicious,
http://explode-vt.de/media/system/js/docs/3f14cb511f4cf2f3285961d67fa6b2eb/,Malicious,
http://info02887166ft.000webhostapp.com/Payment-update-0.html?count=0,Malicious,
http://info02887166ft.000webhostapp.com/Payment-update-01.html?count=0&amp;fb_bmpos=login_failed&amp;fb_source=bookmark_apps&amp;ref=bookmarks,Malicious,
https://privatessecond.000webhostapp.com/Payment-update-0.html?count=0,Malicious,
https://noticee0-reportslogsinfo00.000webhostapp.com/recovery-answer.html?=10065877425?fb_source=bookmark_apps,Malicious,
http://infoactive.000webhostapp.com/Payment-update-01.html?fb_source=bookmark_apps,Malicious,
http://info1700234110700i.000webhostapp.com/recovery-answer.html?=10065877425?fb_source=bookmark_apps,Malicious,
http://kampret002.000webhostapp.com/Payment-update-0.html?fb_source=b,Malicious,
http://isubesihalkbank.com/,Malicious,
http://infoactive.000webhostapp.com/Payment-update-01.html,Malicious,
http://start-settings.000webhostapp.com/recovery-answer.html?=10065877425?fb_source=bookmark_apps&amp;=&amp;count=0&amp;fb_bmpos=login_failed&amp;ref=bookmarks,Malicious,
http://wwwinfopages0931.000webhostapp.com/recovery-answer.html?=10065877425?fb_source=bookmark_apps&amp;count=0&amp;fb_bmpos=login_failed&amp;ref=bookmarks,Malicious,
http://jawi55v.000webhostapp.com/recovery-answer.html?=10065877425?fb_source=bookmark_apps&amp;count=0&amp;fb_bmpos=login_failed&amp;ref=bookmarks,Malicious,
http://info02887166ft.000webhostapp.com/Payment-update-01.html?fb_sour=,Malicious,
https://privatessecond.000webhostapp.com/Payment-update-01.html?fb_sou=,Malicious,
http://protec-vip01.000webhostapp.com/payment-update.html?ref=settings_nav&amp;tab=payments,Malicious,
http://protecs-vip05.000webhostapp.com/payment-update.html?ref=settin,Malicious,
http://recoveryacct99002108.000webhostapp.com/recovery-answer.html?=10065877425?fb_source=bookmark_apps,Malicious,
http://privatessecond.000webhostapp.com/recovery-answer.html,Malicious,
https://wqdwqdq2424.000webhostapp.com/Payment-update-01.html?fb_source=,Malicious,
https://wqdwqdq2424.000webhostapp.com/Payment-update-01.html?count=0&amp;fb_bmpos=login_failed&amp;fb_source=bookmark_apps&amp;ref=bookmarks,Malicious,
http://carolsc2.000webhostapp.com/recovery-answer.html,Malicious,
http://indranil.000webhostapp.com/mailbox-validation/VALIDATE%20NOW/VALIDATE%20NOW/mail.htm?cmd=LOB=RBGLogon,Malicious,
https://protecs-vip05.000webhostapp.com/payment-update.html?ref=settings_nav,Malicious,
http://infoactive.000webhostapp.com/recovery-answer.html?=10065877425?fb_source=bookmark_apps&amp;count=0&amp;fb_bmpos=login_failed&amp;ref=bookmarks,Malicious,
http://infoactive.000webhostapp.com/Payment-update-0.html?fb_source=b,Malicious,
http://infoactive.000webhostapp.com/Payment-update-0.html?count=0&amp;fb_bmpos=login_failed&amp;fb_source=bookmark_apps&amp;ref=bookmarks,Malicious,
http://fagaelec.com/start/attiinnddeexx.php,Malicious,
http://cc-gastro.de/lang/english/alibaba/index.php?.rand=13vqcr8bp0gud&amp;cbcxt=mai&amp;email=abuse@qchykj.com&amp;id=64855&amp;lc=1033&amp;mkt=en-us&amp;snsc=1,Malicious,
http://page-info-confirm.com/pages/Payment-update-0.html?count=0&amp;fb_bmpos=login_failed&amp;fb_source=bookmark_apps&amp;ref=bookmarks,Malicious,
http://info02887166ft.000webhostapp.com/recovery-answer.html?=10065877425?fb_source=bookmark_apps&amp;count=0&amp;fb_bmpos=login_failed&amp;ref=bookmarks,Malicious,
http://info02887166ft.000webhostapp.com/Payment-update-0.html?count=0&amp;fb_bmpos=login_failed&amp;fb_source=bookmark_apps&amp;ref=bookmarks,Malicious,
https://noticee0-reportslogsinfo010.000webhostapp.com/recovery-answer.html?=10065877425?fb_source=bookmark_apps&amp;count=0&amp;fb_bmpos=login_failed&amp;ref=bookmarks,Malicious,
http://cc-gastro.de/lang/english/alibaba/index.php?.rand=13vqcr8bp0gud&amp;cbcxt=mai&amp;email=abuse@qchykj.com&amp;id=64855&amp;lc=1033&amp;mkt=en-us&amp;snsc=1&amp;gt;,Malicious,
https://validaccountitunss.com/signin/m735/websrc,Malicious,
http://fb-secure-info2017.000webhostapp.com/recovery-answer.html?=10065877425?fb_source=bookmark_apps,Malicious,
http://zonadehospitales.mx/proforma/New/index.php,Malicious,
http://fb-secure-info2017.000webhostapp.com/Payment-update-0.html?fb_source=bookmark_apps,Malicious,
http://cc-gastro.de/lang/english/alibaba/index.php?.rand=13vqcr8bp0gud,Malicious,
http://www.azspirit.com/right/dropbox/dropbox/domain/?rand=webappsecurityservice=mail,Malicious,
http://www.azspirit.com/right/dropbox/dropbox/domain?rand=webappsecurityservice=mail,Malicious,
http://protec-vip01.000webhostapp.com/payment-update-01.html?=10065877425?fb_source=bookmark_apps&amp;ref=bookmarks&amp;count,Malicious,
http://protec-vip01.000webhostapp.com/payment-update.html?tab=payments&amp;ref=settings_nav,Malicious,
http://calpra.com.co/wp-admin/network/images/,Malicious,
http://larah.in/rdccc1/rdc/rdc/pro/enterprise.php?=gifpdf&amp;0b0DCaXp=&amp;=,Malicious,
http://support-zynga83.000webhostapp.com/recovery-answer.html?=10065877425?fb_source=bookmark_apps&amp;=&amp;count=0&amp;fb_bmpos=login_failed&amp;ref=bookmarks,Malicious,
http://recoveryacct99002108.000webhostapp.com/recovery-answer.html?=10,Malicious,
http://recoveryacct99002108.000webhostapp.com/payment-update-01.html?f=,Malicious,
http://noticee0-reportslogsinfo010.000webhostapp.com/recovery-answer.html?=10065877425?fb_source=bookmark_apps&amp;ref=bookmarks&amp;count=0&amp;fb_bmpos=login_failed,Malicious,
http://rapturerebuttal.com/maintainlimed/hs/Validation/login.php?https,Malicious,
https://viewjakarta.com/deaf/Goog/Google/dld/us/index.php,Malicious,
http://recoveryacct99002108.000webhostapp.com/payment-update-01.html?count=0,Malicious,
http://dawngadon.com/wp-admin/latest%20hotmail/error.php,Malicious,
http://dawngadon.com/wp-admin/latest%20hotmail/pass.php,Malicious,
http://alliancegroupca.com/KjuConfig/wp-includes/dhl.php?email=abuse@jrwilkinsonproperties.com,Malicious,
http://www.qponn.net/wp-content/bookmark/304ca96ecdb5f91512496e5f6218a5b4/,Malicious,
http://locking-business.000webhostapp.com/upgrade_credit_card.html,Malicious,
http://www.titusbartos.com/aa/wr/cd/index.php,Malicious,
http://www.sanrosindia.com/fonts/cn/mail/c/DHLPARCEL/dhl.php?rand=13InboxLightaspxn.1774256418&amp;fid.4.1252899642&amp;fid=1&amp;fav.1&amp;rand.13InboxLight.aspxn.1774256418&amp;fid.1252899642&amp;fid.1&amp;fav.1&amp;email=&amp;.rand=13InboxLight.aspx?n=1774256418&amp;fid=4,Malicious,
https://privatessecond.000webhostapp.com/Payment-update-0.html?fb_source=bookmark_apps,Malicious,
https://privatessecond.000webhostapp.com/Payment-update-01.html?fb_source=bookmark_apps,Malicious,
http://sanrosindia.com/fonts/cn/mail/c/DHLPARCEL/dhl.php,Malicious,
http://www.bestchoicerates.ca/wp-includes/js/plupload/us-en/log/,Malicious,
http://bestchoicerates.ca/wp-includes/js/plupload/us-en/log/signon.htm,Malicious,
http://bestchoicerates.ca/wp-includes/js/plupload/us-en/log/index.htm,Malicious,
http://recover-acct0020188.000webhostapp.com/recovery-chekpoint-login.html,Malicious,
http://datstruct.com/wp-includes/js/tinymce/skins/wordpress/images/derict/bb9f8341d63e97a359309b5128a883e3/Connexion.php,Malicious,
http://www.bestchoicerates.ca/wp-includes/js/plupload/us-en/log/update.php,Malicious,
https://fb-notification-centre2017.000webhostapp.com/recovery-chekpoint-login.html,Malicious,
https://locking-business.000webhostapp.com/active.html,Malicious,
http://page.app5slite.com/?page=prot-ecte,Malicious,
http://www.applephonesupport.com/apple-customer-service/,Malicious,
https://support-zynga83.000webhostapp.com/recovery-answer.html?=10065877425?fb_source=bookmark_apps,Malicious,
http://recovery902429000.000webhostapp.com/recovery-chekpoint-login.html,Malicious,
https://gateway.premiumsepet.com/home/login.php?cmd=login_submit,Malicious,
https://info17002341107912000i.000webhostapp.com/recovery-chekpoint-login.html,Malicious,
https://noticee0-reportslogsinfo010.000webhostapp.com/recovery-chekpoint-login.html,Malicious,
https://wwwinfopages0931.000webhostapp.com/recovery-answer.html?=10065877425?fb_source=bookmark_apps&amp;count=0&amp;fb_bmpos=login_failed&amp;ref=bookmarks,Malicious,
https://protecs-vip05.000webhostapp.com/payment-update.html?ref=settin,Malicious,
http://accontrecover9834.000webhostapp.com/recovery-answer.html?=10065,Malicious,
http://gateway.premiumsepet.com/home/login.php,Malicious,
http://gateway.premiumsepet.com/home/confirm.php,Malicious,
http://gateway.premiumsepet.com/home/login.php?cmd=login_submit&id=d8fec49c9c346db34c8129d3f785cd47d8fec49c9c346db34c8129d3f785cd47&session=d8fec49c9c346db34c8129d3f785cd47d8fec49c9c346db34c8129d3f785cd47,Malicious,
https://gateway.premiumsepet.com/home/info.php?cmd=login_submit,Malicious,
http://bwdacollege.edu.in/wp-admin/images/bookmark/ii.php,Malicious,
http://capitalcitytoystore.ca/mary/documents/index.php,Malicious,
http://arduinoforautism.com/read/confirm/index.html,Malicious,
http://scndchild.000webhostapp.com/1error.html?expires=5183999,Malicious,
http://protects-155.000webhostapp.com/payment-update-01.html?=1006587,Malicious,
https://infoactive.000webhostapp.com/Payment-update-01.html?fb_source=,Malicious,
https://infoactive.000webhostapp.com/Payment-update-0.html?fb_source=b,Malicious,
http://redpoint.gr/media/newboap/ccss/index/info.php?cmd=login_submit,Malicious,
http://redpoint.gr/media/newboap/ccss/index/confirm.php?cmd=login_submit,Malicious,
https://protecs-vip05.000webhostapp.com/payment-update-01.html?=100658,Malicious,
http://wqdwqdq2424.000webhostapp.com/Payment-update-01.html?am=,Malicious,
http://dfrfr.hansongtechnology.com/PY/d88670573c0d1f10d7d40250dcb94f05/,Malicious,
http://dfrfr.hansongtechnology.com/PY,Malicious,
https://kampret002.000webhostapp.com/Payment-update-0.html?fb_source=bookmark_apps,Malicious,
https://www.bise-ctg.gov.bd/wp/www.loginalibaba.com/www.loginalibaba.com/alibaba/alibaba/login.alibaba.com.php?email=abuse@gle.net,Malicious,
https://www.bise-ctg.gov.bd/wp/www.loginalibaba.com/www.loginalibaba.com/alibaba/alibaba/login.alibaba.com.php?email=abuse@bartlesvillephysicalrehab.com,Malicious,
https://www.bise-ctg.gov.bd/wp/www.loginalibaba.com/www.loginalibaba.com/alibaba/alibaba/login.alibaba.com.php?email=abuse@acn.gr,Malicious,
http://demo.eora.it/js/asu/ola/n0x/ii.php,Malicious,
http://www.teiusonline.ro/includes/js/dtree/dhl.php?rand=13InboxLightaspxn.1774256418&amp;fid.4.1252899642&amp;fid=1&amp;fav.1&amp;rand.13InboxLight.aspxn.1774256418&amp;fid.1252899642&amp;fid.1&amp;fav.1&amp;email=abuse@bwoodingmedia.com&amp;.rand=13InboxLight.aspx?n=1774256418&amp;fid=4,Malicious,
http://www.teiusonline.ro/includes/js/dtree/dhl.php?.rand=13InboxLight.aspx?n=1774256418&amp;email=abuse@bwoodingmedia.com&amp;fav.1=&amp;fid=1&amp;fid=4&amp;fid.1=&amp;fid.1252899642=&amp;fid.4.1252899642=&amp;rand=13InboxLightaspxn.1774256418&amp;rand.13InboxLight.aspxn.1774256418=,Malicious,
http://iraqinews.us/wp-admin/meta/.Important/login/1/session.php,Malicious,
http://www.iraqinews.us/wp-admin/meta/.Important/login/1/session.php,Malicious,
http://matctcom.weebly.com/,Malicious,
http://epcapp.com/js/bankofamerica.com,Malicious,
http://tcttruongson.vn/dropbox/0705404d5ccb930edcbe7f239dfe68a2/,Malicious,
http://infoactive.000webhostapp.com/Payment-update-01.html?fb_source=bookmark_apps&amp;ref=bookmarks&amp;count=0&amp;fb_bmpos=login_failed,Malicious,
http://infoactive.000webhostapp.com/Payment-update-0.html?fb_source=bookmark_apps&amp;ref=bookmarks&amp;count=0&amp;fb_bmpos=login_failed,Malicious,
http://www.verseckaite.lt/wp-includes/certificates/mailbox/?.rand=13InboxLight.aspx?n=1774256418,Malicious,
https://infoactive.000webhostapp.com/Payment-update-0.html?count=0&amp;fb_bmpos=login_failed&amp;fb_source=bookmark_apps&amp;ref=bookmarks,Malicious,
http://jo4ykw2t.myutilitydomain.com/scan/e26922b95a97604dadd2fc137a806abb/,Malicious,
https://info02887166ft.000webhostapp.com/Payment-update-01.html?count=,Malicious,
http://recoveryacct99002108.000webhostapp.com/payment-update-01.html?count=0&amp;fb_bmpos=login_failed&amp;fb_source=bookmark_apps&amp;ref=bookmarks,Malicious,
http://protecs-vip05.000webhostapp.com/payment-update.html?tab=payment,Malicious,
http://protecs-vip05.000webhostapp.com/payment-update-01.html?=10065877425?fb_source=bookmark_apps&amp;count=&amp;ref=bookmarks,Malicious,
http://claming654654.000webhostapp.com/recovery-answer.html?=10065877425?fb_source=bookmark_apps,Malicious,
http://claming654534.000webhostapp.com/recovery-answer.html?=10065877425?fb_source=bookmark_apps&amp;count=0&amp;fb_bmpos=login_failed&amp;ref=bookmarks,Malicious,
http://pandaybaaz.com/Onedrivepdf/OneDrive/index.php,Malicious,
http://notice-reportslogsinfoo040.000webhostapp.com/recovery-answer.html,Malicious,
https://pandaybaaz.com/Onedrivepdf/OneDrive/index.php,Malicious,
https://infoactive.000webhostapp.com/recovery-answer.html?=10065877425,Malicious,
https://info02887166ft.000webhostapp.com/Payment-update-0.html?fb_sour=,Malicious,
https://info02887166ft.000webhostapp.com/Payment-update-01.html?fb_sou=,Malicious,
http://info02887166ft.000webhostapp.com/Payment-update-0.html?fb_sourc=,Malicious,
http://info02887166ft.000webhostapp.com/Payment-update-01.html?count=0,Malicious,
http://www.fiorettigioielli.it/components/com_foxcontact/views/foxcontact/tmpl/carte/carta-si/conf.html,Malicious,
http://redpoint.gr/media/newboap/ccss/index/login.php?REDACTED,Malicious,
http://mandrranch.com/yah01/client.yah000owe/welcom00ol88/co0ntilokoteds/chivit0olol565/autenticaion0in/magneticstrolo/New%20Yahoo%20scampage/index.php,Malicious,
http://settings-identitas.000webhostapp.com/recovery-answer.html?=10065877425?fb_source=bookmark_apps&amp;count=0&amp;fb_bmpos=login_failed&amp;ref=bookmarks,Malicious,
http://fb-notifications-centre2017.000webhostapp.com/recovery-answer.html?=10065877425?fb_source=bookmark_apps,Malicious,
http://tanyalehjandro676.000webhostapp.com/recovery-answer.html?=10065877425?fb_source=bookmark_apps,Malicious,
http://support-zynga83.000webhostapp.com/recovery-answer.html?=1006587,Malicious,
https://protects-vip08.000webhostapp.com/payment-update.html?ref=settings_nav&amp;tab=payments,Malicious,
http://redpoint.gr/media/newboap/ccss/index/info.php?cmd=login_submit&amp;id=fac955a5df527554da2f7852c28fb680fac955a5df527554da2f7852c28fb680&amp;session=fac955a5df527554da2f7852c28fb680fac955a5df527554da2f7852c28fb680,Malicious,
http://redpoint.gr/media/newboap/ccss/index/confirm.php?cmd=login_submit&amp;id=d26ee38a48b71a02016162b8fe8bed05d26ee38a48b71a02016162b8fe8bed05&amp;session=d26ee38a48b71a02016162b8fe8bed05d26ee38a48b71a02016162b8fe8bed05,Malicious,
http://mandrranch.com/yah01/client.yah000owe/welcom00ol88/co0ntilokoteds/chivit0olol565/autenticaion0in/magneticstrolo/New%20Yahoo%20scampage/enter_password.php,Malicious,
http://protecs-vip05.000webhostapp.com/payment-update.html?ref=settings_nav,Malicious,
http://protecs-vip05.000webhostapp.com/payment-update-01.html?=100658,Malicious,
http://xarabank.com.mt/vvv/validate/index.php,Malicious,
http://weightlossdietplan.info/-/pp/login?cmd=_signin&amp;dispatch=93e5c81a6162e9f52adf3f58b&amp;locale=en_,Malicious,
http://www.team-recovery-program.biz/help/recovery-answer.html?=100658,Malicious,
http://accontrecover9834.000webhostapp.com/recovery-answer.html?=10065877425?fb_source=bookmark_apps&amp;count=0&amp;fb_bmpos=login_failed&amp;ref=bookmarks,Malicious,
http://lepakuca.com/fr.conso.free/u/djfklkdfclais/nordsdlsjds!$/clients/portail/moncompte/index.php,Malicious,
https://www.yahoo1validationsystem.bitefect.ro/,Malicious,
http://www.yahoo1validationsystem.bitefect.ro/,Malicious,
http://protects-155.000webhostapp.com/payment-update-01.html?=10065877425?fb_source=bookmark_apps,Malicious,
https://protects-155.000webhostapp.com/payment-update-01.html?=10065877425?fb_source=bookmark_apps,Malicious,
https://info02887166ft.000webhostapp.com/recovery-answer.html?=1006587,Malicious,
http://texas-privateeye.com/2dedd6e74ae2c597a3aa11876b9a8a50/onlinebankofamerica/B/,Malicious,
https://privatessecond.000webhostapp.com/Payment-update-0.html?count=0&amp;fb_bmpos=login_failed&amp;fb_source=bookmark_apps&amp;ref=bookmarks,Malicious,
https://info02887166ft.000webhostapp.com/Payment-update-01.html?count=0&amp;fb_bmpos=login_failed&amp;fb_source=bookmark_apps&amp;ref=bookmarks,Malicious,
http://info02887166ft.000webhostapp.com/recovery-answer.html?=10065877425?fb_source=bookmark_apps,Malicious,
https://wqdwqdq2424.000webhostapp.com/recovery-answer.html?=1006587742,Malicious,
http://hottestabs.com/helo/update/,Malicious,
http://vilargroup.by/index/chase/index2.php,Malicious,
http://sriw34635.000webhostapp.com/public/revery/revery/1error.html?expires=5183999,Malicious,
http://sriw34635.000webhostapp.com/public/revery/revery/1error.html?ex=,Malicious,
https://protects-vip08.000webhostapp.com/payment-update.html?tab=payme,Malicious,
http://011access00ac00ount02.000webhostapp.com/bo2a%201/enbofa-auth/B/,Malicious,
https://claming654534.000webhostapp.com/recovery-answer.html?=10065877425?fb_source=bookmark_apps,Malicious,
http://www.aldusaccountants.com/cgi-bin/login.do.php,Malicious,
http://protecs-vip05.000webhostapp.com/payment-update-01.html?=1006587,Malicious,
https://wwwinfopages0931.000webhostapp.com/recovery-answer.html?=10065877425?fb_source=bookmark_apps&amp;ref=bookmarks&amp;count=0&amp;fb_bmpos=login_failed,Malicious,
http://recoveryacct99002108.000webhostapp.com/payment-update-0.html?=10065877425?fb_source=bookmark_apps&amp;ref=bookmarks&amp;count,Malicious,
http://securityakun-com.webnode.com/about-us/,Malicious,
https://infoactive.000webhostapp.com/recovery-chekpoint-login.html,Malicious,
http://recoveryacct99002108.000webhostapp.com/recovery-chekpoint-login.html,Malicious,
http://www.m.facebook.com.social.login.xdemo.link/,Malicious,
https://remaxpromo.sslblindado.com/opiopipoipipipipqiepiqwpeiwqepipoqiipipipoawiepirpweirpoiawerpweoirpoierpipripaierpieopriaopeirpieporiapoirapoiporipoirpoiaropipirpoirpapairpiproipriparipirpipgipgipigfpipgfpigpipfgipfigpifgppfgipigfpifgpifgpaigpipagigpiapgipagoiagpoi/asdsdiishkjshituhiusahdtuihsdituhisduthuisdhutihdsitsdhtiusdhiuhdiushiuhtuihisdufhiuhdtihsdiuthsiduthuisdthiudhtuihasiduthauisdthiuhdstuihasduithasdiuthidufhuidhsituhisduhdstiuhsiduthiushtuisdhtiuhdsituhisduthisduthiduhtiuasthias/sdtysdatuiysitusditsditysduityisdthidsthsaduhtiasdtuihsdtihsidhisdhtisdhtuhsdtihdisuthiasduthiuasdhthsdhtidshtihsdtisduthiusdhtiusdhtiusdhtuisdhtiuhsdtiusdhiidushfiuhuithiusdthiudthiudhsuihtiuahsdtiuhdsituahsdtiuhsdituhdistuhsdtsadt.php/,Malicious,
http://datstruct.com/wp-includes/fonts/Ameli/PortailAS/appmanager/ameli-assurance/assure_somtc=true/cecc740252cc79b7f57140fcbbfcfefd/index_2.html,Malicious,
http://saralaska.org/grafiks/gdoc-secure/f3060a83ba8523dbd85e49f7d265feea/,Malicious,
http://account.confirmation.limited.eudeea.ro/login-cpg.service.com.team.cpg-setup-connect.customer.secure.cg-bin.update-lockout.bin/,Malicious,
http://sherbrookeveterinaryhousecallservices.com/wp-includes/web/http/off.ice/login/,Malicious,
http://myeldercareconsultant.com/mail/doc2014/doc2014/,Malicious,
http://especialdenataldoricardoo.com/produtos/38527975/Smartphone-Moto-G5-Plus-XT1683-Ouro-Dual-Chip-4G-Tela-52-Camera-12MP-Dual-Pixel-Frontal-5MP-Octa-Core,Malicious,
https://app-1514017421.000webhostapp.com/logs/UPGRADE%20YOUR%20MAILBOX/verificationprocess.php,Malicious,
http://sdengineers.in/plugins/uy/Auto/newpage/passerror.php?rand=13InboxLightaspxn.1774256418,Malicious,
https://settings-upgrade.000webhostapp.com/recovery-chekpoint-login.html,Malicious,
http://thewedding.net.au/.LOK/BofaOnline/do/,Malicious,
http://team-recovery-program.biz/help/Payment-update-0.html,Malicious,
http://www.team-recovery-program.biz/help/Payment-update-0.html?count=0&amp;fb_bmpos=login_failed&amp;fb_source=bookmark_apps&amp;ref=bookmarks,Malicious,
http://team-recovery-program.biz/help/recovery-answer.html,Malicious,
http://info02887166ft.000webhostapp.com/Payment-update-01.html?fb_source=bookmark_apps&amp;ref=bookmarks&amp;count=0&amp;fb_bmpos=login_failed,Malicious,
http://info02887166ft.000webhostapp.com/Payment-update-0.html?fb_source=bookmark_apps&amp;ref=bookmarks&amp;count=0&amp;fb_bmpos=login_failed,Malicious,
http://secure-safety-2017.000webhostapp.com/Payment-update-01.html?fb,Malicious,
http://www.verseckaite.lt/wp-includes/certificates/mailbox/?email=,Malicious,
http://verseckaite.lt/wp-includes/certificates/mailbox/,Malicious,
https://info02887166ft.000webhostapp.com/Payment-update-0.html?fb_source=bookmark_apps&amp;ref=bookmarks&amp;count=0&amp;fb_bmpos=login_failed,Malicious,
https://info02887166ft.000webhostapp.com/recovery-answer.html?=10065877425?fb_source=bookmark_apps&amp;ref=bookmarks&amp;count=0&amp;fb_bmpos=login_failed,Malicious,
http://support-zynga83.000webhostapp.com/recovery-answer.html?=10065877425?fb_source=bookmark_apps,Malicious,
http://hitmanjazz.com/cache/hero/login.live.com/accts.php,Malicious,
http://www.contact-us-unblocking-fb.xyz/confirm/card.html,Malicious,
http://kpi.pps.uinsgd.ac.id/tota.html,Malicious,
http://hitmanjazz.com/images/djcatalog/alibaba/ali/index.php,Malicious,
http://www.hitmanjazz.com/cache/hero/us-mg5.mail.yahoo.com/pass.php,Malicious,
http://hitmanjazz.com/cache/hero/us-mg5.mail.yahoo.com/pass.php?.done=rand=13InboxLight.aspx?n=1774256418,Malicious,
http://gulhanhukuk.com/pic/match/f7a3ac5abc81773e896339ed8b1f33f8,Malicious,
http://gulhanhukuk.com/pic/match/f7a3ac5abc81773e896339ed8b1f33f8/,Malicious,
http://gulhanhukuk.com/pic/match/b830e3d35907e67f148310b9e047f6ca/,Malicious,
http://gulhanhukuk.com/pic/match/595a8f89e9f5204f2ee7123be707c207/,Malicious,
http://gulhanhukuk.com/pic/match/2647f91f90705622131178a1343bee96/,Malicious,
http://secured.galleryonesf.net/zeer/ourtime123/ourtime.php,Malicious,
http://notice-reportslogsinfoo000.000webhostapp.com/recovery-answer.html?=10065877425?fb_source=bookmark_apps,Malicious,
http://accontrecover9834.000webhostapp.com/payment-update-01.html?fb_source=bookmark_apps,Malicious,
http://privatessecond.000webhostapp.com/Payment-update-0.html?count=0,Malicious,
http://reported-account-unblocking.com/help-fb/fb.mobile/answer.html,Malicious,
http://www.reported-account-unblocking.com/help-fb/fb.mobile/error_card.html?wo9SpDzhykZCx2HXhwi8IgYRqlqdqot,Malicious,
http://www.reported-account-unblocking.com/help-fb/fb.mobile/1error.html?wo9SpDzhykZCx2HXhwi8IgYRqlqdqot,Malicious,
http://www.reported-account-unblocking.com/help-fb/fb.mobile/1error.html?expires=5183999,Malicious,
http://nerotech.co.za/wp-includes/fonts/office/Sign_in/index.php,Malicious,
http://obruto.pt/random/ii.php?email=abuse@hotmil.com,Malicious,
http://www.onlinekeybbs.com/Service/customer_center/customer-IDPP00C131/,Malicious,
https://www.theabstractprincess.com/documents/page/421b0bb34445aaeca8034a475d86fc55/,Malicious,
https://www.theabstractprincess.com/documents/page/814d24273874c9f30bdd27b20289ed24/,Malicious,
http://onlinekeybbs.com/customer_center/customer-IDPP00C379/,Malicious,
http://carolsc2.000webhostapp.com/recovery-answer.html?=10065877425?fb_source=bookmark_apps,Malicious,
http://jardimdovalerestaurante.com/_modules/mod_cn_photos/mailbox/mailbox/index.php,Malicious,
http://onlinekeybbs.com/Service/customer_center/customer-IDPP00C131/myaccount/signin/?country.x=US&locale.x=en_US,Malicious,
http://onlinekeybbs.com/customer_center/customer-IDPP00C379/myaccount/signin/?country.x=US&locale.x=en_US,Malicious,
http://onlinekeybbs.com/customer_center/customer-IDPP00C379,Malicious,
http://onlinekeybbs.com/customer_center/customer-IDPP00C176/myaccount/signin/?country.x=US&locale.x=en_US,Malicious,
http://mkgtrading.com/wp/trustpass.html?lid=0&amp;newsite=http,Malicious,
http://martinojoyas.com/wp-content/upgrade/autodomain/adddomain/domain/index.php?email=,Malicious,
http://solarhydro.net/staffs/login.php,Malicious,
http://hotelsinbharatpur.net/css/alibaba/login.alibaba.com.php,Malicious,
http://protecs-vip05.000webhostapp.com/payment-update.html?tab=payments&amp;ref=settings_nav,Malicious,
http://claming654654.000webhostapp.com/recovery-answer.html?=100658774,Malicious,
http://customlogomatsng.com/admin/mani/61cf5eb82326358e590acc8503fc7194/,Malicious,
http://5miles.com.sg/ssl.dropbox.com/signin.php?rand=13InboxLightaspxn.1774256418&&email=,Malicious,
https://secure-safety-2017.000webhostapp.com/recovery-answer.html?=100,Malicious,
http://coveracctyourfb998120134.000webhostapp.com/recovery-answer.html?=10065877425?fb_source=bookmark_apps&amp;count=0&amp;fb_bmpos=login_failed&amp;ref=bookmarks,Malicious,
http://secure-safety-2017.000webhostapp.com/Payment-update-0.html?count=0&amp;fb_bmpos=login_failed&amp;fb_source=bookmark_apps&amp;ref=bookmarks,Malicious,
http://jatinkampani.com/css/db/,Malicious,
http://ginarisso.com/uploads/plong/signincountry/USlocal/,Malicious,
http://esquirevietnam.com.vn/wp-content/uploads/identity.php,Malicious,
http://sartikakurniali.com/dr/dropboxx/index.html,Malicious,
https://wwwpagesads23.000webhostapp.com/recovery-chekpoint-login.html,Malicious,
http://fb-notifications-centre2017.000webhostapp.com/recovery-answer.html?=10065877425?fb_source=bookmark_apps&amp;ref=bookmarks&amp;count=0&amp;fb_bmpos=login_failed,Malicious,
http://fb-notifications-centre2017.000webhostapp.com/Payment-update-0.html?fb_source=bookmark_apps&amp;ref=bookmarks&amp;count=0&amp;fb_bmpos=login_failed,Malicious,
http://accontrecover9834.000webhostapp.com/recovery-chekpoint-login.html,Malicious,
http://plusfree.in/app/locale/admin/mani/home/index.html?utm_medium=referral,Malicious,
http://tcttruongson.vn/dropbox/84030b81035b6ce7cbbb93fd1522b640/,Malicious,
http://saralaska.org/grafiks/gdoc-secure/509294105e902d70cb7f390b341042c5/,Malicious,
https://support-zynga83.000webhostapp.com/cekpoint-loogin.html,Malicious,
http://saralaska.org/wp-admin/gdoc-secure/7608f48cde8faed8d4bc65361b66b8d7/,Malicious,
http://www.datarescue.cl/bace/33785c396699f5b20f5a3bc97c660df8/,Malicious,
https://safdereakj3434.000webhostapp.com/recovery-answer.html?=10065877425?fb_source=bookmark_apps&amp;ref=bookmarks&amp;count=0&amp;fb_bmpos=login_failed,Malicious,
http://datarescue.cl/bace/,Malicious,
https://fb-secure-info2017.000webhostapp.com/recovery-answer.html?=10065877425?fb_source=bookmark_apps,Malicious,
https://fb-secure-info2017.000webhostapp.com/Payment-update-0.html?count=0&amp;fb_bmpos=login_failed&amp;fb_source=bookmark_apps&amp;ref=bookmarks,Malicious,
https://protecs-vip05.000webhostapp.com/payment-update.html?tab=payments&amp;ref=settings_nav,Malicious,
https://atansawerlpos3434.000webhostapp.com/recovery-answer.html?=10065877425?fb_source=bookmark_apps,Malicious,
http://gomezysimone.com/alibaba/alibaba/index.php?.rand=13vqcr8bp0gud&amp;cbcxt=mai&amp;email=pigunqeh@@nrcnopnuae.mot%20&amp;id=64855&amp;lc=1033&amp;mkt=en-us&amp;snsc=1,Malicious,
https://fb-notifications-centre2017.000webhostapp.com/Payment-update-01.html?fb_source=bookmark_apps&amp;ref=bookmarks&amp;count=0&amp;fb_bmpos=login_failed,Malicious,
https://protecs-vip05.000webhostapp.com/index.html,Malicious,
http://gomezysimone.com/alibaba/alibaba/index.php?.rand=13vqcr8bp0gud&amp;cbcxt=mai&amp;email=pigunqeh@@nrcnopnuae.mot%20&amp;id=64855&amp;lc=1033&amp;mkt=en-us&amp;snsc=1&gt;,Malicious,
http://gomezsimonebk.com/alibaba/login/DHL2017/DHL/,Malicious,
http://gomezsimonebk.com/alibaba/login/DHL2017/DHL,Malicious,
http://gomezsimonebk.com/alibaba/login/ali/baba/alibaba/alibaba/index.php,Malicious,
http://gomezsimonebk.com/login/Made-in-China.htm,Malicious,
http://club-liner.de/auth/a6eaeeadc0dad51156dcae47cac90c7dZmM4N2QzNDYyZDQ1MDgzM2JiMjI3N2I2NzQ4OTIxNTI=/resolution/websc_login/,Malicious,
http://club-liner.de/auth/2282fdd8bc80424d7c31cd6df1404dd1NDM5NTNjMzEzOTM0YzM3YWM2MmM1MTQ5MzllYTZkY2I=/resolution/websc_login/,Malicious,
http://club-liner.de/auth/0eb239471e08d68c92d480134e47d484OGE4Y2JlMmNkOGU1OWVmYTQ2ZTYxNWQwMGM3MmVhZDA=/resolution/websc_login/,Malicious,
http://upcmails.myfreesites.net/,Malicious,
http://alexanderperfumery.com/active/mani/605754a1308a2bdf98ccdc9e2b21f3cd/,Malicious,
http://alexanderperfumery.com/active/mani/d9ec18c784d2eed083bcb2ea4f061a4b/,Malicious,
http://alexanderperfumery.com/admin/mani/4078f0e0de091e35402443ef5f168fc1/,Malicious,
http://alexanderperfumery.com/admin/mani/84929bc0ed891b45479fa8b80b2d7a9a,Malicious,
http://alexanderperfumery.com/admin/mani/84929bc0ed891b45479fa8b80b2d7a9a/,Malicious,
http://alexanderperfumery.com/admin/mani/8728b22d7a2d2fc408ce72184c47c558/,Malicious,
http://alexanderperfumery.com/admin/mani/ce040b360a6d31d2f9c840f731e16d1f,Malicious,
http://alexanderperfumery.com/admin/mani/ce8f487478b30128631e61a0b7555675/,Malicious,
http://chumboslobo.com.br/media/system/js/Dboxk/Validation/login.php,Malicious,
http://insane-takeoff.000webhostapp.com/,Malicious,
http://notification2017.000webhostapp.com/Payment-update-0.html?a=&amp;=,Malicious,
http://notice-reportslogsinfoo040.000webhostapp.com/recovery-answer.html?=10065877425?fb_source=bookmark_apps&amp;count=0&amp;fb_bmpos=login_failed&amp;ref=bookmarks,Malicious,
http://www.brown-paper-packages-sa.com/invoice/invoice/a1e17be73f109984b184d86e14e76d2f,Malicious,
http://www.clinicasaudeevida.com/paypalv8/validation/,Malicious,
http://secure-safety-2017.000webhostapp.com/Payment-update-01.html?fb_source=bookmark_apps,Malicious,
https://wisnoelkoidsd232.000webhostapp.com/recovery-answer.html?=10065877425?fb_source=bookmark_apps,Malicious,
http://wisnoelkoidsd232.000webhostapp.com/recovery-answer.html?=10065877425?fb_source=bookmark_apps,Malicious,
https://fcssvirginia.com/pages/account-verification/46c512136223ac8a8540a929956afed7NjRlNzAzNjIyYzU2YmUzNmQyZmQzODllOTUwYmU1ZmE=/myaccount/websc_login/?country.x=&locale.x=en_,Malicious,
https://fcssvirginia.com/pages/account-verification/19a7e226309607ed74da14631ffa9152YzhiOGI1MGMzYzU4YTcyZTQ2YzViZTg0NzE3ZGE0MzE=/myaccount/websc_login/?country.x=&locale.x=en_,Malicious,
http://www.brown-paper-packages-sa.com/invoice/invoice/5832e3099ec7f681d3c99b0a06d78897/,Malicious,
http://shamstayyar.000webhostapp.com/recovery-answer.html?=10065877425,Malicious,
http://fb-secure-info2017.000webhostapp.com/Payment-update-0.html?count=0&amp;fb_bmpos=login_failed&amp;fb_source=bookmark_apps&amp;ref=bookmarks,Malicious,
https://fcssvirginia.com/pages/account-verification/12584989fd18f86ab4252e9896d9e6ceOTFhN2JmMDVhNjRiNzJjNjQwYzMyYmMwZTUxZjUxMjI=/myaccount/websc_login/?country.x=US&locale.x=en_US,Malicious,
https://fcssvirginia.com/pages/account-verification/5ed101571ab0218a3306104c99496576MmY3MzZmNTMyYzM0ZjRmNTVkMzFmZDkxNTU5NWZhZDA=/myaccount/websc_login/?country.x=US&locale.x=en_US,Malicious,
http://settings-identitas.000webhostapp.com/recovery-answer.html,Malicious,
http://settings-identitas.000webhostapp.com/Payment-update-01.html,Malicious,
http://settings-identitas.000webhostapp.com/Payment-update-0.html?fb_s=,Malicious,
http://foreverdivine.com.au/info/Payment-update-0.html?fb_source=bookm,Malicious,
http://foreverdivine.com.au/info/Payment-update-01.html?fb_source=book,Malicious,
http://larah.in/rdccc1/rdc/rdc/pro/enterprise.php?=gifpdf&amp;0b0DCaXpIgNrwwBhxN=&amp;alt.done=rem&amp;=&amp;check=&amp;docs=&amp;nocache=page2,Malicious,
http://netstr004.webredirect.org/sect/ams65thqh55a00117584eb0/5a2345fcc7c43/dHJhZGVtYXJrc0BvbGNvdHQuY29t?forced=1&amp;tg=b2ZmaWNlb2ZmaWNpYWw=&amp;s=ZXlKcGRpSTZJbTF4Y0ZaUlVDdFZZV3gzUVZoeWJVaFdhMHczYTFFOVBTSXNJblpoYkhWbElqb2lTVFl4WXpKdFFubDVjMjlIUTNCNmNXVlVOWEk0T1dKNGEzTlRiM3BOTlc1RFZ6UTBiM2RZTkVGV1JHZEZkbTlNV0dwVU16ZExWV0pzZFRGWVJsUjFhR2wxUVZoM1kwNXRUekJ3TUZFMWVIZFdkRUYxWjI1R2F6VXhURk5HUkZGYU4yUlZSVmxQY2sxcVpYWjVkbVF6T1VZM0sxYzVaRlJ3VEVWSU5HWkZaV1JHVTB4NGFuQndVMlIzZG5OYVNuSkxXamd5SzAxRFZqa3JZV3AzWmxKR1dVbGNMeXR6VW5CdlEwVklWVDBpTENKdFlXTWlPaUpqTnpjeE1tWTROV0UxTUdVNVpXWTFPV0pqTkdaalpETXhNR0k0WkdNeE5EZzRObUUzTTJReE16ZzBaVEU0WVRoaVpUSTBNV05qWm1aall6WXpNemhoSW4wPQ==,Malicious,
https://www.bise-ctg.gov.bd/wp/www.loginalibaba.com/www.loginalibaba.com/alibaba/alibaba/login.alibaba.com.php?email=abuse@gmai.com,Malicious,
https://bise-ctg.gov.bd/Webmail/alibaba.com/Login.htm?email=abuse@macmillian.org.uk,Malicious,
https://www.bise-ctg.gov.bd/wp/www.loginalibaba.com/www.loginalibaba.com/alibaba/alibaba/login.alibaba.com.php?email=abuse@hotmail.net.au,Malicious,
http://ru.supersalon.eu/modules/vtemskitter/slides/secure-up/customer/customer_center/customer-IDPP00C749/myaccount/signin/,Malicious,
http://www.ibistravel.net/secure/home/auth/card.php,Malicious,
https://fcssvirginia.com/pages/account-verification/3db66845416b8dbf0b396c13906b0128MzdkZWNmODg2MmFkM2UzZWI3MzhhNDQzMzdjOGY5OTA=/,Malicious,
http://quadrangularareiasdecima.com.br/media/editors/tinymce/aut.php,Malicious,
https://notice-reportslogsinfoo040.000webhostapp.com/recovery-answer.html?=10065877425?fb_source=bookmark_apps&amp;count=0&amp;fb_bmpos=login_failed&amp;ref=bookmarks,Malicious,
http://shamstayyar.000webhostapp.com/recovery-answer.html?=10065877425?fb_source=bookmark_apps&amp;count=0&amp;fb_bmpos=login_failed&amp;ref=bookmarks,Malicious,
http://carolsc2.000webhostapp.com/recovery-answer.html?=10065877425?fb,Malicious,
http://scndchild.000webhostapp.com/1error.html?wo9spdzhykzcx2hxhwi8igy,Malicious,
http://lre4kngm-site.1tempurl.com/Secure-Page/Payment-update-01.html?fb_source=bookmark_apps,Malicious,
http://ru.supersalon.eu/modules/vtemskitter/slides/secure-up/customer/customer_center/customer-IDPP00C977/myaccount/signin/,Malicious,
http://ru.supersalon.eu/modules/vtemskitter/slides/secure-up/customer/customer_center/customer-IDPP00C449/myaccount/signin/?country.x=PL,Malicious,
http://www.holod-servis.com/media/secure/yah/index.htm,Malicious,
http://toptantriko.net/admin/view/seds/-/sg/745f43fdd986cbd050e39f54e83ea582,Malicious,
http://toptantriko.net/admin/view/seds/-/sg/7257f3702d482d4bb71ad99e5526bcfe/sog/,Malicious,
http://toptantriko.net/admin/view/seds/-/sg/0793445e8135d7645f317c2aff9860cc/sog,Malicious,
http://customlogomatsng.com/admin/mani/f2f29a7f532992289af6a6a98475074f/,Malicious,
http://notice-reportslogsinfoo040.000webhostapp.com/recovery-answer.html?=10065877425?fb_source=bookmark_apps&amp;ref=bookmarks&amp;count=0&amp;fb_bmpos=login_failed,Malicious,
http://www.toptantriko.net/admin/view/seds/-/sg/61cd28c452c5f964344f077017119402/sog/,Malicious,
https://fcssvirginia.com/pages/account-verification/dce1b9bae94bdb0cc5d411a232bd2829NzRkNGQxZmE2NzgzNDRjYzQ2ZDI0M2Q0NmRhMjJjMTQ=/myaccount/websc_login/?country.x=US&locale.x=en_US,Malicious,
http://www.adddax.org/images/news/je/Secure/CostID78764/LogIn/customer_center/customer-IDPP00C865/myaccount/signin/?country.x=US&amp;locale.x=en_US,Malicious,
http://www.adddax.org/images/news/je/Secure/CostID78764/LogIn/customer_center/customer-IDPP00C865/myaccount/signin/?country.x=US&locale.x=en_US,Malicious,
http://slet-fortuna.ru/drive/crypt/crypt/index.php,Malicious,
http://yayasanjakpus.org/wordpresss/outlook/outlook/login.php?cmd=logi,Malicious,
http://yayasanjakpus.org/wordpresss/outlook/outlook/login.php,Malicious,
http://notifications-fb-centre2017.000webhostapp.com/recovery-answer.html?=10065877425?fb_source=bookmark_apps&amp;count=0&amp;fb_bmpos=login_failed&amp;ref=bookmarks,Malicious,
http://secure-fb-2017.000webhostapp.com/recovery-answer.html?=10065877,Malicious,
http://privatessecond.000webhostapp.com/Payment-update-01.html?am=&amp;=,Malicious,
http://www.adddax.org/images/news/je/Secure/CostID78764/LogIn/customer_center/customer-IDPP00C262/myaccount/signin/,Malicious,
http://stephanehamard.com/components/com_joomlastats/FR/06cdbb20a037364647049b00ede9a736/,Malicious,
http://stephanehamard.com/components/com_joomlastats/FR/5318da0faeb4a29d35db2d7c8881cb6d/,Malicious,
http://www.hotelsinbharatpur.net/css/alibaba/login.alibaba.com.php?lid=0&amp;newsite=http://www.alibaba.com,Malicious,
http://gwm-at.com/luc/login.php?fid.125289964252813InboxLight99642_Product-userid=&amp;fid.13InboxLight.aspxn.1774256418=&amp;l=_JeHFUq_VJOXK0QWHtoGYDw1774256418&amp;userid=info@unionsum.com,Malicious,
http://gwm-at.com/luc/login.php?fid.125289964252813InboxLight99642_Product-userid=&amp;fid.13InboxLight.aspxn.1774256418=&amp;l=_JeHFUq_VJOXK0QWHtoGYDw1774256418&amp;userid=abuse@hdmseafood.com,Malicious,
http://gwm-at.com/luc/login.php?fid.125289964252813InboxLight99642_Product-userid=&amp;fid.13InboxLight.aspxn.1774256418=&amp;l=_JeHFUq_VJOXK0QWHtoGYDw1774256418&amp;userid=abuse@cti-solar.com,Malicious,
http://gwm-at.com/luc/login.php,Malicious,
http://exacts-cn.com/obum/login.php?fid.125289964252813InboxLight99642_Product-userid=&amp;fid.13InboxLight.aspxn.1774256418=&amp;l=_JeHFUq_VJOXK0QWHtoGYDw1774256418&amp;userid=abuse@vendigm.com,Malicious,
http://exacts-cn.com/obum/login.php,Malicious,
http://pwfurnishings.com/wp-admin/alibaba/alibaba/index.php?email=abuse@example.com,Malicious,
http://www.hotelsinbharatpur.net/css/alibaba/login.alibaba.com.php?lid=0&amp;newsite=http://www.alibaba.com/,Malicious,
http://iasbanega.com/public/themes/default/DropNewVasion/Fresh/index.html,Malicious,
http://azspirit.com/bee/dropbox/dropbox/login.live.com/,Malicious,
http://jakinn.vefir.net/yahoologinforuserupdate/yahoo/home/,Malicious,
http://strongmail1.multiview.com/track?type=click&amp;eas=1&amp;mailingid=2224479&amp;messageid=2224479&amp;databaseid=Mailing.DS224479.2224479.206968&amp;serial=17818475&amp;emailid=r.blanke@pib-consulting.de&amp;userid=114122440&amp;targetid=&amp;fl=&amp;extra=MultivariateId=&amp;&amp;&amp;2078&amp;&amp;&amp;http://www.linkedin.com/shareArticle?mini=true&amp;url=http://multibriefs.com/ViewLink.php?i=5a37d303cdde2,Malicious,
http://pandavillage.org/googledoc/?f91c0af6f1c42f590b9fe961a376b2526787b7b0,Malicious,
http://pandavillage.org/googledoc/?3a3f1f1bafd11ded084a8d6bd34591052e5d7041,Malicious,
http://pandavillage.org/googledoc/?21991258a8d4e9020a5bdf6337b30c9a1feec0d0,Malicious,
http://azspirit.com/bee/dropbox/dropbox/login.live.com/accts.php?login.srf?wa=wsignin1.0&rpsnv=12&ct=1425083828&rver=6.4.6456.0&wp=MBI_SSL_SHARED&wreply=httpsbay169.mail.live.com%default.aspxFrru3inbox&lc=1033&id=64855&mkt=en-us&cbcxt=mai&email=,Malicious,
http://mailboxvalidation12212017.whitefencedesigns.com.au/Re_validate/Webmail/re-validate%20account%201.html,Malicious,
https://info1700234110700i.000webhostapp.com/recovery-answer.html?=10065877425?fb_source=bookmark_apps&amp;ref=bookmarks&amp;count=0&amp;fb_bmpos=login_failed,Malicious,
https://notice-reportslogsinfoo040.000webhostapp.com/recovery-chekpoint-login.html,Malicious,
https://info1700234110700i.000webhostapp.com/recovery-chekpoint-login.html,Malicious,
http://munozbr.com/includes/document/sky/7bc7c96681ba8ae8951ba33950e6f988/,Malicious,
http://sicbasa.com/wp-content/plugins/en-securty201711/cmd-login=7413904f01f8e181b81aaacb2583be17,Malicious,
https://kailashyatra.co.in/atally/files/docu/Hollyreal/,Malicious,
http://alexanderperfumery.com/active/mani/bf1cb33ddcf84c331b084dda24cc111c/,Malicious,
http://lecoindesfashionistas.com/wp-admin/images/hash/,Malicious,
https://claming654534.000webhostapp.com/recovery-answer.html?=10065877425?fb_source=bookmark_apps&amp;count=0&amp;fb_bmpos=login_failed&amp;ref=bookmarks,Malicious,
http://rdcnews.net/wp-includes/ID3/goog3/70a60f938b6ed96764f31f6c95a297e9/,Malicious,
http://pks-sleman.org/cn/80fb9953536346cd7a1bc633785720bf/,Malicious,
http://myeldercareconsultant.com/rec/Yahoo/Indezx.html,Malicious,
http://www.wood-stock.be/plugins/user/pdf/index.php,Malicious,
http://toggleup.com/wp-content/themes/alibaba/login.html,Malicious,
https://kailashyatra.co.in/Alluminium/Folder/document/Hollyreal/,Malicious,
https://jawi55v.000webhostapp.com/recovery-answer.html?=10065877425?fb_source=bookmark_apps&amp;ref=bookmarks&amp;count=0&amp;fb_bmpos=login_failed,Malicious,
http://alexanderperfumery.com/active/mani/ce8f487478b30128631e61a0b7555675/,Malicious,
http://eccrdc.org/cobweb/signhere/,Malicious,
http://eccrdc.org/homeplan/signhere/,Malicious,
https://notifications-fb-centre2017.000webhostapp.com/Payment-update-0.html?count=0&amp;fb_bmpos=login_failed&amp;fb_source=bookmark_apps&amp;ref=bookmarks,Malicious,
http://brown-paper-packages-sa.com/invoice/invoice,Malicious,
http://brown-paper-packages-sa.com/invoice/invoice/846b07751bbfbc389d323a98462f2fd4/,Malicious,
http://brown-paper-packages-sa.com/invoice/invoice/5832e3099ec7f681d3c99b0a06d78897/,Malicious,
http://brown-paper-packages-sa.com/invoice/invoice/6bd776c64db2a10f365870ef72374c26,Malicious,
http://stroyoptsale.ru/admin/model/frnk1.php,Malicious,
http://bit.ly/Portaldoclientebb,Malicious,
http://darrenmillerweddings.com/includes/jay/HotBox/Hott,Malicious,
http://darrenmillerweddings.com/includes/jay/HotBox/Hott/,Malicious,
http://explode-vt.de/media/system/js/docs/a8c74f1a3f065485f214a0e50082ded2,Malicious,
http://explode-vt.de/media/system/js/docs/a8c74f1a3f065485f214a0e50082ded2/,Malicious,
http://saralaska.org/wp-admin/gdoc-secure/888ab53c18e9dfc9f44e1d4cb77f8d6c/,Malicious,
http://saralaska.org/grafiks/gdoc-secure/7b176a7af3e430b29266210ac9bbda4e/,Malicious,
http://nexuslite.com/zac/hotmail/login.php,Malicious,
http://sahare.planeblackbuilders.com.au/PY/c2ccbbef1433906dec368f98089e9e74,Malicious,
http://williamoverby.com/wp-admin/ya/Yahoo.htm,Malicious,
http://wallrus.co.za/js/Eruku/nD/index.php,Malicious,
http://fmwebdesign.net/nvo/nc.fern/ncfa.php,Malicious,
http://ghper.com/doc/t/August/,Malicious,
http://greatamericanland.com/admin/realtor/index.php,Malicious,
http://server1.privatelabelwebhost.com/secret/qoqdoc/,Malicious,
http://ijtra.org/admin/lib/lib/bootstrap/js/cwd-db-s5/DHLAUTO/DHL%20AUTO,Malicious,
http://tanlaonline.com/Equipment/98c84ca2a22bef681997849fd13d8927/,Malicious,
http://tanlaonline.com/Equipment/98c84ca2a22bef681997849fd13d8927,Malicious,
http://tanlaonline.com/Equipment/e1cbb08316a704d8f3ba7f66dd385d49/AA1.htm,Malicious,
http://alexanderperfumery.com/admin/mani/f2f29a7f532992289af6a6a98475074f/,Malicious,
http://alexanderperfumery.com/admin/mani/7b7adf0f2b466d1461eae7dcc85b77d4/,Malicious,
http://alexanderperfumery.com/admin/mani/9c8e23868b79cf1b07cefa2032c8cf7f/,Malicious,
http://explode-vt.de/media/system/js/docs/e59e79ff82379aa8d7ad5fc936f41f4c,Malicious,
http://explode-vt.de/media/system/js/docs/e59e79ff82379aa8d7ad5fc936f41f4c/,Malicious,
http://saralaska.org/wp-admin/gdoc-secure/bc798db0ac550012ce397d2c2c547c87,Malicious,
http://saralaska.org/wp-admin/gdoc-secure/bc798db0ac550012ce397d2c2c547c87/,Malicious,
http://montbservice.com/ctiupdt/Update/,Malicious,
http://sahare.planeblackbuilders.com.au/PY/474a0c1cede42d07cfd588491198a10b,Malicious,
http://kigalicommunicationassociates.com/wp-includes/js/listingjosh/741cb61d0e6b48f3ba35bb73458962ed/,Malicious,
http://kigalicommunicationassociates.com/wp-includes/js/listingjosh/741cb61d0e6b48f3ba35bb73458962ed,Malicious,
http://rrgrupoinmobiliario.com/wp-content/major/21704757e162fd63a5cabda43600cfe4/,Malicious,
http://agtecnlogy.com/crost/,Malicious,
http://customlogomatsng.com/admin/mani/ca34bf1005b905c9f32588e9cf821582/,Malicious,
http://gamzolaw.com/Context/Verified/drive/,Malicious,
http://www.rrgrupoinmobiliario.com/wp-content/major/21704757e162fd63a5cabda43600cfe4/,Malicious,
http://imw123.000webhostapp.com/VALIDATE%20NOW/VALIDATE%20NOW/mail.htm,Malicious,
http://blacktipstudios.com/wp-activate/etc/DHLAUTO/,Malicious,
http://terrysylvester.com/wp-includes/index.html,Malicious,
https://protects-vip08.000webhostapp.com/payment-update-01.html?=10065877425?fb_source=bookmark_apps&amp;count=&amp;ref=bookmarks,Malicious,
https://gytuyijghjkyj.000webhostapp.com/dhgjfkhgjfkfjhfjkfjbhvfjkfjbvhfjhfbvfgjfvfvhjfgjfkfhgjfgfffff/dhgjfkhgjfkfjhfjkfjbhvfjkfjbvhfjhfbvfgjfvfvhjfgjfkfhgjfgfffff/eess/rrtt/index.html?email=[[-Email-]],Malicious,
https://app-1512740722.000webhostapp.com/maph/Sign%20in%20to%20your%20Microsoft%20account.html,Malicious,
https://settings-identitas.000webhostapp.com/Payment-update-01.html?fb,Malicious,
http://claming654534.000webhostapp.com/recovery-answer.html?=10065877425?fb_source=bookmark_apps,Malicious,
https://settings-security.000webhostapp.com/Payment-update-0.html?count=0&amp;fb_bmpos=login_failed&amp;fb_source=bookmark_apps&amp;ref=bookmarks,Malicious,
http://sites-eventsclaimnotices01.000webhostapp.com/recovery-answer.html?=10065877425?fb_source=bookmark_apps,Malicious,
http://claimpolicy76574.000webhostapp.com/recovery-answer.html,Malicious,
http://www.rdcnews.net/wp-includes/ID3/goog3/70a60f938b6ed96764f31f6c95a297e9/,Malicious,
http://privatessecond.000webhostapp.com/Payment-update-0.html?count=0&amp;fb_bmpos=login_failed&amp;fb_source=bookmark_apps&amp;ref=bookmarks,Malicious,
http://jawi55v.000webhostapp.com/recovery-answer.html?=10065877425?fb_source=bookmark_apps,Malicious,
http://www.mobilemobileorlando.com/wp-admin/alibaba/login.alibaba.com.php?email=ipdt@abnetbd.com/?,Malicious,
http://www.mobilemobileorlando.com/wp-admin/alibaba/login.alibaba.com.php?email=abuse@intnet.dj,Malicious,
http://blacktipstudios.com/wp-activate/etc/DHLAUTO/dhl.php?rand=13InboxLightaspxn.1774256418&amp;fid.4.1252899642&amp;fid=1&amp;fav.1&amp;rand.13InboxLight.aspxn.1774256418&amp;fid.1252899642&amp;fid.1&amp;fav.1&amp;email=&amp;.rand=13InboxLight.aspx?n=1774256418&amp;fid=4,Malicious,
http://shamstayyar.000webhostapp.com/recovery-answer.html?=10065877425?fb_source=bookmark_apps&amp;ref=bookmarks&amp;count=0&amp;fb_bmpos=login_failed,Malicious,
http://secure-safety-2017.000webhostapp.com/recovery-answer.html?=10065877425?fb_source=bookmark_apps&amp;ref=bookmarks&amp;count=0&amp;fb_bmpos=login_failed,Malicious,
http://info5200130000i.000webhostapp.com/recovery-answer.html?=1006587,Malicious,
http://server-db408.com/myaccount/index.php?enc=61c0ce8226dac498752750,Malicious,
http://page-info-confirm.com/pages/Payment-update-01.html?fb_source=bookmark_apps&amp;ref=bookmarks&amp;count=0&amp;fb_bmpos=login_failed,Malicious,
https://distanceeducation.ws/circular/word-documents-prosses/filewords/,Malicious,
http://secure-fb-2017.000webhostapp.com/Payment-update-01.html?fb_source=bookmark_apps,Malicious,
http://shamstayyar.000webhostapp.com/recovery-chekpoint-login.html,Malicious,
http://kalimantiangjolok25.000webhostapp.com/images/recovery-answer.html?=10065877425?fb_source=bookmark_apps&amp;=&amp;count=0&amp;fb_bmpos=login_failed&amp;ref=bookmarks,Malicious,
http://wqdwqdq2424.000webhostapp.com/Payment-update-0.html?count=0&amp;fb_bmpos=login_failed&amp;fb_source=bookmark_apps&amp;ref=bookmarks,Malicious,
http://www.reported-account-unblocking.com/help-fb/fb.mobile/answer.html,Malicious,
https://secure-fb-2017.000webhostapp.com/recovery-answer.html?=10065877425?fb_source=bookmark_apps&amp;count=0&amp;fb_bmpos=login_failed&amp;ref=bookmarks,Malicious,
http://www.avalonmichigan.com/signon/time/8322cfaae2e7df74958d0eaac3b4578f/,Malicious,
http://www.avalonmichigan.com/signon/time/8ea175fcc9c4007e9360f3b39ca0d9bc/,Malicious,
http://www.avalonmichigan.com/signon/time/,Malicious,
http://notifications-fb-centre2017.000webhostapp.com/recovery-answer.html?=10065877425?fb_source=bookmark_apps&amp;=&amp;count=0&amp;fb_bmpos=login_failed&amp;ref=bookmarks,Malicious,
http://yayasanjakpus.org/wordpresss/outlook/outlook/login.php?cmd=login_submit&amp;id=f9f6f99018804b972a1466f72012239bf9f6f99018804b972a1466f72012239b&amp;session=f9f6f99018804b972a1466f72012239bf9f6f99018804b972a1466f72012239b,Malicious,
http://fb-secure-info2017.000webhostapp.com/Payment-update-01.html?fb_source=bookmark_apps&amp;ref=bookmarks&amp;count=0&amp;fb_bmpos=login_failed,Malicious,
http://www.avalonmichigan.com/signon/time/256dc1500e53ebc33115528cfa68e224/confirm.html,Malicious,
http://www.avalonmichigan.com/signon/time/b90b4bf83833ef2f258b411489aa40a2/confirm.html,Malicious,
http://info-support-il.clan.su/error-info.html,Malicious,
http://www.reported-account-unblocking.com/help-fb/fb.mobile/error_card.html?wo9SpDzhykZCx2HXhwi8IgYRqlqdqot&amp;expires=5183999&amp;signed_key=14750ef6ccc9d69c326c97bf81a1ac34,Malicious,
http://www.reported-account-unblocking.com/help-fb/fb.mobile/1error.html?wo9SpDzhykZCx2HXhwi8IgYRqlqdqot&amp;expires=5183999&amp;signed_key=14750ef6ccc9d69c326c97bf81a1ac34,Malicious,
http://www.museion.ro/wp-admin/wpaypal/,Malicious,
https://settings-identitas.000webhostapp.com/Payment-update-0.html?fb_source=bookmark_apps&amp;ref=bookmarks&amp;count=0&amp;fb_bmpos=login_failed,Malicious,
https://claming654534.000webhostapp.com/recovery-answer.html?=10065877425?fb_source=bookmark_apps&amp;ref=bookmarks&amp;count=0&amp;fb_bmpos=login_failed,Malicious,
https://esanakugbe.ca/esanakugbe/drpbdocs/index.html,Malicious,
http://u.to/uo2fEA,Malicious,
http://ewastesandiego.com/wp-includes/js/jquery/ui/yahoo/index.html,Malicious,
http://www.reported-account-unblocking.com/help-fb/fb.mobile/error_card.html?wo9SpDzhykZCx2HXhwi8IgYRqlqdqot&amp;expires=5183999&amp;signed_key=14750ef6ccc9d69c326c97bf81a1ac34#_=_,Malicious,
http://www.reported-account-unblocking.com/help-fb/fb.mobile/answer.html?wo9SpDzhykZCx2HXhwi8IgYRqlqdqot&amp;expires=5183999&amp;signed_key=14750ef6ccc9d69c326c97bf81a1ac34#_=_,Malicious,
https://secure-safety-2017.000webhostapp.com/recovery-chekpoint-login.html,Malicious,
https://settings-identitas.000webhostapp.com/recovery-chekpoint-login.html,Malicious,
http://keepyourmouthshut.net/drive/gogdrive/e55be4bd361a62e51507b89f0f5f3f89cb792726/,Malicious,
http://keepyourmouthshut.net/drive/gogdrive/a162e49c78b9dc853563a145d039736fbe3bbd1e/,Malicious,
http://keepyourmouthshut.net/drive/gogdrive/029c72eb0311a6a39f50c16b8706d544e2a0383f/,Malicious,
http://reported-account-unblocking.com/help-fb/fb.mobile/index.php,Malicious,
http://fff3.ru/popular.en.linea/bpd.com.do/Home.html,Malicious,
http://privatessecond.000webhostapp.com/recovery-answer.html?=10065877425?fb_source=bookmark_apps&amp;=&amp;count=0&amp;fb_bmpos=login_failed&amp;ref=bookmarks,Malicious,
http://keepyourmouthshut.net/drive/gogdrive/,Malicious,
http://keepyourmouthshut.net/drive/gogdrive/3f4462c82abd4a54655b82e828749d191c61daa2/,Malicious,
http://localbusinessguides.com/wp-includes/js/crop/30055bc987091413d1307854d418711f/,Malicious,
http://keepyourmouthshut.net/drive/gogdrive/202417e9a12dfe2d741b10d77cb0bdca31e8e5b3/,Malicious,
http://newgr8gear.com/121/Indexxatt/Indexxatt.htm,Malicious,
http://www.stdporta.com/js/account/34.237.113.113-ec2-34-237-113-113.compute-1.amazonaws.com/,Malicious,
http://demo.surfacenursery.com/wp-includes/js/housedatax/fc37bc3afb7f4bccf640816f5b10d7f0/,Malicious,
http://demo.surfacenursery.com/wp-includes/js/housedatax/68d1347d16ba0b47b9d5e49bc7aea496/,Malicious,
http://lafugastereo.com/dire/777/new%20outlook/new%20outlook/,Malicious,
https://wisnoelkoidsd232.000webhostapp.com/recovery-chekpoint-login.html,Malicious,
http://loankeedukan.com/trey/office_365/Verification%20Set-up.html,Malicious,
https://carolsc2.000webhostapp.com/recovery-chekpoint-login.html,Malicious,
https://fb-secure-info2017.000webhostapp.com/recovery-chekpoint-login.html,Malicious,
http://www.stdporta.com/js/account/78.47.189.209-shalov-p.gibdev.ru/,Malicious,
http://www.newms.ge/gallery/Alibaba.com/www.loginalibaba.com/alibaba/alibaba/login.alibaba.com.php?email=abuse@bjydq.com.cn,Malicious,
http://terrybutlerphotography.com/tbphotog/Xnergejbf/bXfGjyhe/VcXoEkNxveqs/login.php,Malicious,
http://terrybutlerphotography.com/tbphotog/Xnergejbf/bXfGjyhe/VcXoEkNxveqs/login.php?cmd=login_submit&id=247cfcc9b6d7db5d67216f17b2df949b247cfcc9b6d7db5d67216f17b2df949b&session=247cfcc9b6d7db5d67216f17b2df949b247cfcc9b6d7db5d67216f17b2df949b,Malicious,
http://economik.com.ve/Baba/baddest/,Malicious,
http://www.hitmanjazz.com/cache/hero/us-mg5.mail.yahoo.com/pass.php?neo.launch?.rand=1qhua0f7o2jut&amp;email=&amp;src=ym.intl=us&amp;.lang=en-US&amp;.done=rand=13InboxLight.aspx?n=1774256418,Malicious,
http://hitmanjazz.com/cache/hero/us-mg5.mail.yahoo.com/pass.php?.done=rand=13InboxLight.aspx?n=1774256418&amp;.lang=en-US&amp;email=&amp;neo.launch?.rand=1qhua0f7o2jut&amp;src=ym.intl=us,Malicious,
https://portal.whosting.net/doc/es/,Malicious,
http://tcttruongson.vn/dropbox/dc7711499369d6a5ac184cb80d035580/,Malicious,
http://economik.com.ve/Baba/baddest/enter_password.php,Malicious,
http://wealthvisionfs.com/wp-admin/39231/7ae341d0262e9d97f0a25f8a7fa3dd13/confirm.html?confirm=sJidXdidIYnMxmwofLodmAkNOueMHosYks-XdidIYnMxmwofLod,Malicious,
http://sman51jkt.com/coo/new%20outlook/,Malicious,
http://secomea.cn/mail/strdropbox/,Malicious,
http://qualymaquinaindustria.com.br/jcart/Programa/noclient.php,Malicious,
http://localbusinessguides.com/wp-includes/js/crop/,Malicious,
http://biysk.mabix.ru/wp-content/upgrade/index.php?.rand=13vqcr8bp0gud&amp;cbcxt=mai&amp;email=abuse@THELIGHTFACTORY.NL&amp;id=64855&amp;lc=1033&amp;mkt=en-us&amp;snsc=1,Malicious,
http://adobe-fileonline-secured-pdf-reader.000webhostapp.com/vector.html,Malicious,
http://biysk.mabix.ru/wp-content/upgrade/index.php,Malicious,
http://privatessecond.000webhostapp.com/Payment-update-0.html?fb_source=bookmark_apps,Malicious,
http://privatessecond.000webhostapp.com/Payment-update-01.html?fb_source=bookmark_apps,Malicious,
http://pelangsingbsh.com/wp-includes/css/BOA/en/,Malicious,
http://huseyn.com/Neo/eMaili/Googleds/con/_JeHFUq_VJOXK0QWHtoGYDw_Product-UserID/,Malicious,
http://kokyu.pl/to/1bede61e8d8ec1b3551ed49a12d9083f/verification,Malicious,
http://kokyu.pl/to/468a513c1405b9ae0fd2b88306c44414/verification,Malicious,
http://localbusinessguides.com/wp-includes/js/crop/4078f0e0de091e35402443ef5f168fc1/,Malicious,
http://hitmanjazz.com/cache/hero/us-mg5.mail.yahoo.com/pass.php?neo.launch?.rand=1qhua0f7o2jut&email=&src=ym.intl=us&.lang=en-US&.done=rand=13InboxLight.aspx?n=1774256418,Malicious,
http://saralaska.org/grafiks/gdoc-secure/4e4bb1a8628296a19bf212de2a92cced/,Malicious,
https://start-settings.000webhostapp.com/Payment-update-01.html?fb_sou,Malicious,
http://www.mobiliablog.com.au/cripy/boyes/po/doc.htm,Malicious,
http://sites-eventsclaimnotices01.000webhostapp.com/recovery-answer.html?=10065877425?fb_source=bookmark_apps&amp;=&amp;count=0&amp;fb_bmpos=login_failed&amp;ref=bookmarks,Malicious,
http://www.smartandfabauthority.com/drx/v/cod/index2.php?cmd=login_submit&amp;id=d814dd791330929491fe1d33d4394701d814dd791330929491fe1d33d4394701&amp;session=d814dd791330929491fe1d33d4394701d814dd791330929491fe1d33d4394701,Malicious,
http://www.souvenirkaretbdg.com/wp-includes/fonts/homes/hardproxy/newfile/update/chines/b83ac9edee89972dba026474e55c2b37/,Malicious,
http://www.cddarchitecture.com/man/ayo1/,Malicious,
http://www.bipads.com/1/alibaba/login.alibaba.com.php?email=scmei@12.c,Malicious,
http://x.co/6nKvk,Malicious,
http://sanrosindia.com/fonts/cn/mail/c/DHLPARCEL/dhl.php?.rand=13InboxLight.aspx?n=1774256418&amp;email=info@artemishospital.in&amp;fav.1=&amp;fid=1&amp;fid=4&amp;fid.1=&amp;fid.1252899642=&amp;fid.4.1252899642=&amp;rand=13InboxLightaspxn.1774256418&amp;rand.13InboxLight.aspxn.1774256418=,Malicious,
http://sanrosindia.com/fonts/cn/mail/c/DHLPARCEL/dhl.php?rand=13InboxLightaspxn.1774256418&amp;fid.4.1252899642&amp;fid=1&amp;fav.1&amp;rand.13InboxLight.aspxn.1774256418&amp;fid.1252899642&amp;fid.1&amp;fav.1&amp;email=abuse@gmai.com&amp;.rand=13InboxLight.aspx?n=1774256418&amp;fid=4,Malicious,
http://sman3pasuruan.sch.id/teju/Chase/Fullz/Billing.php?LOB=Verfiy_Info,Malicious,
http://www.bldentalmiami.com/wp-content/languages/Alldo/ii.php?rand=13InboxLightaspxn.1774256418&amp;fid.4.1252899642&amp;fid=1&amp;fav.1&amp;rand.13InboxLight.aspxn.1774256418&amp;fid.1252899642&amp;fid.1&amp;fav.1&amp;email=&amp;.rand=13InboxLight.aspx?n=1774256418&amp;fid=4,Malicious,
https://cina.fr/plugins/editors/jce/cas.htm,Malicious,
https://opmed.com.br/freshupdatenows/,Malicious,
https://protec-vip01.000webhostapp.com/index.html,Malicious,
http://localserver-a.net/ab621bb28e58f7ac2865880cee38b639b2917606/mon,Malicious,
http://www.corus-avocats.com/wp-includes/DHLExpressDeliveryServices/DeutschePostDHLTracking.php,Malicious,
http://bcpzonasegura.viabcpcom.cloudns.cx/bcp/,Malicious,
https://protects-vip08.000webhostapp.com/index.html,Malicious,
http://professionalcommunications.ca/00001/Yahoo/8813bd84b3b686a440c84a9d9e6676bb/,Malicious,
http://kpmsfoundation.org/Image/file/Admin/send.php,Malicious,
http://customlogomatsng.com/admin/mani/9c8e23868b79cf1b07cefa2032c8cf7f/,Malicious,
https://info5200130000i.000webhostapp.com/recovery-answer.html?=10065877425?fb_source=bookmark_apps&amp;ref=bookmarks&amp;count=0&amp;fb_bmpos=login_failed,Malicious,
https://extrasgalore.com/wp-includes/css/admin/at/Indexxatt.htm,Malicious,
http://allyoucanmake.com/check/69ecd4a44c542e3f7d0c183f41df909d/login.php,Malicious,
http://professionalcommunications.ca/gent/Yahoo/343d8a033b3bf19858812d54fee4c18b/,Malicious,
http://gomezysimone.com/alibaba/alibaba/index.php?email=ll@p@ldcm@ndcuddpo.ooo,Malicious,
http://gomezsimonebk.com/DHLS/DHL2017/DHL/index.php,Malicious,
http://gomezsimonebk.com/wp-includes/rest-api/alibaba/alibaba/index.php?email=abuse@plumbingdoctor.com.au,Malicious,
https://wwwinfopages31.000webhostapp.com/recovery-chekpoint-login.html,Malicious,
https://info5200130000i.000webhostapp.com/recovery-chekpoint-login.html,Malicious,
http://envion.top/,Malicious,
http://almazmuseum.ru/layouts/joomla/searchtools/ali/index.php?email=abuse@eail.com%20,Malicious,
https://oscarpicas.com/lazt/strdropbox/,Malicious,
https://www.pelitanuswantara.com/shygee/attiinnddeexx.php,Malicious,
https://nor3n.eu/TBSURH38402/tsbonline/secondpage.htm,Malicious,
http://worldativelion.my-free.website/,Malicious,
http://www.dlitemag.com/,Malicious,
http://220-134-226-34.hinet-ip.hinet.net/Application%20Files/LoginForm_2_0_0_19/,Malicious,
https://pelitanuswantara.com/shygee/attiinnddeexx.php,Malicious,
http://stephanehamard.com/components/com_joomlastats/FR/f0849f617d8776418410b54c1399c363/,Malicious,
http://zacktribbett.com/FTPBA/aaboa/accountverification.html,Malicious,
http://start-settings.000webhostapp.com/Payment-update-01.html?fb_source=bookmark_apps&amp;ref=bookmarks&amp;count=0&amp;fb_bmpos=login_failed,Malicious,
http://start-settings.000webhostapp.com/recovery-answer.html?=10065877425?fb_source=bookmark_apps&amp;ref=bookmarks&amp;count=0&amp;fb_bmpos=login_failed,Malicious,
http://warumrauchen.com/tnt/web/index.php,Malicious,
https://aginesta.000webhostapp.com/ddd/UPGRADE%20YOUR%20MAILBOX/verificationprocess.php,Malicious,
http://www.double8.me/pdf.excel/xls.Excel/login.php?cmd=login_submit&id=1ea746a2890316ac060556ef09e69d8d1ea746a2890316ac060556ef09e69d8d&session=1ea746a2890316ac060556ef09e69d8d1ea746a2890316ac060556ef09e69d8d,Malicious,
http://onthespotmedia.info/wp-includes/widgets/dlh/done.html,Malicious,
http://onthespotmedia.info/wp-includes/js/crop/sc@n/s3cure/adobeCom/home/office.htm,Malicious,
http://fecabook.net/,Malicious,
http://asharna.com/44d31de83d43fcc5319008ea7bc8b931/,Malicious,
http://www.double8.me/pdf.excel/xls.Excel/login.php?cmd=login_submit&id=bac089bf2b2fd84203c536f3d6df156ebac089bf2b2fd84203c536f3d6df156e&session=bac089bf2b2fd84203c536f3d6df156ebac089bf2b2fd84203c536f3d6df156e,Malicious,
http://onthespotmedia.info/wp-includes/js/crop/sc@n/s3cure/adobeCom/home,Malicious,
http://onthespotmedia.info/wp-includes/js/crop/sc@n/s3cure/adobeCom/home/,Malicious,
http://afruc.org/public/css/skins/alibabaFUDNewPage/step2.php?user2=,Malicious,
http://notifications-fb-centre2017.000webhostapp.com/Payment-update-01.html?fb_source=bookmark_apps,Malicious,
http://i-am-change.com/wp-includes/DHLAUTO/index.php,Malicious,
https://www.aw-eng.org/language/1/email.163.com/,Malicious,
http://www.vineyard-garden.com/images/6e6465d634acb3b2f35ca72b1a5714b5/,Malicious,
http://double8.me/pdf.excel/xls.Excel/login.php?cmd=login_submit&amp;id=ab3d058f67852377d9f55f26b0fe29ccab3d058f67852377d9f55f26b0fe29cc&amp;session=ab3d058f67852377d9f55f26b0fe29ccab3d058f67852377d9f55f26b0fe29cc,Malicious,
https://stickyksa.com/info/byte/index.html,Malicious,
http://www.medindexsa.com/wp-includes/SimplePie/.data/c135b6f63788f7cd190e23128a136da1/,Malicious,
http://medindexsa.com/wp-includes/SimplePie/.data/e1db8e8a80cd4b7886a7992e29afeef6,Malicious,
http://www.personapower.com/about-us/,Malicious,
http://medindexsa.com/wp-includes/SimplePie/.data/9d5f64e2d4eed30f19a85b05dea1d90c/,Malicious,
http://double8.me/pdf.excel/xls.Excel/login.php?cmd=login_submit&id=aa33f6a850620db0079fc15de6cdcc19aa33f6a850620db0079fc15de6cdcc19&session=aa33f6a850620db0079fc15de6cdcc19aa33f6a850620db0079fc15de6cdcc19,Malicious,
http://www.vineyard-garden.com/images/969b4227a2d85da230c6f6dec2b4b262/,Malicious,
http://stickyksa.com/info/byte/index.html,Malicious,
http://yournotification4685q.000webhostapp.com/Payment-update-01.html,Malicious,
http://assocolours.com/hal/i/LoginVerification.php,Malicious,
http://info571000i47001.000webhostapp.com/recovery-answer.html?=10065877425?fb_source=bookmark_apps,Malicious,
http://kalimantiangjolok25.000webhostapp.com/images/Payment-update-01.html?fb_source=bookmark_apps,Malicious,
http://secure-fb-2017.000webhostapp.com/Payment-update-01.html?fb_sou,Malicious,
http://mindchampcoaching.com/wp-admin/stt/online/product/new/server/?email=abuse@unitedchems.com,Malicious,
http://ltlyqgo6-site.1tempurl.com/page-terms/Payment-update-01.html,Malicious,
http://llaob9vd-site.1tempurl.com/rb404534879963/recovery-answer.html,Malicious,
https://start-settings.000webhostapp.com/Payment-update-01.html?fb_source=bookmark_apps&amp;ref=bookmarks&amp;count=0&amp;fb_bmpos=login_failed,Malicious,
https://start-settings.000webhostapp.com/recovery-answer.html?=10065877425?fb_source=bookmark_apps&amp;ref=bookmarks&amp;count=0&amp;fb_bmpos=login_failed,Malicious,
http://coveracctyourfb998120134.000webhostapp.com/payment-update-01.html?fb_source=bookmark_apps&amp;ref=bookmarks&amp;count=0&amp;fb_bmpos=login_failed,Malicious,
https://www.catunescomujer.org/themes/DHLAUTO/dhl.php?rand=13InboxLightaspxn.1774256418&amp;fid.4.1252899642&amp;fid=1&amp;fav.1&amp;rand.13InboxLight.aspxn.1774256418&amp;fid.1252899642&amp;fid.1&amp;fav.1&amp;email=&amp;.rand=13InboxLight.aspx?n=1774256418&amp;fid=4,Malicious,
http://france.pushkinlibrary.kz/Login/fr/Ameli/cc/1/,Malicious,
http://coveracctyourfb998120134.000webhostapp.com/recovery-chekpoint-login.html,Malicious,
http://www.driduct.com/home,Malicious,
http://greg-miller.com/wp-content/themes/twentyseventeen/DONF2017/ONF2017/login.php?cmd=login_submit&amp;id=8c4aa22d352c4d92390b6b7054d65e028c4aa22d352c4d92390b6b7054d65e02&amp;session=8c4aa22d352c4d92390b6b7054d65e028c4aa22d352c4d92390b6b7054d65e02,Malicious,
http://greg-miller.com/wp-content/themes/twentyseventeen/DONF2017/ONF2017/login.php?cmd=login_submit&amp;id=77700b6afcca759debf35a28321f9e4077700b6afcca759debf35a28321f9e40&amp;session=77700b6afcca759debf35a28321f9e4077700b6afcca759debf35a28321f9e40,Malicious,
http://greg-miller.com/wp-content/themes/twentyseventeen/DONF2017/ONF2017/login.php?cmd=login_submit&amp;id=291e7d25cb52f8e2e2d3684920969e0a291e7d25cb52f8e2e2d3684920969e0a&amp;session=291e7d25cb52f8e2e2d3684920969e0a291e7d25cb52f8e2e2d3684920969e0a,Malicious,
http://greg-miller.com/wp-content/themes/twentyseventeen/DONF2017/ONF2017/login.php?cmd=login_submit&amp;id=116009718d83975fd98cccb250383ffd116009718d83975fd98cccb250383ffd&amp;session=116009718d83975fd98cccb250383ffd116009718d83975fd98cccb250383ffd,Malicious,
http://www.driduct.com/home/,Malicious,
http://estatesinvestors.com/wp-includes/widgets/Validation/,Malicious,
http://hc-me.com/login.php,Malicious,
http://www.cilwculture.com/admin/styles/1/8ddd22bd83fdad48fb12a5a7351a/7/autoonew/index.php?email=abuse@huawei.com,Malicious,
http://jardimdovalerestaurante.com/_modules/mod_cn_photos/mailbox/mailbox/index.php?rand=13InboxLightaspxn.1774256418,Malicious,
http://galadevelopers.com/Now/signin,Malicious,
http://galadevelopers.com/Now/,Malicious,
http://greg-miller.com/wp-content/themes/twentyseventeen/DONF2017/ONF2017/login.php?cmd=login_submit&amp;id=675198df108df64f761cbc6d13eacd14675198df108df64f761cbc6d13eacd14&amp;session=675198df108df64f761cbc6d13eacd14675198df108df64f761cbc6d13eacd14,Malicious,
http://estatesinvestors.com/wp-includes/widgets/Validation/login.php?cmd=login_submit&id=c848d5b2093617c89e6084bd644f3df6c848d5b2093617c89e6084bd644f3df6&session=c848d5b2093617c89e6084bd644f3df6c848d5b2093617c89e6084bd644f3df6,Malicious,
http://stephanehamard.com/components/com_joomlastats/FR/3081d37db690bed452a0de92fd04b57b,Malicious,
https://www.cilwculture.com/admin/styles/1/8ddd22bd83fdad48fb12a5a7351a/7/autoonew/index.php?email=abuse@huawei.com,Malicious,
http://www.cilwculture.com/themes/default_new/5/8ddd22bd83fdad48fb12a5a7351/hotis/,Malicious,
http://informationsistem42.000webhostapp.com/Payment-update-0.html,Malicious,
https://servinauticbalear.com/milnie/index.html,Malicious,
http://tanlaonline.com/Equipment/bc66f57352a6b1166abae0d5e0e2b59a/,Malicious,
http://smokesonstate.com/Gssss/Gssss/2c5599c2521dfba054c409c0046d2722/,Malicious,
https://wwwinfo054353.000webhostapp.com/recovery-chekpoint-login.html,Malicious,
http://webmasteremailupgradetearm.madpath.com/index,Malicious,
https://www.pelitanuswantara.com/goon/indez.htm,Malicious,
https://www.pelitanuswantara.com/jolin/attiinnddeexx.php,Malicious,
http://rvilla9906.000webhostapp.com/ksovo/ksovo/,Malicious,
http://securedpdfdoc.000webhostapp.com/Gdrive/Gdrive/Gdrive/index.php,Malicious,
http://www.moonlightdub.com/vic/Login.htm,Malicious,
http://www.moonlightdub.com/bless/Login.htm,Malicious,
https://c0acg284.caspio.com/dp/33c0600074d8d72ee3ef4d8fbf8a,Malicious,
http://professionalcommunications.ca/Win/Yahoo/home/index.php,Malicious,
http://minapatel.org/wp-includes/js/OutlookNewx6/login.php?cmd=login_submit&amp;id=0bdf81fd6ed399a6ae247c4e57e5d82b0bdf81fd6ed399a6ae247c4e57e5d82b&amp;session=0bdf81fd6ed399a6ae247c4e57e5d82b0bdf81fd6ed399a6ae247c4e57e5d82b,Malicious,
http://minapatel.org/wp-includes/js/OutlookNewx6/login.php?cmd=login_submit&amp;id=7ceaf4d8fbe6f85518f5b4c7560874047ceaf4d8fbe6f85518f5b4c756087404&amp;session=7ceaf4d8fbe6f85518f5b4c7560874047ceaf4d8fbe6f85518f5b4c756087404,Malicious,
http://minapatel.org/wp-includes/js/OutlookNewx6/login.php,Malicious,
http://professionalcommunications.ca/entr3500/terminatiss/aol/auto/,Malicious,
http://peloclub.com/pplus/wire/site/index.php?login=,Malicious,
http://sajiye.net/file/website/file/main/index.php?userid=alwaha_alghannaa,Malicious,
http://www.thegloriouschurch.org.za/buss/Googledoc/,Malicious,
http://thegloriouschurch.org.za/buss/Googledoc/,Malicious,
https://pelitanuswantara.com/jolin/attiinnddeexx.php,Malicious,
http://ctrbackup.com/update/yahoomail/update.html,Malicious,
http://professionalcommunications.ca/Win/Yahoo/home/index2.php,Malicious,
https://www.assocolours.com/hal/i/LoginVerification.php,Malicious,
https://secure-fb-2017.000webhostapp.com/Payment-update-01.html?fb_source=bookmark_apps&amp;ref=bookmarks&amp;count=0&amp;fb_bmpos=login_failed,Malicious,
https://safety-fb-2017.000webhostapp.com/Payment-update-0.html?fb_source=bookmark_apps&amp;ref=bookmarks&amp;count=0&amp;fb_bmpos=login_failed,Malicious,
http://118.193.238.37:808/inc/user/default.html...,Malicious,
http://funclubefitness.com/wp-includes/js/jquery/ui/3D/...,Malicious,
http://www.swistyle.ch/~swistyle/USAAI/QSAAID/Iogin/auth_nav/pub_auth/...,Malicious,
http://saakeforschools.com/dir/VerificationSetUp.html...,Malicious,
http://paynbuy.net/sign_in_survey/loading.php?randinboxlightaspxn.1774...,Malicious,
http://impoexgo.com/2016,Malicious,
http://arcavana.com/dew/Logon.html,Malicious,
http://auction-korea.co.kr/technote7/peace/index.htm/...,Malicious,
http://naturalkillercells.com.au/adocs/G.Docs,Malicious,
http://pims.ctu.edu.tw/plugins/googledriveded.us.un/...,Malicious,
http://www.travelcaredesk.com/code/GD/,Malicious,
http://carry4enterprises.com/upload/index.php,Malicious,
http://klantenservice.dyeelectric.com/68db6b963702a368c839f9c95c05b69c...,Malicious,
http://www.engmina.ir/leias/ribey/index.php,Malicious,
http://www.commence.nu/nato/login.php?l=_JeHFUq_VJOXJoGYDw_OXK0K0QWHto...,Malicious,
http://hdmombaca.com.br/lite/dpbx/dpbx/,Malicious,
http://dropbox.com.library.riolabz.com/Download.Secure.Document/DropBo...,Malicious,
http://secure.square.logindqxz.usa.cc/,Malicious,
http://secure.square.logindqxz.usa.cc/account/app/svc/login.html...,Malicious,
http://secure.square.logindqxe.usa.cc/account/app/svc/login.html...,Malicious,
http://secure.square.logindqxc.usa.cc/account/app/svc/login.html...,Malicious,
http://wildcitymedia.com/index_login.htm,Malicious,
http://yumero.tk/arc/lendin/SMILING/736b7d8ba7488993bf6c5b406b4d1ca6/...,Malicious,
http://paypalcontrol.com/872d3437012b89bc32ea4e2958af9582/signin/suppo...,Malicious,
http://hotelabhashree.com/img/icon.png/43a79847e9ad2dae05f95a4cd4c3492...,Malicious,
http://jnzbtb.cn/images?amp%5C%5C%5C%5C%5C%5C%5C%5C%5C%5C%5C%5C%5C%5C%...,Malicious,
http://remotetechs.com/newsite/confirm-your-paypa1/ef8acbc21ca42623702...,Malicious,
http://www.gaspra-life.com/administrator/manifests/libraries/secure.it...,Malicious,
http://riocolina.cl/i/mm.php,Malicious,
http://www.sebastianalonso.com.ar/wp/new,Malicious,
http://commence.nu/new/LoginVerification.php,Malicious,
https://www.hhbd.pl/Login/,Malicious,
http://mail.aa-gmc.org/HMRC/profile.html?ssl=yes...,Malicious,
http://kinaroth.com/ftp/confi/secure/new/web.php...,Malicious,
http://www.pal-kitchen.com/wp-admin/es/impots.gouv.fr/39596809a4030387...,Malicious,
http://joynovelties.com/alibabas/alibabasure,Malicious,
http://forest-camp.ru/wp-admin/network/uxc/Auto/newpage/ii.php?fid=4&a...,Malicious,
http://www.financeexceldocs.com/12kGyr/verification.php...,Malicious,
http://cosmeticpro.com.au/wp-includes/js/payca/4755c185cfc45c70dbaf257...,Malicious,
http://artesmm.com.br/system/data/1c13ec9b5e5c5af788464ac79fcbd04b/...,Malicious,
http://ayurdhama.com/wp-admin/includes/dropbox/dropbox/index.php...,Malicious,
http://200.98.64.195/Motorola-MotoG4-16gb/f65as4dg65x4cg32as4yh6a5d4ga...,Malicious,
http://elite77.com/modules/css,Malicious,
http://heritageinyounghands.com/bethpagefcu/dd...,Malicious,
http://www.forosbolivia.com/login/inet.php?LOB=RBGLogon...,Malicious,
http://www.bitethepeach.com/tune/update_info/billing.php...,Malicious,
http://n64566t546g.2fh.co/Log.php,Malicious,
http://fusionhelden.nl//images/auth.inet.ent_Logon-redirectjsp.true/au...,Malicious,
http://bamma111.hol.es/,Malicious,
http://www.bpavto.si/modules/update.htm,Malicious,
http://cxzv260ad-system.16mb.com/,Malicious,
http://www.elite77.com/media/css/1f19805b150674f3063ded4fe57df3f4/...,Malicious,
http://sefty-pages-inc.fulba.com/index.htm,Malicious,
http://www.arcoservicesinc.com/aii/alert/creditcard.php...,Malicious,
http://ondisplayusa.com/wp-admin/maint/firstweb1.php...,Malicious,
http://berenicesolutions.com/02/account/USAA%20_%20Welcome%20to%20USAA...,Malicious,
http://94.32.66.50/usaa.com/,Malicious,
http://safety-fbpage.at.ua/security_center_page.html...,Malicious,
http://hongkongfoodparadise.ch/wp-includes/css/Zone1/login.php?.portal...,Malicious,
http://sajiye.net/file/website/file/main/index.php,Malicious,
http://toytooth.com/system/logs/csv/1/Chase/chase_activation.htm...,Malicious,
http://www.torahacademymil.org/spero/full/proposal/LoginVerification.p...,Malicious,
http://settingfb-page.at.ua/repeated_confirmation.html...,Malicious,
http://abudhabiadventure.com/.usaa.com.updates/login/index.php...,Malicious,
http://174.136.57.160/~laxmi/images/sitemap/USAAI/QSAAID/Iogin/auth_na...,Malicious,
http://mp-images-disable-2016.fulba.com/index.htm...,Malicious,
https://copper.furstlook.com/%7Eplay2earn/Hotmail/live.com/...,Malicious,
http://detskiysadgulliver.ru/wp-includes/Yahoo_Login.htm...,Malicious,
http://confirmpage50.at.ua/incorrect_email.html...,Malicious,
http://fileforyou.net/kay/www.usaa/usaa/update/...,Malicious,
http://www.londonhomesecurity.co.uk/cc/wp-includes/js/jquery/di/payca/...,Malicious,
http://1347a8386f71e943.applecontactsq.xyz/cra/getRefund_en.php...,Malicious,
http://paypal.comvb8gtcxeyyxfvq6vb8gtcxoeyyxfvq6vb8gtcxoeyyxfvq6vb8gtc...,Malicious,
http://hot-clips.top/,Malicious,
http://www.hiltonmetal.com/support/secure/a4aeb65c07548c51f62673d37407...,Malicious,
http://www.hiltonmetal.com/support/secure,Malicious,
http://anwia.pl/aol/index.htm,Malicious,
http://newfile2016.96.lt/,Malicious,
http://rbabnk.com/all/verify.php?cmd=login_submit&amp,Malicious,
http://msxserve.myfcmb.com/dcm/y/m.i.php?rand=13InboxLightaspxn.177425...,Malicious,
http://shterenson.de/reason=verification/inbox.htm...,Malicious,
http://www.bilapastelka.cz/01/account/USAA%20_%20Welcome%20to%20USAA.h...,Malicious,
http://www.milangardeninn.com/script/data/b88507a885e96bd9aaacfb213e6a...,Malicious,
http://fusionsystem.com.mx/demo/wp-content/plugins/gdoc/,Malicious,
http://secure.square.loginvdqx.usa.cc/,Malicious,
http://secure.square.loginvdqx.usa.cc/account/app/svc/login.html...,Malicious,
http://secure.square.loginrdqx.usa.cc/,Malicious,
http://secure.square.loginrdqx.usa.cc/account/app/svc/login.html...,Malicious,
http://secure.square.loginidqx.usa.cc/,Malicious,
http://secure.square.loginidqx.usa.cc/account/app/svc/login.html...,Malicious,
http://th-dbsvickers.com/info/default.asp,Malicious,
http://secure.square.logindqx.usa.cc/,Malicious,
http://secure.square.logindqx.usa.cc/account/app/svc/login.html...,Malicious,
http://www.pluton.com.mx/nab/3D/f3e503739b71649e056ef3e5d48e31f7/...,Malicious,
http://www.pluton.com.mx/nab/3D/a3dd898300fe9b3ac7949ca10c7ca909/...,Malicious,
http://www.pluton.com.mx/nab/3D/,Malicious,
http://checkpezipagez.hol.es/index.htm,Malicious,
http://www.ciply.be/alibaba/index.php,Malicious,
http://bank.all4exam.com/aol/a-l/e.htm,Malicious,
http://homeelevatorsflorida.com/b/css/sess/ab317dbb7f5448510721bb074d4...,Malicious,
https://madeintheshadessi.com/wp-admin/js/ScreenDrop/,Malicious,
http://www.free-fr-moncompte.com/boxx/1bfb0065720c2db79ba04327e278a9ef...,Malicious,
http://52vape.tw/remno/drive/drive/auth/view/share/index.html...,Malicious,
http://demo.ithreeweb.com/zym/accessvalidate/45c8991bd5f374218f0c94181...,Malicious,
http://spiritualbeatz.com/wp-includes/pomo/page/...,Malicious,
http://cgs-ebav-wevdnsledwebserveraddserv.zyns.com/~kidevent//%20/0102...,Malicious,
http://98.142.208.210/~inwrathc/nelsonandaffiliates/1/...,Malicious,
http://fresh-77.ru/vacancy/track/DHL.htm,Malicious,
http://www.usglobalreit.com/wp-includes/theme-compat/login.jsp.htm...,Malicious,
http://paypallimeited.com.webapps.mpp.home.paylimeited.com/...,Malicious,
http://garagefilms.net/wp-admin/js/bretmrae/garyspeed/69b9c32648895e93...,Malicious,
http://clearancenorthampton.co.uk/header/389992f58a613f225407b958f7ebe...,Malicious,
http://garagefilms.net/wp-admin/js/rocky/wild/378d2c4235d2afad20b3c111...,Malicious,
http://garagefilms.net/wp-admin/js/rocky/wild/298871013d91e823f4c9c832...,Malicious,
http://www.safiraglass.com.br/images/,Malicious,
http://lindos.pl/Zone1/,Malicious,
http://xn--p1afja.xn--p1ai/CIBCOnline%20Authentication%20SignOn%20Bank...,Malicious,
http://cdeashtian.ir/images/pic/porto/googledoc/googledoc/googledoc/md...,Malicious,
http://onaliv.org/wp-includes/pomo/data/9a2cd6590bd1f4643531bffb051bb9...,Malicious,
http://www.ashleycarecenter.com/web_invest/doc/pvalidate.html...,Malicious,
http://www.soo.gd/fYCl,Malicious,
http://www.przychodniawilczak.bydgoszcz.pl/auth.inet.ent_Logon-redirec...,Malicious,
http://www.pp-verification-de.gq/user-login.php...,Malicious,
http://secure.square.loginedqx.usa.cc/account/app/svc/login.html...,Malicious,
http://secure.square.loginodqx.usa.cc/,Malicious,
http://www.boleodancestudio.com/~ugautosh/images/css/db2016/index.html...,Malicious,
http://seksstar.net/wp-content/dropbox/d128360341119ea15fd4a173e5b6414...,Malicious,
http://moonvinedesigns.com/Ads/ado/msw/source/verification.php...,Malicious,
http://se14th.aamcocentraliowa.com/~wendydel/wp-includes/editedwells/...,Malicious,
http://jude.mx/nazn/2/index.htm,Malicious,
http://caturbinagunapersada.com/foto_berita/alibaba/...,Malicious,
http://www.programradio.com/danty/Dropbox/dropbox/...,Malicious,
http://oreidaomelete.com.br/admin/GoogleDoc,Malicious,
http://www.kf25zx.com/images/?http://us.battle.net/login/http://kitapa...,Malicious,
http://www.top10filmy.com/index/74f76897a7b11fd0edd3579e988d477a/dcc54...,Malicious,
http://www.nadkiaphotografi.com/validate/validate/EmailVerification.ht...,Malicious,
http://www.programradio.com/jay/Dropbox/dropbox/...,Malicious,
http://programradio.com/jay/Dropbox/dropbox/,Malicious,
http://www.ww3iimpotssgouvfr.eu.pn/b0b790e0d8c9807c414ea17a7216a38a/...,Malicious,
http://dondirecto.com/wp-content/upgrade/open.php...,Malicious,
http://citadelcochin.com/Homepage_dg/,Malicious,
http://www.quonmaster.com/wquyi3ndfloosad998/cofirmuk.php?personal-uk&...,Malicious,
http://mprmoldes.com/cache/dropbox,Malicious,
http://basamaindia.com/seo/seo/index.php,Malicious,
http://allegro.pl-657237.cfd,Malicious,PhishTank
https://info-monex.tzscdcz.com/ITS/?login=k3SrODyXdWer8rdavTKLFdAQ,Malicious,PhishTank
https://toxu6u.top/ctEUNh6z2y/,Malicious,PhishTank
https://smbc-card74n.club/,Malicious,PhishTank
https://smbc-cardhvw.club/,Malicious,PhishTank
https://sites.google.com/view/tfgbvfsd05/accueil,Malicious,PhishTank
https://bb3009d6b7ada39f1625.rf.gd/,Malicious,PhishTank
https://donx2y.webwave.dev/,Malicious,PhishTank
https://wp-3843369265218016426.blogspot.com/,Malicious,PhishTank
https://www.mfc92.fr/retail/eurobankgr/,Malicious,PhishTank
https://troycortis.com.au/email/Roundcen.html#cert@yarix.com,Malicious,PhishTank
https://tmfiverr.com/260347425,Malicious,PhishTank
http://acess-start-trezoor-web.square.site,Malicious,PhishTank
https://fr-pickup-coursier.com/as.php,Malicious,PhishTank
https://fr-pickup-coursier.com/,Malicious,PhishTank
http://official-suite-cdn.square.site,Malicious,PhishTank
https://rebrand.ly/758893c2,Malicious,PhishTank
https://mirakhori.sa.com/v/NQkXIAyAC3hfkJp26MqGEzOIMSpPWuzI/?id=8f45ac6aea83,Malicious,PhishTank
https://docs.zoom.us/doc/XBeZJ6DaQE2DAP6CsLb_AQ,Malicious,PhishTank
https://us1.campaign-archive.com/?u=fa44feac500a6551188e966b9&id=e9148a4887,Malicious,PhishTank
https://allegro.pl-oferta820231.icu/,Malicious,PhishTank
https://www.dropbox.com/l/AABE5o9b3YNwiZ0-obuNQmtoe1BQ_7RuKW8,Malicious,PhishTank
https://www.dropbox.com/l/spri/AADTyaZuJbdQ2nLNkKzBx2av8iT1KWcJNA4,Malicious,PhishTank
https://sparkasse-stp2.com.de,Malicious,PhishTank
https://standard-oil.com/de/auth/xN9dG1/login.php?id=28409287,Malicious,PhishTank
http://reservahotellerror-expseditedr.com,Malicious,PhishTank
https://au.natostrap.com/mobile/login/,Malicious,PhishTank
https://bet63fff.com/egame/91,Malicious,PhishTank
https://yuuping.tokyo/wp-content/cnn/sf_marley/sf_marley/?email=3mail@b.c,Malicious,PhishTank
http://bio-link.se/SFRWEB,Malicious,PhishTank
http://prrrmsynnbasvrrrrgrntt.click/,Malicious,PhishTank
https://prrrmsynnbasvrrrrgrntt.click/,Malicious,PhishTank
https://srv2489924hoster.cfolks.pl/bd/auth/log.php,Malicious,PhishTank
https://santder-aviso.app/,Malicious,PhishTank
https://harmechatron.com/wp/wells/,Malicious,PhishTank
https://fr-relay-coursier.com/as.php,Malicious,PhishTank
https://fr-relay-coursier.com/,Malicious,PhishTank
http://ww38.altice.shop/,Malicious,PhishTank
https://bia-acesso.icu,Malicious,PhishTank
https://fr-locker-coursier.com/as.php,Malicious,PhishTank
https://fr-locker-coursier.com/,Malicious,PhishTank
https://seuatendimento.facilitegroup.com.br/acessando-pf-ou-pj/?333140350,Malicious,PhishTank
https://2f4uih.share-eu1.hsforms.com/2fIS-r2DwQqm885ZGoy1QAQ,Malicious,PhishTank
https://2f4lhg.share-eu1.hsforms.com/2Jyw-BcsCRLWY99-1Agl-7w,Malicious,PhishTank
https://btnotice32.wixsite.com/my-site,Malicious,PhishTank
https://dorothypandorasbox.wixsite.com/my-site-1,Malicious,PhishTank
https://barbaragow.wixsite.com/my-site-1,Malicious,PhishTank
https://homertyuuy.weeblysite.com/,Malicious,PhishTank
https://vcbf43.weebly.com/,Malicious,PhishTank
https://hjgfhjgf-108619.weeblysite.com/,Malicious,PhishTank
https://2sjnj3.sbs/9capomfl/hmuc7Q/7,Malicious,PhishTank
https://4uhgu4.cfd/9capomfl/hmuc7Q/7,Malicious,PhishTank
https://1gvv7g.cfd/9capomfl/hmuc7Q/7,Malicious,PhishTank
https://jn4v3wv.sbs/9capomfl/hmuc7Q/7,Malicious,PhishTank
https://acesso24horas.com/,Malicious,PhishTank
https://mondial-relay.info/index.php,Malicious,PhishTank
https://sector.batttleface.com/09er87fyudhjdxcbhvgfqwtyer478,Malicious,PhishTank
https://www.hrrnva.com/,Malicious,PhishTank
http://www.ontechpremises.org/,Malicious,PhishTank
https://derfszdfhsfghddsdfvedrfdc.weebly.com,Malicious,PhishTank
https://ultrbhd2025multipl.liveblog365.com/,Malicious,PhishTank
https://vfrhjrtjfwwettgonline.com/,Malicious,PhishTank
https://accountcenter-statunor-fds270v9c.netlify.app/,Malicious,PhishTank
https://funds-k7d9.vercel.app/,Malicious,PhishTank
https://fuaskp.icu/inbox,Malicious,PhishTank
https://heishiwan.com/www.aeon.co.jp/,Malicious,PhishTank
https://33binuw.cyou/ETGate/,Malicious,PhishTank
https://log0n.lemosservicegroup.com/log0n/dendjp/index.html#aaaa@example.jp,Malicious,PhishTank
https://www.sbisec.co.jp.frgjecuddk.cyou/v2/check,Malicious,PhishTank
https://www.sbisec.co.jp.ozzlzxltrf.cyou/ETGate/,Malicious,PhishTank
https://paag008.me/v1/check,Malicious,PhishTank
http://allegrolokalnie.pl-oferta864264318934.shop,Malicious,PhishTank
https://4-178-106-83.cprapid.com/de/update.php,Malicious,PhishTank
https://salvident.com/pza0022/Sites/index.html,Malicious,PhishTank
https://ikivis.com/jp/,Malicious,PhishTank
https://www.freitasemoraes.com.br//plala.or/Sites//index.html,Malicious,PhishTank
https://webbdeemitgliedd.weebly.com/,Malicious,PhishTank
https://docs.google.com/presentation/d/e/2PACX-1vRR2BTw4_zNUqaMRF2_IIkGwNPfktbBS6mWvHviV2-Zohm0Gvi1uwAI4wt4CdkHs8Cv9e3kN68DpXxG/pub?start=false&amp;loop=false&amp;delayms=3000,Malicious,PhishTank
https://best--ledgerlive-app---us.webflow.io/,Malicious,PhishTank
https://allegrolokalnie.pl-oferta0164280.shop,Malicious,PhishTank
https://vincipeages-impaye-fr.com/as.php,Malicious,PhishTank
https://consignes-vinci.com/,Malicious,PhishTank
https://tinyurl.com/2ruspe8e,Malicious,PhishTank
https://63xy6p.top/v1/check,Malicious,PhishTank
https://fastswap-v2.vercel.app/,Malicious,PhishTank
https://redistribution-locker-assistance.com/as.php,Malicious,PhishTank
https://despachantepe.com.br/Webmail/30/Webmail/webmail.php,Malicious,PhishTank
https://plkjhcc.weebly.com/,Malicious,PhishTank
https://nfz-pl.ddns-ip.net/MJ/ALNZ/HU/,Malicious,PhishTank
https://www.dropbox.com/scl/fi/iic5btrkvumkc1sfzefxw/BT-NEW-SECURITY-FEATURES-..papert?rlkey=ij9heg0tddevqoek3q94lj8uh&dl=0,Malicious,PhishTank
https://comels.weebly.com,Malicious,PhishTank
https://www.dropbox.com/scl/fi/rz6rnaenmbjwfoofhpt69/BT-VOICE-NOTIFICATION.papert?rlkey=y0fs45yuak6rjm5zijcujvnxp&dl=0,Malicious,PhishTank
https://extension-coins-com-auth.pages.dev/,Malicious,PhishTank
https://psee.io/6rs6r9,Malicious,PhishTank
https://qrco.de/bfJwg2,Malicious,PhishTank
https://fr-pickup-espace.com/,Malicious,PhishTank
https://auth-r-sso-bb-bitmrt.webflow.io/,Malicious,PhishTank
https://feeeequy3.weebly.com/,Malicious,PhishTank
https://secure-onedive.pages.dev/,Malicious,PhishTank
https://blaze-earn.net,Malicious,PhishTank
https://tinyurl.com/ibtnrmwrdvb9,Malicious,PhishTank
http://learn-en-treezzzrors.webflow.io,Malicious,PhishTank
http://res01ve-rpcdebug.pages.dev/,Malicious,PhishTank
https://trustnwallet.cc/_next/Verify.php,Malicious,PhishTank
https://scanned.page/p/1bUdgS,Malicious,PhishTank
https://docs.google.com/presentation/d/e/2PACX-1vQ-wdVfLyWmQTyllKXLQJ7XdbMMFdthpwfaB6FFxWVgzMfbOs31Rd84QhgevMWeADQ20rAnqVQFGvSL/pub?start=false&amp;loop=false&amp;delayms=3000,Malicious,PhishTank
http://smbc-card237.club,Malicious,PhishTank
https://housecancer.com/auth/screen/,Malicious,PhishTank
https://ezdrivema.com-xiiizk.vip/,Malicious,PhishTank
https://seevviices.weebly.com/,Malicious,PhishTank
https://netzero-webmail-108555.weeblysite.com/,Malicious,PhishTank
https://authledger---livwallet.webflow.io/,Malicious,PhishTank
http://lite.evernote.com/note/cd3d6d9b-a1d3-f533-ac67-e510298f1aa5,Malicious,PhishTank
http://allegro.pl-oferta9054733.icu,Malicious,PhishTank
https://bit.ly/40qPWpE,Malicious,PhishTank
https://juno-102941.weeblysite.com/,Malicious,PhishTank
https://qrco.de/bfI7wK,Malicious,PhishTank
https://wel-metamask-login.pages.dev/,Malicious,PhishTank
https://docs.google.com/presentation/d/e/2PACX-1vQm1zATt-auPWAvVoT23HQBsfyifh9rQJ5IXcExP0omo7IZ8aLGrJOVgcCZqPRAQzyhCaVMkhVH0LJ0/pub?start=false&amp;loop=false&amp;delayms=3000&amp;slide=id.p,Malicious,PhishTank
https://tinyurl.com/2766rkjv,Malicious,PhishTank
https://spacesailer27.org.au/see/index.html,Malicious,PhishTank
https://mail.atn.ndh.mybluehost.me/wp-admin/delivery/fedex.htm,Malicious,PhishTank
https://artsy-journey-247696.framer.app/,Malicious,PhishTank
https://9lick.me/cl6880210/qRbBc,Malicious,PhishTank
https://secure-coinbase-com-ext.free.site.pro/,Malicious,PhishTank
https://www.smcbnokkiemailerz5.com,Malicious,PhishTank
https://vk.cc/cNJaMK,Malicious,PhishTank
https://service.my-cloud-mail.com/XNGZkb1hsQ1RISmJkdGgwcmJXSU5DMmpsb0MwWUdDWkZwUnNNaXlIQTJUeitqcHNJY1laNS84NUZnTW43eXk0UWRwM2ZzL0hzVklWVlV0L01zTDdicldVbktvdTJEcTZUT1k0RllCL2VVZmEwdlZQVUl1c1QxampFYkFXUGhXRk5wbEI3TmR1YlRuU1cvMXpuL3BDTzJTR3VHSk51N2xYVXlxeGVTZ2NVRzBOZ2lQdDNORDFtSG8yWlRYUT0tLUpyNDltOFpKSXA2Z0daZDktLWZScVRIY1BXSXp0Z2JXWEdjYlFZZUE9PQ==?cid=2124184811,Malicious,PhishTank
https://txtbfqi42.ukit.me/,Malicious,PhishTank
https://coaccorpotranst.fin.ec/plalalID/sso.login/login2.php,Malicious,PhishTank
https://sportybetbalanceadderbonuswebsite.weebly.com/,Malicious,PhishTank
https://www.gio-trade.com/,Malicious,PhishTank
https://alotear.walletlote.com.br/mov/AQWXXXKSDF64326428342342374283HJSDFSDJFJDSFNSDFDFSD423434/wisenew/,Malicious,PhishTank
https://www.smibciosec.kirstenao.com,Malicious,PhishTank
https://japan-aotucheck.index-sign.t17z3x.top/lwrrgdy5&amp;callImType=2&amp;delayTime=31&amp;roleValue=1&amp;roleData=7170&amp;translateSwitch=5&amp;isSsc=2/,Malicious,PhishTank
https://forms.office.com/pages/responsepage.aspx?id=DQSIkWdsW0yxEjajBLZtrQAAAAAAAAAAAAN__ml3rhlUQkdEVjBaVkY4TDhIQUZTSkw0R0syQVdCMi4u&amp;fbclid=IwAR0IzZs-HP584RrXzoSd7stvUZ61a-uxjoWsb1FVxh0zyHVT7Cnec0Y43d8,Malicious,PhishTank
https://davescetlem.firebaseapp.com/,Malicious,PhishTank
https://vpassmkcessrieradyjp.cfd/v2/check,Malicious,PhishTank
https://sky-108991.weeblysite.com/,Malicious,PhishTank
https://us2.campaign-archive.com/?u=a9aa26b3981d6e8a97a70892f&id=f973d7fb15,Malicious,PhishTank
https://docs.google.com/drawings/d/1LDx9BSxc1JAPkLsvK-ZNJRvX9KJAhltZ2KX6rGxKiIg/edit,Malicious,PhishTank
https://mentorship3211.firebaseapp.com/,Malicious,PhishTank
https://allegrolokalnie.pl-92854.cfd,Malicious,PhishTank
https://rare-freckle-chip.glitch.me/dgddhdh.html#redacted@abuse.ionos.com,Malicious,PhishTank
https://messageriewebsupprt3.weebly.com/,Malicious,PhishTank
https://ln.run/irbZ5,Malicious,PhishTank
https://old.vitvarudelen.se/india/,Malicious,PhishTank
http://email.about.me/c/eJyMks9uozwUxZ_GbKJGxsZgFiwSSNR-7df_akfdIGMujVuwkTFM0qcfOVE0ZDcSEva5Px-fe2Upul6oT43Y-rwsVY1YkUUpJZQHMwA6odpyGKsvkM4jKFmjZD0OYJeNsoO7Fx2gpPAfyRdqWLidcIuDGRHdLtCGoDRHfD237K3xZqX2J1mRPVpTj9Ipo-eUBal6BdqVtemE0p789GGW0nRzcJbNl_81hYOub4WDWQw1CXlYbLzLBXnoj8CrFXoQx6DiApiEVcLLnsqNdta0QZ2FCeUkgOM_pCnhSbDLsIS4TmuZch6yELM4lVGYsqpKoSFC0EBlBBOGQ5JiTjhOlk0SM8F5DDEPQwIJirCozOiWHQRttnOuHxBdIbJFZHsu-B3djq4rBzNaCYgWE1iDSOy1Dmo1dogWcBrYUZRGO9AO0UKeOjjr5z5psTnhjOA3sKpR8tT0iXNgveXFkBCJ_bXee0K0yJv8Lv78gRrutM6r27f98_B9R9-b-mb9XBJBX1arVpfF2MvmN2P8ZR99XP2Yh_fJvj7d9tvXzXT_cv3xpPg3weYx-q9XE9y8xVe_4Pp_gg_XD44V8eFrlWNEGC0Cm0mjtYJK7FOMIvz3_bjMBwtcVsFOTMqMVrTBlJE_AQAA___vjQX5,Malicious,PhishTank
https://4avga.lat/j3dfiuni/V6PQLg/7,Malicious,PhishTank
https://docs.google.com/presentation/d/e/2PACX-1vQf8cdPZVvqlVQ50niIyn75gtflYhH3UP2TQFaVNuLoWpzXit9sXMbKJB09PW1cByKXFU8Dosemueen/pub?start=false&amp;loop=false&amp;delayms=3000,Malicious,PhishTank
https://ppt.cc/f5xcIx,Malicious,PhishTank
https://lidercondominiosc.com.br/,Malicious,PhishTank
https://btsitehtfg.weebly.com/,Malicious,PhishTank
https://docs.google.com/drawings/d/1g6Z7axdBRJZIo7ztiTfznECZ8M6bepohVUujcsDJL6c/edit,Malicious,PhishTank
https://www.primetrusti.com/home/business-banking,Malicious,PhishTank
https://bit.ly/49sStlz,Malicious,PhishTank
https://portal-amb.web.app/,Malicious,PhishTank
http://wp-login.azurewebsites.net/rejestracja.html,Malicious,PhishTank
https://shelaalban55.github.io/fhg/VTG.htm,Malicious,PhishTank
https://lx-89f3.firebaseapp.com/,Malicious,PhishTank
http://hapvidacaruaru.imperiocorretora.com.br/,Malicious,PhishTank
https://tinyurl.com/msbk8cse,Malicious,PhishTank
https://fosa.formstack.com/forms/hg,Malicious,PhishTank
https://jp.nomurasecurities.click,Malicious,PhishTank
https://att-107120.weeblysite.com/,Malicious,PhishTank
https://robiox.pk/games/126884695634066/Grow-a-Garden?privateServerLinkCode=24110356261843042833886542805917,Malicious,PhishTank
https://my-site-107047-107653.weeblysite.com/,Malicious,PhishTank
https://vystar-member1.firebaseapp.com/,Malicious,PhishTank
https://jg05mtfj.duckdns.org/,Malicious,PhishTank
http://zuza.stefek.szczecin.pl/Webmail/79/Webmail/webmail.php,Malicious,PhishTank
https://3-71-85-186.cprapid.com/app/,Malicious,PhishTank
https://2e86bb79435837606.temporary.link/?qldao,Malicious,PhishTank
https://zmrnm.cn/FYJXdO,Malicious,PhishTank
https://technologyyservicshhhporackspcearackspacessraww.weebly.com/,Malicious,PhishTank
https://app-ing.direct-ayuda.com,Malicious,PhishTank
https://bit.ly/4etRUK8,Malicious,PhishTank
https://docs.google.com/presentation/d/e/2PACX-1vQp78sLf2D12BFsVU4F6JW81ibZWPEThJ2d8BAQxHH6-te3YeESTW9N2rgYVA4VNExib168cfAl7X3-/pub?start=true&amp;loop=true&amp;delayms=3000&amp;slide=id.p,Malicious,PhishTank
https://suitee-trazor.webflow.io/,Malicious,PhishTank
http://marketplace-items-8236236458.hstn.me/?i=1,Malicious,PhishTank
https://jxyjk.cn/login=taOdOW4eyM/aipf/tra/flolw/aputh,Malicious,PhishTank
https://uiys-regularisation.com/as.php,Malicious,PhishTank
https://serviziunir.weebly.com/,Malicious,PhishTank
https://www.sasda.online/indexmc.php,Malicious,PhishTank
https://metafb-rdek30m.web.app/,Malicious,PhishTank
https://servicefbhelpmeta.web.app/,Malicious,PhishTank
https://inposdom.gobup.top/,Malicious,PhishTank
https://videotron4.godaddysites.com/,Malicious,PhishTank
https://n07ukcgs2x2.typeform.com/ATTsecureportal,Malicious,PhishTank
https://miaobixia.com/?param=value&amp;ds_dest_url=https://skinsmonkey.com/%3Fgad_source%3D1%26gad_campaignid%3D22496897641%26gbraid%3D0AAAAABv4e9PAoi2smxJIdjmyl0Ugbf-V3&amp;gclid=Cj0KCQjww-HABhCGARIsALLO6XzwofvsLybYTFdx3rWbvRlq-RdIgW_FF8rlveDz-qZnkRn7WorT8yoaAkDzEALw_wcB&amp;gclsrc=ds,Malicious,PhishTank
https://officialedger-com-start.webflow.io/,Malicious,PhishTank
https://trial-eum-clientnsv4-s.akamaihd.net/eum/getdns.txt?c=pbfkp9vh9,Malicious,PhishTank
https://pfeqy.cn/OACfT6,Malicious,PhishTank
https://n4tcional-bn1.weebly.com,Malicious,PhishTank
https://attrapperprendres.firebaseapp.com/,Malicious,PhishTank
https://learn-ledger-live-auth.webflow.io/,Malicious,PhishTank
https://9bgi0im7.top/DyIBDPO9HV/login&amp;getFlg=on/,Malicious,PhishTank
https://gertiopmertindsrer.weebly.com/,Malicious,PhishTank
https://ipfs.io/ipfs/QmYPd1dR4a1qEbnUcRWr1EkgtowxSYDXWK9zwRB6KHgA8W,Malicious,PhishTank
https://nx.tn/MHnNl,Malicious,PhishTank
https://itdskbz3.web.app/,Malicious,PhishTank
https://q-r.to/bfKvAa,Malicious,PhishTank
https://l.ead.me/bfNvM2,Malicious,PhishTank
http://meszesma.hu/wp-content/plugins/nextgen-gallery/products/photocrati_nextgen/modules/nextgen_admin/static/gritter/defense.php?r=bD1odHRwczovL3dlc3VibWl0YXJ0aWNsZXMuY29tLz9lbT1ob2xhQGVsZXN0dWRpby5jb20,Malicious,PhishTank
https://centrum-105621.weeblysite.com/,Malicious,PhishTank
https://q-r.to/bfF2vU,Malicious,PhishTank
https://hihello.com:443/p/44e85a2b-7b74-4d8b-ab98-f0a9757cb987,Malicious,PhishTank
https://l.ead.me/bfJMgL,Malicious,PhishTank
https://swissbaorg-wallet.webflow.io/,Malicious,PhishTank
https://skyweely.weebly.com/,Malicious,PhishTank
https://tinyurl.com/2crzrwxo,Malicious,PhishTank
https://pdpmcoxqxa.duckdns.org,Malicious,PhishTank
https://jukenoaz.dxifqjo.sa.com/6y915yb2nih2i7?id=0ff0c1b980becdb125a8aee7-71dd0df393a35-878ad4f3de9e21-0d09e3d9-50a376e6b03236-c8cf642116d0-5b178d430c71-1d008b2710f823a-5d178ec493a8cb5-ace6fa918c-8a6ef2461-8e7f2332e6e7c-c0fdb10e683368c10c6,Malicious,PhishTank
http://megalink.io/btintr,Malicious,PhishTank
http://jmhhea.club,Malicious,PhishTank
https://yxcx11473.github.io/hyutg.github.io/IONOS.html,Malicious,PhishTank
https://frezkd.weebly.com/,Malicious,PhishTank
https://docs.google.com/drawings/d/1NudGdTkH0eEFnzziWwfcif2OKJC6D3IuTx1VcdvnTUs/edit,Malicious,PhishTank
http://allegro.pl-oferta7025273.icu,Malicious,PhishTank
https://tinyurl.com/4x83b7fe,Malicious,PhishTank
https://vanillagift.remadet.com/?gclid=EAIaIQobChMImf-IrveE_QIVEQKGCh3zvgk_EAAYASAAEgKgBvD_BwE,Malicious,PhishTank
https://gtnmyynm699777.weebly.com/,Malicious,PhishTank
https://prb-exped.com/reprogrammation,Malicious,PhishTank
https://new.express.adobe.com/webpage/agR1hyjX0b7IS,Malicious,PhishTank
https://qrco.de/bfoKx9,Malicious,PhishTank
https://bit.ly/41ghDBX,Malicious,PhishTank
https://lanaselsy.com/wp-admin/type.php?r=bD1odHRwczovL2RxcmRidi5jb20v,Malicious,PhishTank
https://promerllca-servicios784.vercel.app,Malicious,PhishTank
https://allegro.pl-oferta5827400.icu/,Malicious,PhishTank
https://q-r.to/bfJ1Ub,Malicious,PhishTank
https://pub-30c4d31a268d4f42bc038673bc5c240f.r2.dev/index.html,Malicious,PhishTank
https://magic.ly/mailforattuserupdate,Malicious,PhishTank
https://hm.ru/DKa7fe,Malicious,PhishTank
https://my-site-108959.weeblysite.com/,Malicious,PhishTank
https://app.resgatagora.live,Malicious,PhishTank
https://seguridad-ingclientes.com/es/,Malicious,PhishTank
https://young-lying-sea.glitch.me/zee.html,Malicious,PhishTank
https://l.ead.me/bfIzNF,Malicious,PhishTank
https://ledger-live-secure.com/,Malicious,PhishTank
https://iuminsu.com/scheduled/,Malicious,PhishTank
https://us12.campaign-archive.com/?u=53f3dd3e065f4a0ea69c0bda3&id=9dada2f84e,Malicious,PhishTank
https://docs.google.com/presentation/d/e/2PACX-1vQKSbaujXmpQX1T59LnE4duaGf3uDwCFRMGkhzTavLw3i6lzVqOLleFLJpXVX1Quox78-gyDQfRqDfR/pub?start=false&loop=false&delayms=3000&slide=id.p%3E,Malicious,PhishTank
https://log-kucoin-us.webflow.io/,Malicious,PhishTank
http://gmilku.cn/koljin/tep/direct/loging/shink=A4MzY/,Malicious,PhishTank
https://smbc-cardfive.click/bot-check,Malicious,PhishTank
https://new.express.adobe.com/webpage/Nia4tr3pPYZCy,Malicious,PhishTank
https://ipfs.best-practice.se/ipfs/bafybeibjaza7liprcmpwtjf2k4btvsyka4kfmauug5q6f2sikmlpz774uy/index.html,Malicious,PhishTank
https://ingresa-ashen.vercel.app/,Malicious,PhishTank
https://assistance-redistribution-lockers.com/as.php,Malicious,PhishTank
https://tt-100377.weeblysite.com/,Malicious,PhishTank
https://sbisec-co.guanlixi.net/ETGate/?autumn_sbi=XDzxHv5vhmS3HQJqFgtqepEf,Malicious,PhishTank
http://allegro.pl-kategorie62692641836.icu,Malicious,PhishTank
https://trzerr-loginn-us.pages.dev/,Malicious,PhishTank
https://qaawdx.cn/GTzHmd,Malicious,PhishTank
https://tinyurl.com/mt8dpwwn,Malicious,PhishTank
https://script.google.com/macros/s/AKfycbzJLsKDwPSto4cfDFIjXbk93dwjcTPQl1achLs2cAavwUlFKq8KX2CcMmIFWlfXcxT-Cw/exec,Malicious,PhishTank
https://wallet-magiceden-io.webflow.io/,Malicious,PhishTank
https://alton106c.wixsite.com/my-site-1,Malicious,PhishTank
https://www-acheminement-lundi.com/as.php,Malicious,PhishTank
https://new-9c2.pages.dev/,Malicious,PhishTank
https://eu.jotform.com/app/251841206894360,Malicious,PhishTank
https://new.express.adobe.com/webpage/sTqRW58XmbLAH,Malicious,PhishTank
https://allegrolokalnie.pl-oferta5838573.icu,Malicious,PhishTank
http://nashvillefix.com/,Malicious,PhishTank
https://kakkmednsbxsgedf.weebly.com/,Malicious,PhishTank
https://fvfsre43bahu.weebly.com/,Malicious,PhishTank
http://anandsr-dev.github.io/facebookclone/,Malicious,PhishTank
http://allegrolokalnie.pl-oferta0288047.icu/,Malicious,PhishTank
https://auth-s-start-treizor.webflow.io/,Malicious,PhishTank
https://qr.de/TAvHEu,Malicious,PhishTank
https://romaonlieneaccessonline.weebly.com/,Malicious,PhishTank
http://en-torzer-suite.github.io,Malicious,PhishTank
https://docs.google.com/drawings/d/1OwAoZ9SN9Jpohrl2HEALUjgjyZXer-CMOJDPD07Us6w/edit,Malicious,PhishTank
https://docs.google.com/drawings/d/1ir6YsDeMKrZCq35XDI-immVPDEnYZL1vx5xbHkPR-Fc/edit,Malicious,PhishTank
https://78148122412-than24jam.start.page/,Malicious,PhishTank
https://fqrfx.cn/FYJXdO/,Malicious,PhishTank
https://prio-dispatch.com/,Malicious,PhishTank
https://www.linkedin.com/in/lisawildman,Clean,
https://www.linkedin.com/in/lizcadena,Clean,
https://www.linkedin.com/in/lohlman3,Clean,
https://www.linkedin.com/in/lorenapetersen,Clean,
https://www.linkedin.com/in/lynchjtx,Clean,
https://www.linkedin.com/in/lynettepope,Clean,
https://www.linkedin.com/in/maggiewalters,Clean,
https://www.linkedin.com/in/maggiewilliams,Clean,
https://www.linkedin.com/in/manuelzavala,Clean,
https://www.linkedin.com/in/marcusfoster,Clean,
https://www.linkedin.com/in/marcvoyer,Clean,
https://www.linkedin.com/in/margaretgraves,Clean,
https://www.linkedin.com/in/mariasciortino,Clean,
https://www.linkedin.com/in/mariecyr,Clean,
https://www.linkedin.com/in/marionadon,Clean,
https://www.linkedin.com/in/markrobson24,Clean,
https://www.linkedin.com/in/markscott,Clean,
https://www.linkedin.com/in/marloweweisman,Clean,
https://www.linkedin.com/in/match411,Clean,
https://www.linkedin.com/in/mattcrittenden,Clean,
https://www.linkedin.com/in/matthewdoctor,Clean,
https://www.linkedin.com/in/matthewdube,Clean,
https://www.linkedin.com/in/matthewlombardinyc,Clean,
https://www.linkedin.com/in/matthewpryor,Clean,
https://www.linkedin.com/in/matthewthomashamilton,Clean,
https://www.linkedin.com/in/matthuffmaninsurance,Clean,
https://www.linkedin.com/in/mattsheridan,Clean,
https://www.linkedin.com/in/maverickwilliams,Clean,
https://www.linkedin.com/in/maxvasquez,Clean,
https://www.linkedin.com/in/mcgowanproperties,Clean,
https://www.linkedin.com/in/meganmarshall,Clean,
https://www.linkedin.com/in/melaniekmorgan,Clean,
https://www.linkedin.com/in/melanierussell,Clean,
https://www.linkedin.com/in/melissaerickson,Clean,
https://www.linkedin.com/in/melvinlmosley,Clean,
https://www.linkedin.com/in/michaelcairns,Clean,
https://www.linkedin.com/in/michaeldcarleton,Clean,
https://www.linkedin.com/in/michaelgraziano,Clean,
https://www.linkedin.com/in/michaelkirby1,Clean,
https://www.linkedin.com/in/michaelmeighen,Clean,
https://www.linkedin.com/in/michaelpkirby,Clean,
https://www.linkedin.com/in/michaelrichards,Clean,
https://www.linkedin.com/in/michaelwaynephotography,Clean,
https://www.linkedin.com/in/michaelwillits,Clean,
https://www.linkedin.com/in/michelerosewoman,Clean,
https://www.linkedin.com/in/michelhenein,Clean,
https://www.linkedin.com/in/michellacombe,Clean,
https://www.linkedin.com/in/mikeeng401,Clean,
https://www.linkedin.com/in/mikegrant,Clean,
https://www.linkedin.com/in/mikeolivieri,Clean,
https://www.linkedin.com/in/missrogue,Clean,
https://www.linkedin.com/in/mlrvpl,Clean,
https://www.linkedin.com/in/monicawoods,Clean,
https://www.linkedin.com/in/monsieurdavid,Clean,
https://www.linkedin.com/in/morganmelanie,Clean,
https://www.linkedin.com/in/mskousen,Clean,
https://www.linkedin.com/in/mtholland999,Clean,
https://www.linkedin.com/in/murdockn,Clean,
https://www.linkedin.com/in/mvgeoscience,Clean,
https://www.linkedin.com/in/mvincentmorin,Clean,
https://www.linkedin.com/in/naralokesh,Clean,
https://www.linkedin.com/in/negotiatingwithgiants,Clean,
https://www.linkedin.com/in/neilbrady,Clean,
https://www.linkedin.com/in/neilconnolly,Clean,
https://www.linkedin.com/in/neilodonnell,Clean,
https://www.linkedin.com/in/ngirard,Clean,
https://www.linkedin.com/in/nicolasgaudreau,Clean,
https://www.linkedin.com/in/nine12records,Clean,
https://www.linkedin.com/in/noahrosenthal,Clean,
https://www.linkedin.com/in/noraferrell,Clean,
https://www.linkedin.com/in/normanlewis,Clean,
https://www.linkedin.com/in/obiadisaasad,Clean,
https://www.linkedin.com/in/opeterson,Clean,
https://www.linkedin.com/in/oscarlpeterson,Clean,
https://www.linkedin.com/in/pabloherman,Clean,
https://www.linkedin.com/in/patburnsspencer,Clean,
https://www.linkedin.com/in/patrickjmusic,Clean,
https://www.linkedin.com/in/patrickrieger,Clean,
https://www.linkedin.com/in/paulangles,Clean,
https://www.linkedin.com/in/paulcchambers,Clean,
https://www.linkedin.com/in/pauldavid,Clean,
https://www.linkedin.com/in/paulgleason,Clean,
https://www.linkedin.com/in/paulhhenning,Clean,
https://www.linkedin.com/in/paulmdavid,Clean,
https://www.linkedin.com/in/paulpierce,Clean,
https://www.linkedin.com/in/paulrouleau,Clean,
https://www.linkedin.com/in/paulwgregoire,Clean,
https://www.linkedin.com/in/pcwllc,Clean,
https://www.linkedin.com/in/petelevine,Clean,
https://www.linkedin.com/in/peter8lloyd,Clean,
https://www.linkedin.com/in/petercullen,Clean,
https://www.linkedin.com/in/petercwhite,Clean,
https://www.linkedin.com/in/peterdorman,Clean,
https://www.linkedin.com/in/petergoodmantriplegood,Clean,
https://www.linkedin.com/in/petermcgill,Clean,
https://www.linkedin.com/in/petertstark,Clean,
https://www.linkedin.com/in/pgelinas,Clean,
https://www.linkedin.com/in/philiperne,Clean,
https://www.linkedin.com/in/pierrebourcier,Clean,
https://www.linkedin.com/in/pierredesjardins,Clean,
https://www.linkedin.com/in/pierredorion,Clean,
https://www.linkedin.com/in/pierreedouardsterin,Clean,
https://www.linkedin.com/in/piperdellums1123,Clean,
https://www.linkedin.com/in/playnoevil,Clean,
https://www.linkedin.com/in/princetonacademicgroup,Clean,
https://www.linkedin.com/in/psychocoder,Clean,
https://www.linkedin.com/in/pushdesign,Clean,